date,act_symbol,expiration,strike,call_put,bid,ask,vol,delta,gamma,theta,vega,rho
2026-01-01,XES,2026-01-16,60.00,Call,21.20,23.70,0.9664,0.9469,0.0060,-0.0392,0.0174,0.0243
2026-01-01,XES,2026-01-16,60.00,Put,0.00,0.75,1.1464,-0.0764,0.0072,-0.0893,0.0247,-0.0030
2026-01-01,XES,2026-01-16,65.00,Call,15.20,18.89,0.8387,0.9184,0.0100,-0.0528,0.0250,0.0254
2026-01-01,XES,2026-01-16,65.00,Put,0.05,0.35,0.9187,-0.0944,0.0106,-0.0842,0.0289,-0.0037
2026-01-01,XES,2026-01-16,69.00,Call,11.19,14.80,0.7366,0.8825,0.0151,-0.0642,0.0331,0.0257
2026-01-01,XES,2026-01-16,69.00,Put,0.00,0.75,0.7366,-0.1135,0.0151,-0.0774,0.0331,-0.0044
2026-01-01,XES,2026-01-16,70.00,Call,11.30,13.80,0.5972,0.9061,0.0157,-0.0400,0.0279,0.0271
2026-01-01,XES,2026-01-16,70.00,Put,0.00,0.75,0.6925,-0.1197,0.0167,-0.0757,0.0343,-0.0046
2026-01-01,XES,2026-01-16,72.00,Call,9.00,12.00,0.4992,0.9014,0.0195,-0.0334,0.0290,0.0279
2026-01-01,XES,2026-01-16,72.00,Put,0.00,0.75,0.6042,-0.1342,0.0208,-0.0719,0.0375,-0.0051
2026-01-01,XES,2026-01-16,74.00,Call,7.00,10.00,0.4196,0.8869,0.0258,-0.0307,0.0321,0.0282
2026-01-01,XES,2026-01-16,74.00,Put,0.00,0.75,0.5160,-0.1538,0.0266,-0.0675,0.0408,-0.0058
2026-01-01,XES,2026-01-16,75.00,Call,6.00,9.00,0.3796,0.8776,0.0302,-0.0292,0.0341,0.0283
2026-01-01,XES,2026-01-16,75.00,Put,0.00,0.75,0.4713,-0.1654,0.0306,-0.0651,0.0424,-0.0062
2026-01-01,XES,2026-01-16,77.00,Call,4.40,6.80,0.3231,0.8343,0.0439,-0.0320,0.0421,0.0276
2026-01-01,XES,2026-01-16,77.00,Put,0.00,0.95,0.4209,-0.2182,0.0407,-0.0694,0.0509,-0.0082
2026-01-01,XES,2026-01-16,79.00,Call,3.00,5.80,0.3792,0.6982,0.0529,-0.0618,0.0595,0.0232
2026-01-01,XES,2026-01-16,79.00,Put,0.25,1.50,0.3079,-0.2622,0.0614,-0.0571,0.0555,-0.0098
2026-01-01,XES,2026-01-16,80.00,Call,2.35,4.30,0.3108,0.6652,0.0675,-0.0522,0.0623,0.0225
2026-01-01,XES,2026-01-16,80.00,Put,0.70,1.60,0.3008,-0.3261,0.0696,-0.0622,0.0620,-0.0122
2026-01-01,XES,2026-01-16,81.00,Call,1.80,3.60,0.3080,0.5943,0.0726,-0.0566,0.0664,0.0202
2026-01-01,XES,2026-01-16,81.00,Put,0.20,2.70,0.2875,-0.3965,0.0778,-0.0643,0.0665,-0.0148
2026-01-01,XES,2026-01-16,82.00,Call,1.35,3.20,0.3238,0.5199,0.0710,-0.0627,0.0683,0.0177
2026-01-01,XES,2026-01-16,82.00,Put,1.40,3.00,0.3297,-0.4759,0.0701,-0.0761,0.0684,-0.0180
2026-01-01,XES,2026-01-16,83.00,Call,1.00,2.90,0.3435,0.4533,0.0667,-0.0674,0.0680,0.0155
2026-01-01,XES,2026-01-16,83.00,Put,1.00,4.00,0.2945,-0.5543,0.0778,-0.0689,0.0677,-0.0210
2026-01-01,XES,2026-01-16,84.00,Call,0.10,2.40,0.2966,0.3678,0.0735,-0.0555,0.0647,0.0127
2026-01-01,XES,2026-01-16,84.00,Put,2.20,4.00,0.2919,-0.6306,0.0748,-0.0663,0.0643,-0.0240
2026-01-01,XES,2026-01-16,85.00,Call,0.05,1.45,0.2644,0.2747,0.0730,-0.0440,0.0573,0.0095
2026-01-01,XES,2026-01-16,85.00,Put,2.80,4.90,0.3023,-0.6936,0.0671,-0.0648,0.0607,-0.0266
2026-01-01,XES,2026-01-16,87.00,Call,0.05,1.15,0.3183,0.2015,0.0511,-0.0456,0.0483,0.0070
2026-01-01,XES,2026-01-16,87.00,Put,4.30,6.70,0.3235,-0.7906,0.0511,-0.0585,0.0487,-0.0309
2026-01-01,XES,2026-01-16,89.00,Call,0.00,0.95,0.4646,0.2172,0.0366,-0.0707,0.0505,0.0074
2026-01-01,XES,2026-01-16,89.00,Put,5.50,7.90,0.4646,-0.7788,0.0366,-0.0818,0.0505,-0.0315
2026-01-01,XES,2026-01-16,90.00,Call,0.00,0.75,0.4591,0.1819,0.0333,-0.0629,0.0454,0.0062
2026-01-01,XES,2026-01-16,90.00,Put,6.40,9.80,0.3217,-0.9041,0.0297,-0.0384,0.0283,-0.0361
2026-01-01,XES,2026-01-16,95.00,Call,0.00,0.75,0.6200,0.1445,0.0212,-0.0740,0.0391,0.0048
2026-01-01,XES,2026-01-16,95.00,Put,11.40,14.00,0.6200,-0.8515,0.0212,-0.0845,0.0391,-0.0366
2026-01-01,XES,2026-02-20,65.00,Call,15.60,19.39,0.4624,0.9170,0.0099,-0.0137,0.0434,0.0810
2026-01-01,XES,2026-02-20,65.00,Put,0.00,0.75,0.5123,-0.0937,0.0105,-0.0261,0.0513,-0.0118
2026-01-01,XES,2026-02-20,69.00,Call,12.00,15.50,0.4109,0.8791,0.0151,-0.0182,0.0588,0.0818
2026-01-01,XES,2026-02-20,69.00,Put,0.05,1.05,0.3761,-0.0949,0.0146,-0.0195,0.0521,-0.0115
2026-01-01,XES,2026-02-20,70.00,Call,12.20,14.70,0.4865,0.8263,0.0165,-0.0312,0.0763,0.0762
2026-01-01,XES,2026-02-20,70.00,Put,0.10,1.35,0.3834,-0.1176,0.0166,-0.0232,0.0605,-0.0145
2026-01-01,XES,2026-02-20,72.00,Call,9.20,12.80,0.3706,0.8381,0.0207,-0.0214,0.0727,0.0810
2026-01-01,XES,2026-02-20,72.00,Put,0.30,2.00,0.3938,-0.1663,0.0205,-0.0302,0.0765,-0.0207
2026-01-01,XES,2026-02-20,74.00,Call,8.00,11.00,0.3768,0.7835,0.0246,-0.0279,0.0880,0.0768
2026-01-01,XES,2026-02-20,74.00,Put,0.05,2.00,0.3243,-0.1783,0.0261,-0.0262,0.0820,-0.0217
2026-01-01,XES,2026-02-20,75.00,Call,7.40,9.90,0.3636,0.7614,0.0270,-0.0288,0.0932,0.0754
2026-01-01,XES,2026-02-20,75.00,Put,0.95,1.45,0.3182,-0.2048,0.0290,-0.0280,0.0892,-0.0250
2026-01-01,XES,2026-02-20,77.00,Call,6.00,8.40,0.3565,0.7016,0.0310,-0.0327,0.1049,0.0706
2026-01-01,XES,2026-02-20,77.00,Put,0.40,3.00,0.3126,-0.2702,0.0343,-0.0322,0.1026,-0.0331
2026-01-01,XES,2026-02-20,79.00,Call,4.50,7.00,0.3382,0.6374,0.0355,-0.0342,0.1139,0.0652
2026-01-01,XES,2026-02-20,79.00,Put,1.00,4.00,0.3210,-0.3496,0.0374,-0.0371,0.1131,-0.0433
2026-01-01,XES,2026-02-20,80.00,Call,4.00,6.50,0.3443,0.5990,0.0360,-0.0364,0.1176,0.0615
2026-01-01,XES,2026-02-20,80.00,Put,2.00,3.30,0.2983,-0.3844,0.0415,-0.0358,0.1171,-0.0475
2026-01-01,XES,2026-02-20,81.00,Call,3.30,5.60,0.3219,0.5628,0.0393,-0.0348,0.1200,0.0585
2026-01-01,XES,2026-02-20,81.00,Put,2.40,4.00,0.3065,-0.4280,0.0415,-0.0378,0.1199,-0.0532
2026-01-01,XES,2026-02-20,82.00,Call,2.25,4.90,0.2908,0.5208,0.0441,-0.0318,0.1215,0.0549
2026-01-01,XES,2026-02-20,82.00,Put,2.10,4.90,0.2905,-0.4711,0.0443,-0.0365,0.1215,-0.0585
2026-01-01,XES,2026-02-20,83.00,Call,2.00,4.50,0.3017,0.4790,0.0426,-0.0334,0.1216,0.0505
2026-01-01,XES,2026-02-20,83.00,Put,3.30,5.00,0.2997,-0.5133,0.0430,-0.0378,0.1219,-0.0642
2026-01-01,XES,2026-02-20,84.00,Call,1.80,4.00,0.3071,0.4389,0.0414,-0.0339,0.1204,0.0464
2026-01-01,XES,2026-02-20,84.00,Put,3.90,6.00,0.3180,-0.5495,0.0402,-0.0397,0.1212,-0.0693
2026-01-01,XES,2026-02-20,85.00,Call,1.20,3.10,0.2752,0.3832,0.0448,-0.0295,0.1167,0.0410
2026-01-01,XES,2026-02-20,85.00,Put,4.40,6.80,0.3208,-0.5870,0.0391,-0.0395,0.1192,-0.0743
2026-01-01,XES,2026-02-20,87.00,Call,1.00,3.80,0.3532,0.3508,0.0339,-0.0374,0.1134,0.0369
2026-01-01,XES,2026-02-20,87.00,Put,5.50,8.00,0.3039,-0.6706,0.0383,-0.0352,0.1118,-0.0853
2026-01-01,XES,2026-02-20,89.00,Call,0.05,1.95,0.2671,0.2214,0.0360,-0.0227,0.0911,0.0240
2026-01-01,XES,2026-02-20,89.00,Put,6.90,8.40,0.2398,-0.7986,0.0371,-0.0227,0.0859,-0.1016
2026-01-01,XES,2026-02-20,90.00,Call,0.05,1.70,0.2735,0.1959,0.0327,-0.0217,0.0848,0.0213
2026-01-01,XES,2026-02-20,90.00,Put,7.10,9.90,0.2414,-0.8289,0.0330,-0.0208,0.0755,-0.1072
2026-01-01,XES,2026-02-20,95.00,Call,0.15,0.90,0.3139,0.1165,0.0202,-0.0179,0.0601,0.0126
2026-01-01,XES,2026-02-20,95.00,Put,11.30,14.80,0.2461,-0.9312,0.0158,-0.0118,0.0369,-0.1253
2026-01-02,XES,2026-01-16,60.00,Call,23.50,25.90,1.3412,0.9164,0.0067,-0.1008,0.0243,0.0200
2026-01-02,XES,2026-01-16,60.00,Put,0.00,0.75,1.3412,-0.0796,0.0067,-0.1178,0.0243,-0.0029
2026-01-02,XES,2026-01-16,65.00,Call,18.39,20.89,1.0681,0.9032,0.0094,-0.0890,0.0273,0.0215
2026-01-02,XES,2026-01-16,65.00,Put,0.05,0.10,1.0681,-0.0928,0.0094,-0.1055,0.0273,-0.0033
2026-01-02,XES,2026-01-16,69.00,Call,14.50,16.70,0.8584,0.8895,0.0129,-0.0780,0.0302,0.0227
2026-01-02,XES,2026-01-16,69.00,Put,0.00,0.75,0.8494,-0.1044,0.0129,-0.0917,0.0297,-0.0036
2026-01-02,XES,2026-01-16,70.00,Call,13.60,15.90,0.8578,0.8732,0.0143,-0.0881,0.0334,0.0224
2026-01-02,XES,2026-01-16,70.00,Put,0.00,0.75,0.8031,-0.1096,0.0141,-0.0900,0.0308,-0.0038
2026-01-02,XES,2026-01-16,72.00,Call,11.60,13.80,0.7470,0.8640,0.0173,-0.0798,0.0351,0.0229
2026-01-02,XES,2026-01-16,72.00,Put,0.00,0.75,0.7111,-0.1219,0.0172,-0.0861,0.0332,-0.0042
2026-01-02,XES,2026-01-16,74.00,Call,9.50,12.10,0.6775,0.8398,0.0214,-0.0818,0.0393,0.0229
2026-01-02,XES,2026-01-16,74.00,Put,0.00,0.75,0.6190,-0.1368,0.0215,-0.0817,0.0360,-0.0046
2026-01-02,XES,2026-01-16,77.00,Call,6.60,9.10,0.5413,0.8009,0.0309,-0.0751,0.0453,0.0228
2026-01-02,XES,2026-01-16,77.00,Put,0.00,0.75,0.4801,-0.1693,0.0320,-0.0738,0.0407,-0.0057
2026-01-02,XES,2026-01-16,78.00,Call,5.70,8.10,0.5012,0.7807,0.0353,-0.0738,0.0480,0.0225
2026-01-02,XES,2026-01-16,78.00,Put,0.00,1.00,0.4876,-0.2094,0.0359,-0.0856,0.0485,-0.0071
2026-01-02,XES,2026-01-16,80.00,Call,4.00,6.40,0.4513,0.7146,0.0453,-0.0783,0.0554,0.0210
2026-01-02,XES,2026-01-16,80.00,Put,0.05,2.00,0.3889,-0.2552,0.0502,-0.0771,0.0527,-0.0085
2026-01-02,XES,2026-01-16,82.00,Call,3.00,4.70,0.4383,0.6162,0.0526,-0.0884,0.0625,0.0183
2026-01-02,XES,2026-01-16,82.00,Put,0.60,2.65,0.3761,-0.3658,0.0608,-0.0885,0.0614,-0.0123
2026-01-02,XES,2026-01-16,83.00,Call,1.65,3.70,0.3424,0.5709,0.0693,-0.0700,0.0643,0.0173
2026-01-02,XES,2026-01-16,83.00,Put,0.80,2.90,0.3450,-0.4253,0.0691,-0.0856,0.0647,-0.0143
2026-01-02,XES,2026-01-16,84.00,Call,0.95,3.20,0.3286,0.4993,0.0734,-0.0692,0.0654,0.0153
2026-01-02,XES,2026-01-16,84.00,Put,1.05,3.40,0.3277,-0.4967,0.0740,-0.0839,0.0654,-0.0168
2026-01-02,XES,2026-01-16,85.00,Call,0.55,2.95,0.3463,0.4316,0.0687,-0.0732,0.0645,0.0132
2026-01-02,XES,2026-01-16,85.00,Put,1.70,3.70,0.3144,-0.5737,0.0757,-0.0805,0.0646,-0.0194
2026-01-02,XES,2026-01-16,86.00,Call,0.20,1.95,0.2923,0.3377,0.0757,-0.0575,0.0600,0.0104
2026-01-02,XES,2026-01-16,86.00,Put,2.20,4.20,0.2922,-0.6583,0.0757,-0.0719,0.0600,-0.0224
2026-01-02,XES,2026-01-16,87.00,Call,0.00,1.80,0.4693,0.3595,0.0482,-0.0974,0.0614,0.0109
2026-01-02,XES,2026-01-16,87.00,Put,2.65,4.70,0.2460,-0.7685,0.0747,-0.0546,0.0504,-0.0261
2026-01-02,XES,2026-01-16,88.00,Call,0.20,1.15,0.2220,0.1370,0.0599,-0.0265,0.0360,0.0043
2026-01-02,XES,2026-01-16,88.00,Put,3.30,5.50,0.2220,-0.8592,0.0600,-0.0407,0.0363,-0.0293
2026-01-02,XES,2026-01-16,90.00,Call,0.00,2.20,0.2219,0.0537,0.0298,-0.0134,0.0179,0.0017
2026-01-02,XES,2026-01-16,90.00,Put,4.30,7.00,0.2220,-0.9424,0.0298,-0.0273,0.0179,-0.0327
2026-01-02,XES,2026-01-16,95.00,Call,0.00,0.75,0.2220,0.0021,0.0018,-0.0008,0.0011,0.0000
2026-01-02,XES,2026-01-16,95.00,Put,8.30,11.70,0.2220,-0.9939,0.0018,-0.0142,0.0011,-0.0363
2026-01-02,XES,2026-02-20,65.00,Call,18.70,21.30,0.6286,0.8846,0.0096,-0.0333,0.0575,0.0729
2026-01-02,XES,2026-02-20,65.00,Put,0.00,0.75,0.5571,-0.0866,0.0092,-0.0277,0.0491,-0.0103
2026-01-02,XES,2026-02-20,69.00,Call,14.90,17.39,0.5396,0.8573,0.0131,-0.0339,0.0673,0.0750
2026-01-02,XES,2026-02-20,69.00,Put,0.10,1.75,0.4870,-0.1164,0.0130,-0.0300,0.0602,-0.0143
2026-01-02,XES,2026-02-20,70.00,Call,13.80,16.20,0.4894,0.8600,0.0143,-0.0301,0.0663,0.0769
2026-01-02,XES,2026-02-20,70.00,Put,0.10,0.90,0.3850,-0.0863,0.0132,-0.0191,0.0484,-0.0104
2026-01-02,XES,2026-02-20,72.00,Call,12.10,14.50,0.4756,0.8287,0.0169,-0.0342,0.0763,0.0756
2026-01-02,XES,2026-02-20,72.00,Put,0.15,1.10,0.3620,-0.1095,0.0167,-0.0214,0.0576,-0.0132
2026-01-02,XES,2026-02-20,74.00,Call,10.30,12.50,0.4309,0.8054,0.0203,-0.0339,0.0829,0.0755
2026-01-02,XES,2026-02-20,74.00,Put,0.35,1.35,0.3484,-0.1452,0.0212,-0.0250,0.0701,-0.0175
2026-01-02,XES,2026-02-20,77.00,Call,7.60,10.00,0.3861,0.7480,0.0264,-0.0359,0.0967,0.0725
2026-01-02,XES,2026-02-20,77.00,Put,0.60,2.35,0.3444,-0.2251,0.0283,-0.0327,0.0950,-0.0258
2026-01-02,XES,2026-02-20,78.00,Call,6.90,9.20,0.3800,0.7209,0.0283,-0.0375,0.1020,0.0705
2026-01-02,XES,2026-02-20,78.00,Put,0.55,2.70,0.3308,-0.2501,0.0312,-0.0333,0.0962,-0.0286
2026-01-02,XES,2026-02-20,80.00,Call,5.40,7.60,0.3559,0.6646,0.0329,-0.0385,0.1110,0.0662
2026-01-02,XES,2026-02-20,80.00,Put,1.55,3.20,0.3395,-0.3238,0.0344,-0.0387,0.1123,-0.0369
2026-01-02,XES,2026-02-20,82.00,Call,3.80,6.20,0.3272,0.5979,0.0380,-0.0378,0.1181,0.0607
2026-01-02,XES,2026-02-20,82.00,Put,1.30,4.60,0.3189,-0.3946,0.0392,-0.0389,0.1171,-0.0446
2026-01-02,XES,2026-02-20,83.00,Call,3.30,5.80,0.3340,0.5584,0.0380,-0.0396,0.1206,0.0569
2026-01-02,XES,2026-02-20,83.00,Put,1.60,4.80,0.3014,-0.4339,0.0423,-0.0376,0.1201,-0.0488
2026-01-02,XES,2026-02-20,84.00,Call,2.70,5.00,0.3168,0.5185,0.0405,-0.0381,0.1219,0.0533
2026-01-02,XES,2026-02-20,84.00,Put,2.60,5.20,0.3179,-0.4754,0.0406,-0.0401,0.1219,-0.0533
2026-01-02,XES,2026-02-20,85.00,Call,2.15,4.20,0.2986,0.4742,0.0430,-0.0360,0.1219,0.0492
2026-01-02,XES,2026-02-20,85.00,Put,3.20,4.60,0.2733,-0.5257,0.0472,-0.0346,0.1213,-0.0582
2026-01-02,XES,2026-02-20,86.00,Call,1.60,3.90,0.2974,0.4317,0.0427,-0.0355,0.1204,0.0450
2026-01-02,XES,2026-02-20,86.00,Put,3.60,6.20,0.3076,-0.5589,0.0415,-0.0385,0.1206,-0.0618
2026-01-02,XES,2026-02-20,87.00,Call,1.05,4.60,0.3350,0.4073,0.0374,-0.0396,0.1189,0.0421
2026-01-02,XES,2026-02-20,87.00,Put,4.09,6.60,0.2928,-0.6058,0.0425,-0.0357,0.1165,-0.0662
2026-01-02,XES,2026-02-20,88.00,Call,0.95,2.95,0.2887,0.3458,0.0413,-0.0325,0.1131,0.0364
2026-01-02,XES,2026-02-20,88.00,Put,4.60,7.20,0.2825,-0.6524,0.0422,-0.0331,0.1125,-0.0705
2026-01-02,XES,2026-02-20,90.00,Call,1.00,3.60,0.3724,0.3277,0.0313,-0.0413,0.1108,0.0339
2026-01-02,XES,2026-02-20,90.00,Put,5.90,8.50,0.2675,-0.7413,0.0389,-0.0275,0.1016,-0.0775
2026-01-02,XES,2026-02-20,95.00,Call,0.00,2.40,0.4976,0.2772,0.0217,-0.0514,0.1028,0.0280
2026-01-02,XES,2026-02-20,95.00,Put,9.70,12.40,0.1794,-0.9626,0.0130,-0.0046,0.0243,-0.0666
2026-01-05,XES,2026-01-16,60.00,Call,27.00,29.80,1.7384,0.9082,0.0056,-0.1054,0.0228,0.0155
2026-01-05,XES,2026-01-16,60.00,Put,0.00,0.75,1.5669,-0.0641,0.0052,-0.1414,0.0191,-0.0019
2026-01-05,XES,2026-01-16,65.00,Call,21.89,24.40,1.3434,0.9064,0.0073,-0.0674,0.0232,0.0171
2026-01-05,XES,2026-01-16,65.00,Put,0.00,0.75,1.2966,-0.0764,0.0072,-0.1352,0.0219,-0.0022
2026-01-05,XES,2026-01-16,70.00,Call,16.89,19.30,1.0686,0.8906,0.0105,-0.0558,0.0264,0.0182
2026-01-05,XES,2026-01-16,70.00,Put,0.00,0.75,1.2128,-0.1226,0.0109,-0.1804,0.0309,-0.0036
2026-01-05,XES,2026-01-16,72.00,Call,15.00,17.30,0.9748,0.8798,0.0124,-0.0548,0.0285,0.0185
2026-01-05,XES,2026-01-16,72.00,Put,0.00,1.85,1.2755,-0.1612,0.0124,-0.2289,0.0373,-0.0048
2026-01-05,XES,2026-01-16,75.00,Call,12.00,14.30,0.8373,0.8588,0.0164,-0.0532,0.0323,0.0188
2026-01-05,XES,2026-01-16,75.00,Put,0.10,1.90,1.1025,-0.1843,0.0157,-0.2185,0.0405,-0.0054
2026-01-05,XES,2026-01-16,77.00,Call,10.10,12.20,0.7200,0.8479,0.0202,-0.0431,0.0341,0.0191
2026-01-05,XES,2026-01-16,77.00,Put,0.00,1.90,0.9896,-0.2044,0.0186,-0.2105,0.0432,-0.0060
2026-01-05,XES,2026-01-16,79.00,Call,8.10,10.60,0.6700,0.8119,0.0252,-0.0550,0.0396,0.0187
2026-01-05,XES,2026-01-16,79.00,Put,0.00,2.00,0.8909,-0.2317,0.0222,-0.2063,0.0464,-0.0067
2026-01-05,XES,2026-01-16,81.00,Call,6.20,8.60,0.5734,0.7807,0.0325,-0.0510,0.0437,0.0185
2026-01-05,XES,2026-01-16,81.00,Put,0.00,2.00,0.7670,-0.2608,0.0276,-0.1936,0.0491,-0.0075
2026-01-05,XES,2026-01-16,82.00,Call,5.40,7.60,0.5394,0.7552,0.0369,-0.0537,0.0466,0.0181
2026-01-05,XES,2026-01-16,82.00,Put,0.00,2.04,0.7143,-0.2811,0.0307,-0.1895,0.0524,-0.0080
2026-01-05,XES,2026-01-16,84.00,Call,3.60,5.70,0.4509,0.6957,0.0495,-0.0515,0.0523,0.0170
2026-01-05,XES,2026-01-16,84.00,Put,0.10,2.20,0.4151,-0.2794,0.0528,-0.1190,0.0520,-0.0077
2026-01-05,XES,2026-01-16,85.00,Call,2.85,4.80,0.4190,0.6505,0.0566,-0.0538,0.0556,0.0161
2026-01-05,XES,2026-01-16,85.00,Put,0.45,2.45,0.4085,-0.3348,0.0581,-0.1297,0.0544,-0.0093
2026-01-05,XES,2026-01-16,86.00,Call,2.00,4.09,0.3890,0.5956,0.0640,-0.0555,0.0584,0.0149
2026-01-05,XES,2026-01-16,86.00,Put,0.40,2.75,0.3621,-0.3878,0.0685,-0.1264,0.0581,-0.0107
2026-01-05,XES,2026-01-16,87.00,Call,1.80,3.40,0.4043,0.5289,0.0635,-0.0682,0.0601,0.0132
2026-01-05,XES,2026-01-16,87.00,Put,1.15,3.30,0.3950,-0.4599,0.0649,-0.1443,0.0601,-0.0128
2026-01-05,XES,2026-01-16,88.00,Call,0.90,2.95,0.3708,0.4596,0.0692,-0.0646,0.0601,0.0116
2026-01-05,XES,2026-01-16,88.00,Put,1.70,3.70,0.3861,-0.5266,0.0667,-0.1477,0.0602,-0.0147
2026-01-05,XES,2026-01-16,89.00,Call,0.50,2.70,0.3844,0.3960,0.0649,-0.0705,0.0585,0.0100
2026-01-05,XES,2026-01-16,89.00,Put,2.04,4.20,0.3577,-0.6017,0.0696,-0.1424,0.0582,-0.0169
2026-01-05,XES,2026-01-16,90.00,Call,0.10,2.50,0.3922,0.3371,0.0604,-0.0720,0.0555,0.0085
2026-01-05,XES,2026-01-16,90.00,Put,2.30,4.70,0.3037,-0.6999,0.0734,-0.1274,0.0528,-0.0196
2026-01-05,XES,2026-01-16,95.00,Call,0.00,2.00,0.7798,0.2863,0.0283,-0.1605,0.0517,0.0070
2026-01-05,XES,2026-01-16,95.00,Put,6.20,8.50,0.7798,-0.7027,0.0284,-0.2391,0.0518,-0.0215
2026-01-05,XES,2026-02-20,65.00,Call,22.20,24.90,0.7570,0.8773,0.0077,-0.0274,0.0576,0.0678
2026-01-05,XES,2026-02-20,65.00,Put,0.00,0.75,0.6339,-0.0763,0.0072,-0.0323,0.0447,-0.0094
2026-01-05,XES,2026-02-20,70.00,Call,17.20,20.10,0.6268,0.8517,0.0109,-0.0266,0.0670,0.0711
2026-01-05,XES,2026-02-20,70.00,Put,0.00,2.00,0.7030,-0.1542,0.0107,-0.0594,0.0739,-0.0196
2026-01-05,XES,2026-02-20,72.00,Call,15.30,17.80,0.5552,0.8457,0.0126,-0.0229,0.0690,0.0731
2026-01-05,XES,2026-02-20,72.00,Put,0.00,2.40,0.6929,-0.1796,0.0120,-0.0650,0.0799,-0.0229
2026-01-05,XES,2026-02-20,75.00,Call,12.60,15.00,0.5038,0.8130,0.0160,-0.0256,0.0793,0.0729
2026-01-05,XES,2026-02-20,75.00,Put,0.00,2.00,0.5539,-0.1892,0.0155,-0.0545,0.0824,-0.0234
2026-01-05,XES,2026-02-20,77.00,Call,10.69,13.10,0.4581,0.7905,0.0190,-0.0255,0.0856,0.0728
2026-01-05,XES,2026-02-20,77.00,Put,0.00,2.00,0.4947,-0.2080,0.0184,-0.0521,0.0907,-0.0255
2026-01-05,XES,2026-02-20,79.00,Call,9.10,11.30,0.4320,0.7544,0.0223,-0.0281,0.0945,0.0710
2026-01-05,XES,2026-02-20,79.00,Put,0.20,2.00,0.3344,-0.1818,0.0250,-0.0334,0.0822,-0.0215
2026-01-05,XES,2026-02-20,81.00,Call,7.40,10.00,0.4196,0.7065,0.0253,-0.0324,0.1042,0.0675
2026-01-05,XES,2026-02-20,81.00,Put,0.75,3.00,0.3621,-0.2554,0.0282,-0.0444,0.1006,-0.0305
2026-01-05,XES,2026-02-20,82.00,Call,6.60,9.00,0.3961,0.6855,0.0277,-0.0318,0.1078,0.0663
2026-01-05,XES,2026-02-20,82.00,Put,1.15,3.00,0.3510,-0.2823,0.0306,-0.0456,0.1070,-0.0337
2026-01-05,XES,2026-02-20,84.00,Call,5.20,7.50,0.3763,0.6282,0.0313,-0.0339,0.1156,0.0618
2026-01-05,XES,2026-02-20,84.00,Put,1.65,4.00,0.3527,-0.3509,0.0334,-0.0510,0.1166,-0.0423
2026-01-05,XES,2026-02-20,85.00,Call,4.50,6.90,0.3693,0.5959,0.0328,-0.0350,0.1187,0.0590
2026-01-05,XES,2026-02-20,85.00,Put,2.15,3.70,0.3254,-0.3814,0.0371,-0.0493,0.1169,-0.0458
2026-01-05,XES,2026-02-20,86.00,Call,3.70,6.20,0.3514,0.5627,0.0351,-0.0344,0.1210,0.0563
2026-01-05,XES,2026-02-20,86.00,Put,2.30,4.60,0.3317,-0.4206,0.0373,-0.0519,0.1200,-0.0508
2026-01-05,XES,2026-02-20,87.00,Call,3.30,5.70,0.3556,0.5268,0.0351,-0.0363,0.1225,0.0528
2026-01-05,XES,2026-02-20,87.00,Put,3.00,5.40,0.3529,-0.4580,0.0356,-0.0560,0.1220,-0.0559
2026-01-05,XES,2026-02-20,88.00,Call,2.70,5.00,0.3404,0.4891,0.0368,-0.0352,0.1230,0.0495
2026-01-05,XES,2026-02-20,88.00,Put,3.50,5.80,0.3461,-0.4948,0.0364,-0.0559,0.1230,-0.0605
2026-01-05,XES,2026-02-20,89.00,Call,2.20,4.50,0.3346,0.4509,0.0372,-0.0350,0.1223,0.0458
2026-01-05,XES,2026-02-20,89.00,Put,3.90,6.00,0.3243,-0.5366,0.0386,-0.0535,0.1226,-0.0656
2026-01-05,XES,2026-02-20,90.00,Call,1.70,4.20,0.3339,0.4141,0.0368,-0.0351,0.1205,0.0423
2026-01-05,XES,2026-02-20,90.00,Put,4.20,6.70,0.3155,-0.5778,0.0390,-0.0524,0.1209,-0.0707
2026-01-05,XES,2026-02-20,95.00,Call,0.10,2.85,0.2767,0.2043,0.0325,-0.0223,0.0882,0.0215
2026-01-05,XES,2026-02-20,95.00,Put,7.50,9.80,0.2766,-0.7806,0.0326,-0.0414,0.0890,-0.0974
2026-01-06,XES,2026-01-16,60.00,Call,26.70,29.00,1.6633,0.9256,0.0050,-0.0633,0.0181,0.0146
2026-01-06,XES,2026-01-16,60.00,Put,0.00,0.75,1.6633,-0.0630,0.0050,-0.1566,0.0181,-0.0017
2026-01-06,XES,2026-01-16,65.00,Call,21.30,24.00,1.3808,0.9138,0.0069,-0.0571,0.0207,0.0157
2026-01-06,XES,2026-01-16,65.00,Put,0.00,0.75,1.3808,-0.0749,0.0069,-0.1499,0.0207,-0.0020
2026-01-06,XES,2026-01-16,70.00,Call,16.60,19.10,1.1124,0.8976,0.0099,-0.0495,0.0240,0.0167
2026-01-06,XES,2026-01-16,70.00,Put,0.00,0.75,1.1124,-0.0911,0.0099,-0.1418,0.0240,-0.0024
2026-01-06,XES,2026-01-16,72.00,Call,14.40,17.10,1.0079,0.8892,0.0117,-0.0459,0.0256,0.0170
2026-01-06,XES,2026-01-16,72.00,Put,0.00,0.75,1.0079,-0.0994,0.0117,-0.1380,0.0256,-0.0026
2026-01-06,XES,2026-01-16,74.00,Call,12.40,15.20,0.9043,0.8793,0.0140,-0.0420,0.0274,0.0174
2026-01-06,XES,2026-01-16,74.00,Put,0.00,0.75,0.9045,-0.1093,0.0140,-0.1339,0.0274,-0.0028
2026-01-06,XES,2026-01-16,77.00,Call,9.60,12.10,0.7504,0.8602,0.0189,-0.0353,0.0307,0.0177
2026-01-06,XES,2026-01-16,77.00,Put,0.00,0.75,0.7504,-0.1284,0.0189,-0.1269,0.0307,-0.0033
2026-01-06,XES,2026-01-16,79.00,Call,7.60,10.19,0.2992,0.9741,0.0083,0.0000,0.0054,0.0212
2026-01-06,XES,2026-01-16,79.00,Put,0.00,0.75,0.6473,-0.1455,0.0239,-0.1215,0.0334,-0.0037
2026-01-06,XES,2026-01-16,80.00,Call,6.70,9.30,0.3599,0.9354,0.0204,0.0000,0.0159,0.0205
2026-01-06,XES,2026-01-16,80.00,Put,0.00,0.75,0.5953,-0.1555,0.0272,-0.1185,0.0352,-0.0039
2026-01-06,XES,2026-01-16,82.00,Call,4.90,7.00,0.2513,0.9434,0.0257,0.0000,0.0139,0.0213
2026-01-06,XES,2026-01-16,82.00,Put,0.00,1.95,0.7604,-0.2663,0.0293,-0.2072,0.0475,-0.0070
2026-01-06,XES,2026-01-16,84.00,Call,3.30,5.40,0.3126,0.8066,0.0572,0.0000,0.0386,0.0184
2026-01-06,XES,2026-01-16,84.00,Put,0.15,1.90,0.4411,-0.2525,0.0491,-0.1263,0.0470,-0.0064
2026-01-06,XES,2026-01-16,85.00,Call,2.90,4.40,0.3270,0.7318,0.0666,-0.0097,0.0471,0.0168
2026-01-06,XES,2026-01-16,85.00,Put,0.50,1.45,0.3702,-0.2793,0.0614,-0.1163,0.0491,-0.0070
2026-01-06,XES,2026-01-16,86.00,Call,2.40,3.60,0.3334,0.6555,0.0736,-0.0281,0.0530,0.0151
2026-01-06,XES,2026-01-16,86.00,Put,0.10,2.50,0.3677,-0.3449,0.0679,-0.1306,0.0530,-0.0087
2026-01-06,XES,2026-01-16,87.00,Call,1.95,3.40,0.3822,0.5695,0.0689,-0.0563,0.0569,0.0131
2026-01-06,XES,2026-01-16,87.00,Put,1.15,2.95,0.4276,-0.4239,0.0620,-0.1610,0.0576,-0.0108
2026-01-06,XES,2026-01-16,88.00,Call,1.25,3.20,0.3933,0.4993,0.0682,-0.0680,0.0579,0.0115
2026-01-06,XES,2026-01-16,88.00,Put,1.65,2.95,0.3861,-0.4893,0.0697,-0.1568,0.0579,-0.0125
2026-01-06,XES,2026-01-16,89.00,Call,0.75,3.00,0.4097,0.4347,0.0647,-0.0774,0.0573,0.0100
2026-01-06,XES,2026-01-16,89.00,Put,1.40,4.00,0.3590,-0.5655,0.0738,-0.1542,0.0571,-0.0144
2026-01-06,XES,2026-01-16,90.00,Call,0.05,2.70,0.3881,0.3635,0.0653,-0.0728,0.0547,0.0084
2026-01-06,XES,2026-01-16,90.00,Put,2.70,5.00,0.4534,-0.6028,0.0571,-0.1817,0.0561,-0.0157
2026-01-06,XES,2026-01-16,95.00,Call,0.00,0.95,0.5606,0.2116,0.0349,-0.0992,0.0423,0.0048
2026-01-06,XES,2026-01-16,95.00,Put,6.30,8.90,0.4422,-0.8383,0.0359,-0.1518,0.0338,-0.0224
2026-01-06,XES,2026-02-20,65.00,Call,21.80,24.40,0.6590,0.9160,0.0068,-0.0198,0.0436,0.0707
2026-01-06,XES,2026-02-20,65.00,Put,0.00,0.75,0.6590,-0.0741,0.0068,-0.0326,0.0436,-0.0090
2026-01-06,XES,2026-02-20,70.00,Call,16.80,19.50,0.6975,0.8495,0.0102,-0.0427,0.0693,0.0683
2026-01-06,XES,2026-02-20,70.00,Put,0.00,1.75,0.6975,-0.1401,0.0102,-0.0551,0.0706,-0.0174
2026-01-06,XES,2026-02-20,72.00,Call,15.10,17.60,0.3107,0.9634,0.0063,0.0000,0.0192,0.0853
2026-01-06,XES,2026-02-20,72.00,Put,0.05,1.95,0.5275,-0.1147,0.0117,-0.0364,0.0602,-0.0137
2026-01-06,XES,2026-02-20,74.00,Call,13.00,15.90,0.3107,0.9437,0.0100,0.0000,0.0302,0.0855
2026-01-06,XES,2026-02-20,74.00,Put,0.15,2.00,0.4875,-0.1299,0.0139,-0.0369,0.0667,-0.0154
2026-01-06,XES,2026-02-20,77.00,Call,10.30,13.10,0.3076,0.8982,0.0171,-0.0068,0.0512,0.0839
2026-01-06,XES,2026-02-20,77.00,Put,0.45,2.00,0.4301,-0.1606,0.0181,-0.0379,0.0753,-0.0189
2026-01-06,XES,2026-02-20,79.00,Call,9.00,11.50,0.3447,0.8286,0.0226,-0.0193,0.0760,0.0780
2026-01-06,XES,2026-02-20,79.00,Put,0.05,2.00,0.3517,-0.1652,0.0226,-0.0319,0.0769,-0.0192
2026-01-06,XES,2026-02-20,80.00,Call,8.00,10.19,0.2992,0.8317,0.0258,-0.0152,0.0751,0.0798
2026-01-06,XES,2026-02-20,80.00,Put,0.05,2.70,0.3676,-0.2009,0.0243,-0.0375,0.0871,-0.0236
2026-01-06,XES,2026-02-20,82.00,Call,6.80,9.30,0.3515,0.7390,0.0289,-0.0299,0.0988,0.0709
2026-01-06,XES,2026-02-20,82.00,Put,0.45,3.00,0.3479,-0.2490,0.0291,-0.0406,0.0985,-0.0291
2026-01-06,XES,2026-02-20,84.00,Call,5.40,7.60,0.3319,0.6806,0.0338,-0.0324,0.1092,0.0665
2026-01-06,XES,2026-02-20,84.00,Put,1.80,4.00,0.3953,-0.3299,0.0292,-0.0524,0.1122,-0.0397
2026-01-06,XES,2026-02-20,85.00,Call,4.80,7.50,0.3558,0.6377,0.0332,-0.0381,0.1150,0.0622
2026-01-06,XES,2026-02-20,85.00,Put,2.10,3.60,0.3560,-0.3522,0.0333,-0.0491,0.1150,-0.0418
2026-01-06,XES,2026-02-20,86.00,Call,4.00,6.80,0.3410,0.6051,0.0356,-0.0378,0.1183,0.0595
2026-01-06,XES,2026-02-20,86.00,Put,1.40,4.70,0.3374,-0.3841,0.0362,-0.0482,0.1190,-0.0455
2026-01-06,XES,2026-02-20,87.00,Call,3.40,6.20,0.3363,0.5683,0.0370,-0.0387,0.1210,0.0563
2026-01-06,XES,2026-02-20,87.00,Put,2.10,4.90,0.3372,-0.4216,0.0370,-0.0496,0.1215,-0.0502
2026-01-06,XES,2026-02-20,88.00,Call,3.00,5.00,0.3123,0.5298,0.0404,-0.0365,0.1226,0.0530
2026-01-06,XES,2026-02-20,88.00,Put,2.45,4.90,0.3117,-0.4601,0.0406,-0.0471,0.1230,-0.0546
2026-01-06,XES,2026-02-20,89.00,Call,2.35,5.30,0.3361,0.4927,0.0376,-0.0404,0.1231,0.0492
2026-01-06,XES,2026-02-20,89.00,Put,3.00,6.00,0.3359,-0.4973,0.0378,-0.0509,0.1231,-0.0597
2026-01-06,XES,2026-02-20,90.00,Call,2.00,3.80,0.2957,0.4441,0.0424,-0.0351,0.1221,0.0450
2026-01-06,XES,2026-02-20,90.00,Put,3.40,6.50,0.3265,-0.5371,0.0387,-0.0498,0.1220,-0.0646
2026-01-06,XES,2026-02-20,95.00,Call,0.20,2.65,0.3256,0.2780,0.0328,-0.0345,0.1040,0.0284
2026-01-06,XES,2026-02-20,95.00,Put,7.00,9.60,0.3256,-0.7123,0.0330,-0.0444,0.1066,-0.0879
2026-01-07,XES,2026-01-16,60.00,Call,25.20,27.70,1.7155,0.9422,0.0055,-0.2470,0.0174,0.0131
2026-01-07,XES,2026-01-16,60.00,Put,0.00,0.75,1.7155,-0.0660,0.0055,-0.1604,0.0171,-0.0014
2026-01-07,XES,2026-01-16,65.00,Call,20.20,22.80,1.4149,0.9295,0.0077,-0.2370,0.0199,0.0141
2026-01-07,XES,2026-01-16,65.00,Put,0.00,0.75,1.4149,-0.0789,0.0077,-0.1503,0.0202,-0.0017
2026-01-07,XES,2026-01-16,69.00,Call,16.30,18.70,1.1868,0.9159,0.0103,-0.2277,0.0224,0.0148
2026-01-07,XES,2026-01-16,69.00,Put,0.00,0.75,1.1868,-0.0926,0.0104,-0.1408,0.0234,-0.0019
2026-01-07,XES,2026-01-16,71.00,Call,14.20,16.70,1.0743,0.9075,0.0121,-0.2219,0.0239,0.0151
2026-01-07,XES,2026-01-16,71.00,Put,0.00,0.75,1.0743,-0.1012,0.0123,-0.1350,0.0237,-0.0021
2026-01-07,XES,2026-01-16,73.00,Call,12.40,14.80,0.9635,0.8975,0.0145,-0.2155,0.0256,0.0154
2026-01-07,XES,2026-01-16,73.00,Put,0.00,0.75,0.9635,-0.1114,0.0147,-0.1287,0.0267,-0.0023
2026-01-07,XES,2026-01-16,75.00,Call,10.30,12.90,0.8531,0.8854,0.0176,-0.2082,0.0275,0.0156
2026-01-07,XES,2026-01-16,75.00,Put,0.05,0.75,0.8531,-0.1239,0.0179,-0.1215,0.0271,-0.0025
2026-01-07,XES,2026-01-16,77.00,Call,7.80,10.80,0.7430,0.8702,0.0220,-0.1998,0.0298,0.0158
2026-01-07,XES,2026-01-16,77.00,Put,0.00,0.75,0.7430,-0.1396,0.0224,-0.1131,0.0302,-0.0028
2026-01-07,XES,2026-01-16,79.00,Call,6.40,8.40,0.6318,0.8506,0.0283,-0.1896,0.0326,0.0159
2026-01-07,XES,2026-01-16,79.00,Put,0.00,0.75,0.6318,-0.1602,0.0289,-0.1031,0.0333,-0.0032
2026-01-07,XES,2026-01-16,81.00,Call,4.80,6.60,0.6613,0.7730,0.0345,-0.2214,0.0417,0.0146
2026-01-07,XES,2026-01-16,81.00,Put,0.05,1.25,0.6613,-0.2393,0.0354,-0.1361,0.0428,-0.0046
2026-01-07,XES,2026-01-16,83.00,Call,3.10,5.00,0.2362,0.9024,0.0574,-0.1125,0.0248,0.0181
2026-01-07,XES,2026-01-16,83.00,Put,0.00,2.35,0.7455,-0.3347,0.0371,-0.1795,0.0488,-0.0064
2026-01-07,XES,2026-01-16,84.00,Call,2.60,4.50,0.3252,0.7605,0.0722,-0.1449,0.0429,0.0152
2026-01-07,XES,2026-01-16,84.00,Put,0.60,2.95,0.5535,-0.3443,0.0510,-0.1280,0.0501,-0.0063
2026-01-07,XES,2026-01-16,85.00,Call,2.15,4.00,0.3701,0.6636,0.0740,-0.1617,0.0500,0.0133
2026-01-07,XES,2026-01-16,85.00,Put,0.40,2.00,0.3636,-0.3595,0.0811,-0.0767,0.0500,-0.0061
2026-01-07,XES,2026-01-16,86.00,Call,1.65,2.80,0.3225,0.5953,0.0898,-0.1477,0.0529,0.0120
2026-01-07,XES,2026-01-16,86.00,Put,0.75,3.00,0.4115,-0.4477,0.0767,-0.0919,0.0531,-0.0073
2026-01-07,XES,2026-01-16,87.00,Call,1.05,3.20,0.4007,0.5087,0.0742,-0.1661,0.0543,0.0102
2026-01-07,XES,2026-01-16,87.00,Put,1.35,3.00,0.3724,-0.5320,0.0889,-0.0776,0.0532,-0.0079
2026-01-07,XES,2026-01-16,88.00,Call,0.60,2.90,0.4133,0.4388,0.0710,-0.1621,0.0536,0.0088
2026-01-07,XES,2026-01-16,88.00,Put,1.70,3.80,0.3686,-0.6215,0.0905,-0.0692,0.0507,-0.0083
2026-01-07,XES,2026-01-16,89.00,Call,0.20,2.65,0.4232,0.3745,0.0666,-0.1543,0.0515,0.0076
2026-01-07,XES,2026-01-16,89.00,Put,2.60,4.20,0.3617,-0.7140,0.0903,-0.0560,0.0451,-0.0081
2026-01-07,XES,2026-01-16,90.00,Call,0.35,1.25,0.3572,0.2769,0.0696,-0.1148,0.0454,0.0056
2026-01-07,XES,2026-01-16,90.00,Put,3.10,5.10,0.3415,-0.8216,0.0912,-0.0343,0.0329,-0.0066
2026-01-07,XES,2026-01-16,95.00,Call,0.00,0.75,0.5898,0.1809,0.0331,-0.1330,0.0357,0.0036
2026-01-07,XES,2026-01-16,95.00,Put,7.50,9.70,0.5898,-0.8727,0.0386,-0.0578,0.0277,-0.0078
2026-01-07,XES,2026-02-20,65.00,Call,20.70,23.40,0.4867,0.9695,0.0054,-0.0292,0.0235,0.0740
2026-01-07,XES,2026-02-20,65.00,Put,0.00,0.70,0.6299,-0.0756,0.0076,-0.0291,0.0444,-0.0080
2026-01-07,XES,2026-02-20,69.00,Call,16.80,19.50,0.4297,0.9526,0.0083,-0.0320,0.0321,0.0769
2026-01-07,XES,2026-02-20,69.00,Put,0.00,0.95,0.5764,-0.1056,0.0107,-0.0339,0.0580,-0.0111
2026-01-07,XES,2026-02-20,71.00,Call,14.80,17.50,0.3840,0.9485,0.0099,-0.0313,0.0341,0.0789
2026-01-07,XES,2026-02-20,71.00,Put,0.00,2.35,0.7245,-0.1778,0.0121,-0.0610,0.0788,-0.0192
2026-01-07,XES,2026-02-20,73.00,Call,13.20,15.70,0.4071,0.9090,0.0140,-0.0395,0.0510,0.0769
2026-01-07,XES,2026-02-20,73.00,Put,0.05,1.15,0.4093,-0.0980,0.0142,-0.0223,0.0523,-0.0099
2026-01-07,XES,2026-02-20,75.00,Call,11.50,13.60,0.3757,0.8890,0.0174,-0.0407,0.0585,0.0771
2026-01-07,XES,2026-02-20,75.00,Put,0.50,1.50,0.4257,-0.1437,0.0180,-0.0302,0.0669,-0.0145
2026-01-07,XES,2026-02-20,77.00,Call,9.80,12.30,0.3967,0.8331,0.0215,-0.0492,0.0763,0.0731
2026-01-07,XES,2026-02-20,77.00,Put,0.05,1.55,0.3967,-0.1739,0.0219,-0.0316,0.0780,-0.0173
2026-01-07,XES,2026-02-20,79.00,Call,8.10,10.69,0.3820,0.7886,0.0257,-0.0522,0.0879,0.0705
2026-01-07,XES,2026-02-20,79.00,Put,0.05,2.04,0.3259,-0.1874,0.0280,-0.0265,0.0810,-0.0182
2026-01-07,XES,2026-02-20,81.00,Call,6.50,8.60,0.3381,0.7494,0.0319,-0.0505,0.0963,0.0686
2026-01-07,XES,2026-02-20,81.00,Put,0.55,3.00,0.3488,-0.2654,0.0321,-0.0344,0.1004,-0.0253
2026-01-07,XES,2026-02-20,83.00,Call,4.30,7.80,0.3226,0.6840,0.0372,-0.0518,0.1073,0.0636
2026-01-07,XES,2026-02-20,83.00,Put,1.20,3.90,0.3571,-0.3395,0.0352,-0.0389,0.1107,-0.0317
2026-01-07,XES,2026-02-20,84.00,Call,4.80,6.70,0.3507,0.6373,0.0360,-0.0566,0.1130,0.0592
2026-01-07,XES,2026-02-20,84.00,Put,1.60,3.50,0.3214,-0.3681,0.0405,-0.0352,0.1120,-0.0335
2026-01-07,XES,2026-02-20,85.00,Call,4.20,6.10,0.3477,0.6004,0.0374,-0.0568,0.1162,0.0560
2026-01-07,XES,2026-02-20,85.00,Put,2.04,4.00,0.3254,-0.4106,0.0415,-0.0365,0.1157,-0.0368
2026-01-07,XES,2026-02-20,86.00,Call,3.70,5.90,0.3627,0.5618,0.0365,-0.0591,0.1185,0.0525
2026-01-07,XES,2026-02-20,86.00,Put,2.50,4.90,0.3426,-0.4529,0.0403,-0.0390,0.1182,-0.0401
2026-01-07,XES,2026-02-20,87.00,Call,3.40,4.09,0.3158,0.5216,0.0424,-0.0525,0.1197,0.0496
2026-01-07,XES,2026-02-20,87.00,Put,2.80,4.90,0.3119,-0.4973,0.0452,-0.0347,0.1191,-0.0421
2026-01-07,XES,2026-02-20,88.00,Call,2.80,5.30,0.3786,0.4916,0.0354,-0.0605,0.1198,0.0461
2026-01-07,XES,2026-02-20,88.00,Put,3.30,5.70,0.3197,-0.5396,0.0442,-0.0350,0.1188,-0.0447
2026-01-07,XES,2026-02-20,89.00,Call,2.35,4.40,0.3571,0.4514,0.0372,-0.0565,0.1188,0.0427
2026-01-07,XES,2026-02-20,89.00,Put,3.80,6.10,0.3067,-0.5880,0.0459,-0.0320,0.1145,-0.0464
2026-01-07,XES,2026-02-20,90.00,Call,2.10,3.40,0.3361,0.4076,0.0387,-0.0520,0.1164,0.0389
2026-01-07,XES,2026-02-20,90.00,Put,4.80,7.30,0.3468,-0.6101,0.0398,-0.0364,0.1149,-0.0489
2026-01-07,XES,2026-02-20,95.00,Call,0.05,2.80,0.3615,0.2609,0.0301,-0.0448,0.0973,0.0251
2026-01-07,XES,2026-02-20,95.00,Put,8.90,10.80,0.3615,-0.7704,0.0328,-0.0278,0.0918,-0.0507
2026-01-08,XES,2026-01-16,60.00,Call,27.60,30.10,1.0828,1.0000,0.0011,-0.1812,0.0021,0.0130
2026-01-08,XES,2026-01-16,60.00,Put,0.00,0.75,1.8950,-0.0628,0.0050,-0.1804,0.0159,-0.0012
2026-01-08,XES,2026-01-16,65.00,Call,22.60,25.30,1.0906,0.9924,0.0037,-0.2113,0.0068,0.0137
2026-01-08,XES,2026-01-16,65.00,Put,0.00,0.75,1.5794,-0.0744,0.0069,-0.1691,0.0187,-0.0014
2026-01-08,XES,2026-01-16,71.00,Call,16.60,19.20,0.7456,0.9959,0.0047,-0.1934,0.0059,0.0151
2026-01-08,XES,2026-01-16,71.00,Put,0.00,0.75,1.2225,-0.0941,0.0107,-0.1522,0.0218,-0.0018
2026-01-08,XES,2026-01-16,73.00,Call,14.60,17.10,0.5484,1.0000,0.0027,-0.1765,0.0025,0.0158
2026-01-08,XES,2026-01-16,73.00,Put,0.00,0.75,1.1079,-0.1028,0.0126,-0.1456,0.0246,-0.0019
2026-01-08,XES,2026-01-16,76.00,Call,11.70,14.30,0.6425,0.9684,0.0116,-0.2121,0.0125,0.0157
2026-01-08,XES,2026-01-16,76.00,Put,0.00,0.75,0.9358,-0.1193,0.0167,-0.1335,0.0252,-0.0022
2026-01-08,XES,2026-01-16,78.00,Call,9.70,12.10,0.4624,0.9878,0.0103,-0.1883,0.0080,0.0165
2026-01-08,XES,2026-01-16,78.00,Put,0.00,0.75,0.8214,-0.1337,0.0207,-0.1238,0.0278,-0.0024
2026-01-08,XES,2026-01-16,80.00,Call,7.70,10.30,0.4649,0.9541,0.0199,-0.2048,0.0155,0.0163
2026-01-08,XES,2026-01-16,80.00,Put,0.05,0.75,0.5797,-0.1081,0.0253,-0.0712,0.0239,-0.0019
2026-01-08,XES,2026-01-16,82.00,Call,5.80,8.10,0.3454,0.9582,0.0254,-0.1923,0.0147,0.0168
2026-01-08,XES,2026-01-16,82.00,Put,0.10,0.80,0.4944,-0.1369,0.0355,-0.0679,0.0291,-0.0023
2026-01-08,XES,2026-01-16,84.00,Call,3.90,6.20,0.3081,0.9079,0.0462,-0.1982,0.0239,0.0163
2026-01-08,XES,2026-01-16,84.00,Put,0.05,2.00,0.5402,-0.2447,0.0474,-0.1037,0.0408,-0.0039
2026-01-08,XES,2026-01-16,85.00,Call,3.40,5.40,0.3682,0.8110,0.0596,-0.2208,0.0368,0.0145
2026-01-08,XES,2026-01-16,85.00,Put,0.85,2.20,0.5857,-0.3092,0.0494,-0.1255,0.0453,-0.0049
2026-01-08,XES,2026-01-16,86.00,Call,3.50,4.40,0.4357,0.7146,0.0620,-0.2433,0.0454,0.0128
2026-01-08,XES,2026-01-16,86.00,Put,0.15,2.35,0.4511,-0.3300,0.0680,-0.0893,0.0465,-0.0049
2026-01-08,XES,2026-01-16,87.00,Call,1.85,3.70,0.3267,0.6865,0.0861,-0.2115,0.0472,0.0125
2026-01-08,XES,2026-01-16,87.00,Put,0.75,2.65,0.4643,-0.4040,0.0724,-0.0954,0.0495,-0.0057
2026-01-08,XES,2026-01-16,88.00,Call,1.85,3.10,0.3879,0.5859,0.0790,-0.2229,0.0514,0.0106
2026-01-08,XES,2026-01-16,88.00,Put,1.15,2.90,0.4372,-0.4800,0.0831,-0.0856,0.0504,-0.0062
2026-01-08,XES,2026-01-16,89.00,Call,1.65,2.70,0.4290,0.5091,0.0728,-0.2260,0.0524,0.0092
2026-01-08,XES,2026-01-16,89.00,Put,1.25,3.30,0.3772,-0.5862,0.1069,-0.0606,0.0477,-0.0061
2026-01-08,XES,2026-01-16,90.00,Call,0.45,1.95,0.3250,0.4095,0.0933,-0.1721,0.0508,0.0075
2026-01-08,XES,2026-01-16,90.00,Put,1.10,3.90,0.3250,-0.7513,0.1432,-0.0317,0.0371,-0.0049
2026-01-08,XES,2026-01-16,95.00,Call,0.00,0.75,0.5201,0.2059,0.0425,-0.1551,0.0371,0.0037
2026-01-08,XES,2026-01-16,95.00,Put,4.80,7.40,0.5201,-0.9343,0.0628,-0.0201,0.0155,-0.0028
2026-01-08,XES,2026-02-20,65.00,Call,22.70,25.30,0.6628,0.9342,0.0068,-0.0490,0.0411,0.0680
2026-01-08,XES,2026-02-20,65.00,Put,0.00,0.75,0.6748,-0.0750,0.0070,-0.0319,0.0443,-0.0080
2026-01-08,XES,2026-02-20,71.00,Call,16.70,19.30,0.5053,0.9171,0.0106,-0.0460,0.0483,0.0733
2026-01-08,XES,2026-02-20,71.00,Put,0.05,0.80,0.4488,-0.0674,0.0097,-0.0191,0.0395,-0.0069
2026-01-08,XES,2026-02-20,73.00,Call,14.90,17.60,0.5001,0.8905,0.0129,-0.0512,0.0585,0.0726
2026-01-08,XES,2026-02-20,73.00,Put,0.15,0.90,0.4259,-0.0844,0.0122,-0.0213,0.0459,-0.0085
2026-01-08,XES,2026-02-20,76.00,Call,12.10,14.80,0.4510,0.8592,0.0170,-0.0531,0.0691,0.0727
2026-01-08,XES,2026-02-20,76.00,Put,0.05,2.00,0.4388,-0.1424,0.0172,-0.0317,0.0669,-0.0143
2026-01-08,XES,2026-02-20,78.00,Call,10.30,13.00,0.4231,0.8300,0.0204,-0.0547,0.0778,0.0718
2026-01-08,XES,2026-02-20,78.00,Put,0.05,2.60,0.4258,-0.1792,0.0207,-0.0355,0.0808,-0.0177
2026-01-08,XES,2026-02-20,80.00,Call,8.40,11.10,0.3786,0.8025,0.0249,-0.0535,0.0851,0.0712
2026-01-08,XES,2026-02-20,80.00,Put,0.30,2.90,0.4015,-0.2179,0.0248,-0.0372,0.0885,-0.0213
2026-01-08,XES,2026-02-20,82.00,Call,6.90,10.10,0.3990,0.7360,0.0276,-0.0609,0.0995,0.0658
2026-01-08,XES,2026-02-20,82.00,Put,0.55,3.30,0.3764,-0.2646,0.0296,-0.0381,0.1007,-0.0252
2026-01-08,XES,2026-02-20,84.00,Call,5.20,7.90,0.3386,0.6949,0.0348,-0.0560,0.1064,0.0639
2026-01-08,XES,2026-02-20,84.00,Put,1.20,3.40,0.3478,-0.3210,0.0352,-0.0376,0.1073,-0.0298
2026-01-08,XES,2026-02-20,85.00,Call,4.50,8.00,0.3679,0.6498,0.0338,-0.0612,0.1123,0.0596
2026-01-08,XES,2026-02-20,85.00,Put,1.40,3.90,0.3450,-0.3575,0.0371,-0.0385,0.1119,-0.0327
2026-01-08,XES,2026-02-20,86.00,Call,3.80,7.30,0.3572,0.6163,0.0359,-0.0605,0.1156,0.0569
2026-01-08,XES,2026-02-20,86.00,Put,0.50,4.30,0.2870,-0.3839,0.0462,-0.0315,0.1149,-0.0336
2026-01-08,XES,2026-02-20,87.00,Call,4.50,5.80,0.3695,0.5787,0.0355,-0.0626,0.1183,0.0535
2026-01-08,XES,2026-02-20,87.00,Put,2.20,4.70,0.3384,-0.4353,0.0404,-0.0389,0.1181,-0.0383
2026-01-08,XES,2026-02-20,88.00,Call,2.70,5.20,0.3115,0.5417,0.0427,-0.0545,0.1199,0.0511
2026-01-08,XES,2026-02-20,88.00,Put,3.00,3.80,0.2926,-0.4795,0.0481,-0.0326,0.1193,-0.0399
2026-01-08,XES,2026-02-20,89.00,Call,2.30,4.70,0.3134,0.4996,0.0426,-0.0541,0.1205,0.0473
2026-01-08,XES,2026-02-20,89.00,Put,3.20,5.50,0.3271,-0.5192,0.0431,-0.0368,0.1194,-0.0432
2026-01-08,XES,2026-02-20,90.00,Call,2.00,4.40,0.3244,0.4610,0.0409,-0.0546,0.1198,0.0437
2026-01-08,XES,2026-02-20,90.00,Put,3.20,5.90,0.2949,-0.5737,0.0481,-0.0312,0.1178,-0.0446
2026-01-08,XES,2026-02-20,95.00,Call,0.75,2.50,0.2741,0.2379,0.0376,-0.0346,0.0931,0.0232
2026-01-08,XES,2026-02-20,95.00,Put,6.80,9.10,0.2741,-0.8141,0.0438,-0.0164,0.0800,-0.0409
2026-01-09,XES,2026-01-16,60.00,Call,28.20,30.30,2.0497,0.9325,0.0046,-0.1427,0.0149,0.0103
2026-01-09,XES,2026-01-16,60.00,Put,0.00,0.75,2.0497,-0.0606,0.0046,-0.2233,0.0149,-0.0011
2026-01-09,XES,2026-01-16,65.00,Call,23.20,25.30,1.7144,0.9215,0.0063,-0.1335,0.0169,0.0110
2026-01-09,XES,2026-01-16,65.00,Put,0.00,0.75,1.7144,-0.0716,0.0063,-0.2135,0.0169,-0.0013
2026-01-09,XES,2026-01-16,71.00,Call,17.20,19.70,0.8384,0.9727,0.0047,0.0000,0.0061,0.0132
2026-01-09,XES,2026-01-16,71.00,Put,0.00,0.75,1.3349,-0.0899,0.0097,-0.1992,0.0201,-0.0016
2026-01-09,XES,2026-01-16,73.00,Call,15.20,17.70,0.7489,0.9708,0.0057,0.0000,0.0066,0.0135
2026-01-09,XES,2026-01-16,73.00,Put,0.00,0.75,1.2123,-0.0979,0.0114,-0.1935,0.0214,-0.0018
2026-01-09,XES,2026-01-16,76.00,Call,12.20,14.60,0.6181,0.9670,0.0078,0.0000,0.0075,0.0141
2026-01-09,XES,2026-01-16,76.00,Put,0.00,1.75,1.0310,-0.1129,0.0148,-0.1841,0.0238,-0.0020
2026-01-09,XES,2026-01-16,78.00,Call,10.19,12.70,0.5315,0.9638,0.0100,0.0000,0.0083,0.0144
2026-01-09,XES,2026-01-16,78.00,Put,0.00,0.75,0.9104,-0.1256,0.0181,-0.1766,0.0256,-0.0023
2026-01-09,XES,2026-01-16,80.00,Call,8.19,10.69,0.4464,0.9594,0.0134,0.0000,0.0093,0.0147
2026-01-09,XES,2026-01-16,80.00,Put,0.00,0.75,0.7897,-0.1412,0.0227,-0.1683,0.0284,-0.0025
2026-01-09,XES,2026-01-16,82.00,Call,6.50,8.69,0.4615,0.9100,0.0265,0.0000,0.0190,0.0142
2026-01-09,XES,2026-01-16,82.00,Put,0.00,0.75,0.6681,-0.1630,0.0295,-0.1586,0.0306,-0.0029
2026-01-09,XES,2026-01-16,84.00,Call,4.70,6.70,0.3668,0.8878,0.0398,0.0000,0.0226,0.0142
2026-01-09,XES,2026-01-16,84.00,Put,0.10,0.75,0.6679,-0.2345,0.0369,-0.2006,0.0377,-0.0042
2026-01-09,XES,2026-01-16,86.00,Call,3.00,5.50,0.4445,0.7393,0.0576,-0.0680,0.0397,0.0119
2026-01-09,XES,2026-01-16,86.00,Put,0.00,1.90,0.6853,-0.3225,0.0420,-0.2436,0.0449,-0.0059
2026-01-09,XES,2026-01-16,87.00,Call,2.30,4.40,0.3968,0.6933,0.0700,-0.0676,0.0431,0.0113
2026-01-09,XES,2026-01-16,87.00,Put,0.05,2.00,0.3968,-0.2999,0.0700,-0.1455,0.0431,-0.0053
2026-01-09,XES,2026-01-16,88.00,Call,1.65,3.90,0.4104,0.6145,0.0740,-0.0898,0.0471,0.0100
2026-01-09,XES,2026-01-16,88.00,Put,0.25,2.60,0.4165,-0.3796,0.0733,-0.1704,0.0476,-0.0068
2026-01-09,XES,2026-01-16,89.00,Call,1.10,3.40,0.4171,0.5372,0.0758,-0.1040,0.0490,0.0088
2026-01-09,XES,2026-01-16,89.00,Put,0.80,2.85,0.4078,-0.4552,0.0779,-0.1789,0.0494,-0.0081
2026-01-09,XES,2026-01-16,90.00,Call,0.60,2.80,0.4027,0.4586,0.0786,-0.1052,0.0491,0.0075
2026-01-09,XES,2026-01-16,90.00,Put,1.25,3.50,0.4027,-0.5343,0.0790,-0.1833,0.0491,-0.0096
2026-01-09,XES,2026-01-16,95.00,Call,0.05,0.75,0.3332,0.0964,0.0411,-0.0430,0.0212,0.0016
2026-01-09,XES,2026-01-16,95.00,Put,4.90,6.70,0.3332,-0.8967,0.0411,-0.1200,0.0212,-0.0165
2026-01-09,XES,2026-02-20,65.00,Call,23.60,26.20,0.6509,0.9312,0.0059,-0.0147,0.0359,0.0677
2026-01-09,XES,2026-02-20,65.00,Put,0.00,0.70,0.6895,-0.0685,0.0062,-0.0337,0.0402,-0.0078
2026-01-09,XES,2026-02-20,71.00,Call,17.80,20.30,0.5318,0.9060,0.0095,-0.0176,0.0471,0.0718
2026-01-09,XES,2026-02-20,71.00,Put,0.00,0.75,0.5469,-0.0895,0.0096,-0.0330,0.0492,-0.0101
2026-01-09,XES,2026-02-20,73.00,Call,15.80,18.39,0.4909,0.8952,0.0112,-0.0182,0.0515,0.0729
2026-01-09,XES,2026-02-20,73.00,Put,0.05,0.80,0.4272,-0.0695,0.0102,-0.0214,0.0406,-0.0076
2026-01-09,XES,2026-02-20,76.00,Call,13.00,15.60,0.4486,0.8659,0.0149,-0.0220,0.0624,0.0731
2026-01-09,XES,2026-02-20,76.00,Put,0.05,2.35,0.4933,-0.1437,0.0150,-0.0419,0.0689,-0.0162
2026-01-09,XES,2026-02-20,78.00,Call,10.50,13.70,0.3651,0.8702,0.0179,-0.0153,0.0609,0.0761
2026-01-09,XES,2026-02-20,78.00,Put,0.05,2.20,0.4290,-0.1538,0.0180,-0.0384,0.0720,-0.0172
2026-01-09,XES,2026-02-20,80.00,Call,8.69,12.00,0.3511,0.8326,0.0224,-0.0201,0.0733,0.0742
2026-01-09,XES,2026-02-20,80.00,Put,0.05,2.45,0.3915,-0.1800,0.0219,-0.0392,0.0819,-0.0199
2026-01-09,XES,2026-02-20,82.00,Call,7.50,10.40,0.3683,0.7685,0.0263,-0.0300,0.0903,0.0692
2026-01-09,XES,2026-02-20,82.00,Put,0.15,2.85,0.3647,-0.2197,0.0265,-0.0415,0.0896,-0.0243
2026-01-09,XES,2026-02-20,84.00,Call,6.20,8.80,0.3636,0.7093,0.0302,-0.0355,0.1023,0.0647
2026-01-09,XES,2026-02-20,84.00,Put,0.45,3.50,0.3539,-0.2767,0.0309,-0.0459,0.1026,-0.0307
2026-01-09,XES,2026-02-20,86.00,Call,5.00,7.30,0.3564,0.6440,0.0337,-0.0395,0.1118,0.0595
2026-01-09,XES,2026-02-20,86.00,Put,1.05,3.20,0.3031,-0.3287,0.0390,-0.0432,0.1089,-0.0362
2026-01-09,XES,2026-02-20,87.00,Call,4.60,5.80,0.3246,0.6148,0.0380,-0.0369,0.1149,0.0576
2026-01-09,XES,2026-02-20,87.00,Put,1.40,3.60,0.3018,-0.3697,0.0409,-0.0452,0.1134,-0.0408
2026-01-09,XES,2026-02-20,88.00,Call,2.90,5.00,0.2657,0.5840,0.0475,-0.0301,0.1174,0.0558
2026-01-09,XES,2026-02-20,88.00,Put,1.85,3.70,0.2884,-0.4103,0.0440,-0.0449,0.1170,-0.0453
2026-01-09,XES,2026-02-20,89.00,Call,2.20,5.60,0.3054,0.5349,0.0421,-0.0371,0.1199,0.0508
2026-01-09,XES,2026-02-20,89.00,Put,2.04,4.50,0.2908,-0.4554,0.0445,-0.0465,0.1193,-0.0506
2026-01-09,XES,2026-02-20,90.00,Call,2.04,4.00,0.2723,0.4873,0.0475,-0.0332,0.1205,0.0469
2026-01-09,XES,2026-02-20,90.00,Put,2.65,4.90,0.2891,-0.5004,0.0450,-0.0469,0.1205,-0.0558
2026-01-09,XES,2026-02-20,95.00,Call,0.70,3.00,0.3240,0.3081,0.0354,-0.0374,0.1067,0.0297
2026-01-09,XES,2026-02-20,95.00,Put,5.70,8.10,0.2783,-0.7158,0.0392,-0.0410,0.1032,-0.0817
2026-01-12,XES,2026-01-16,60.00,Call,27.80,29.70,1.6016,0.9912,0.0015,-0.0512,0.0022,0.0067
2026-01-12,XES,2026-01-16,60.00,Put,0.00,0.75,2.6133,-0.0622,0.0049,-0.3623,0.0116,-0.0007
2026-01-12,XES,2026-01-16,65.00,Call,22.39,24.30,2.2101,0.9258,0.0068,-0.3654,0.0130,0.0063
2026-01-12,XES,2026-01-16,65.00,Put,0.00,0.75,2.1937,-0.0746,0.0068,-0.3720,0.0130,-0.0008
2026-01-12,XES,2026-01-16,70.00,Call,17.60,19.50,1.7900,0.9107,0.0096,-0.3402,0.0151,0.0068
2026-01-12,XES,2026-01-16,70.00,Put,0.00,0.75,1.7900,-0.0890,0.0096,-0.3313,0.0150,-0.0009
2026-01-12,XES,2026-01-16,73.00,Call,14.00,16.30,1.5420,0.8977,0.0124,-0.3246,0.0166,0.0070
2026-01-12,XES,2026-01-16,73.00,Put,0.00,0.75,1.5420,-0.1023,0.0124,-0.3154,0.0166,-0.0010
2026-01-12,XES,2026-01-16,75.00,Call,12.20,14.30,1.0140,0.9334,0.0122,0.0000,0.0107,0.0076
2026-01-12,XES,2026-01-16,75.00,Put,0.05,0.10,1.3611,-0.1141,0.0152,-0.3252,0.0179,-0.0011
2026-01-12,XES,2026-01-16,77.00,Call,10.10,12.30,1.2209,0.8748,0.0181,-0.2978,0.0192,0.0072
2026-01-12,XES,2026-01-16,77.00,Put,0.00,0.75,1.2209,-0.1249,0.0181,-0.2886,0.0198,-0.0012
2026-01-12,XES,2026-01-16,79.00,Call,8.00,10.30,0.5738,0.9589,0.0136,0.0000,0.0067,0.0083
2026-01-12,XES,2026-01-16,79.00,Put,0.00,0.75,1.0368,-0.1440,0.0234,-0.2986,0.0210,-0.0014
2026-01-12,XES,2026-01-16,81.00,Call,6.50,8.30,0.8992,0.8376,0.0294,-0.2629,0.0228,0.0072
2026-01-12,XES,2026-01-16,81.00,Put,0.00,0.75,0.8979,-0.1622,0.0294,-0.2529,0.0224,-0.0015
2026-01-12,XES,2026-01-16,83.00,Call,4.60,6.50,0.5880,0.8332,0.0440,-0.0123,0.0223,0.0075
2026-01-12,XES,2026-01-16,83.00,Put,0.00,0.75,0.7045,-0.1979,0.0423,-0.2629,0.0257,-0.0020
2026-01-12,XES,2026-01-16,85.00,Call,2.85,4.00,0.5348,0.7404,0.0637,-0.0619,0.0294,0.0067
2026-01-12,XES,2026-01-16,85.00,Put,0.15,0.75,0.5683,-0.2619,0.0615,-0.2624,0.0298,-0.0026
2026-01-12,XES,2026-01-16,86.00,Call,2.10,4.00,0.5013,0.6793,0.0755,-0.0811,0.0327,0.0062
2026-01-12,XES,2026-01-16,86.00,Put,0.15,1.90,0.5191,-0.3172,0.0734,-0.2714,0.0329,-0.0032
2026-01-12,XES,2026-01-16,87.00,Call,1.35,3.30,0.4732,0.6030,0.0865,-0.0994,0.0354,0.0056
2026-01-12,XES,2026-01-16,87.00,Put,0.05,2.00,0.4115,-0.3748,0.0988,-0.2490,0.0354,-0.0037
2026-01-12,XES,2026-01-16,88.00,Call,0.45,2.80,0.4304,0.5130,0.0987,-0.1041,0.0367,0.0048
2026-01-12,XES,2026-01-16,88.00,Put,0.45,2.65,0.4329,-0.4784,0.0981,-0.2856,0.0367,-0.0048
2026-01-12,XES,2026-01-16,89.00,Call,0.05,2.35,0.4372,0.4159,0.0952,-0.1210,0.0360,0.0039
2026-01-12,XES,2026-01-16,89.00,Put,0.90,3.00,0.3908,-0.5863,0.1064,-0.2820,0.0358,-0.0059
2026-01-12,XES,2026-01-16,90.00,Call,0.40,1.85,0.4465,0.3899,0.0912,-0.1999,0.0361,0.0037
2026-01-12,XES,2026-01-16,90.00,Put,1.50,3.70,0.5200,-0.6377,0.0767,-0.3399,0.0344,-0.0065
2026-01-12,XES,2026-01-16,95.00,Call,0.00,0.75,0.7937,0.1911,0.0367,-0.2154,0.0252,0.0017
2026-01-12,XES,2026-01-16,95.00,Put,5.80,7.80,0.7937,-0.8006,0.0369,-0.3960,0.0244,-0.0086
2026-01-12,XES,2026-02-20,65.00,Call,21.70,25.00,0.6550,0.9434,0.0059,-0.0339,0.0330,0.0632
2026-01-12,XES,2026-02-20,65.00,Put,0.00,0.70,0.7106,-0.0695,0.0065,-0.0347,0.0384,-0.0069
2026-01-12,XES,2026-02-20,70.00,Call,17.70,20.10,0.5889,0.9168,0.0093,-0.0508,0.0461,0.0654
2026-01-12,XES,2026-02-20,70.00,Put,0.00,0.75,0.5889,-0.0879,0.0094,-0.0332,0.0460,-0.0084
2026-01-12,XES,2026-02-20,73.00,Call,14.80,17.30,0.5102,0.9051,0.0118,-0.0492,0.0506,0.0675
2026-01-12,XES,2026-02-20,73.00,Put,0.00,0.75,0.5102,-0.0999,0.0119,-0.0313,0.0508,-0.0094
2026-01-12,XES,2026-02-20,75.00,Call,12.90,15.30,0.4969,0.8743,0.0143,-0.0447,0.0600,0.0668
2026-01-12,XES,2026-02-20,75.00,Put,0.05,1.00,0.4969,-0.1259,0.0144,-0.0371,0.0594,-0.0120
2026-01-12,XES,2026-02-20,77.00,Call,11.19,13.40,0.2604,0.9665,0.0110,-0.0258,0.0240,0.0782
2026-01-12,XES,2026-02-20,77.00,Put,0.20,2.00,0.4622,-0.1479,0.0173,-0.0384,0.0667,-0.0140
2026-01-12,XES,2026-02-20,79.00,Call,9.30,11.60,0.2647,0.9309,0.0182,-0.0310,0.0404,0.0768
2026-01-12,XES,2026-02-20,79.00,Put,0.40,2.00,0.4211,-0.1726,0.0212,-0.0368,0.0726,-0.0157
2026-01-12,XES,2026-02-20,81.00,Call,7.90,10.00,0.3135,0.8387,0.0268,-0.0353,0.0710,0.0700
2026-01-12,XES,2026-02-20,81.00,Put,0.05,2.90,0.3978,-0.2114,0.0252,-0.0410,0.0862,-0.0195
2026-01-12,XES,2026-02-20,83.00,Call,6.10,8.50,0.3019,0.7812,0.0336,-0.0396,0.0857,0.0663
2026-01-12,XES,2026-02-20,83.00,Put,0.45,3.00,0.3643,-0.2555,0.0306,-0.0414,0.0942,-0.0232
2026-01-12,XES,2026-02-20,85.00,Call,4.70,7.10,0.2993,0.7105,0.0399,-0.0517,0.0998,0.0608
2026-01-12,XES,2026-02-20,85.00,Put,0.95,3.80,0.3633,-0.3238,0.0344,-0.0458,0.1050,-0.0289
2026-01-12,XES,2026-02-20,86.00,Call,4.20,6.40,0.3075,0.6593,0.0410,-0.0475,0.1064,0.0569
2026-01-12,XES,2026-02-20,86.00,Put,1.20,3.20,0.3115,-0.3449,0.0412,-0.0398,0.1059,-0.0302
2026-01-12,XES,2026-02-20,87.00,Call,3.70,5.80,0.3117,0.6152,0.0422,-0.0495,0.1109,0.0533
2026-01-12,XES,2026-02-20,87.00,Put,1.55,3.50,0.3044,-0.3864,0.0439,-0.0402,0.1103,-0.0333
2026-01-12,XES,2026-02-20,88.00,Call,2.20,5.20,0.2672,0.5831,0.0513,-0.0554,0.1136,0.0509
2026-01-12,XES,2026-02-20,88.00,Put,1.90,3.90,0.2981,-0.4310,0.0462,-0.0401,0.1143,-0.0364
2026-01-12,XES,2026-02-20,89.00,Call,2.55,4.80,0.3076,0.5327,0.0449,-0.0556,0.1155,0.0464
2026-01-12,XES,2026-02-20,89.00,Put,2.45,4.40,0.3009,-0.4775,0.0465,-0.0407,0.1154,-0.0398
2026-01-12,XES,2026-02-20,90.00,Call,2.50,4.09,0.3180,0.4852,0.0431,-0.0513,0.1157,0.0425
2026-01-12,XES,2026-02-20,90.00,Put,4.09,5.00,0.3518,-0.5138,0.0398,-0.0480,0.1151,-0.0432
2026-01-12,XES,2026-02-20,95.00,Call,0.15,1.95,0.3324,0.2986,0.0359,-0.0455,0.1007,0.0264
2026-01-12,XES,2026-02-20,95.00,Put,6.70,8.50,0.3324,-0.7109,0.0371,-0.0370,0.0972,-0.0522
2026-01-12,XES,2026-02-20,100.00,Call,0.30,2.00,0.3817,0.1984,0.0252,-0.0432,0.0807,0.0175
2026-01-12,XES,2026-02-20,100.00,Put,10.50,13.00,0.3433,-0.8471,0.0265,-0.0247,0.0686,-0.0504
2026-01-12,XES,2026-03-20,62.00,Call,26.00,28.50,0.5259,0.9572,0.0045,-0.0192,0.0344,0.1053
2026-01-12,XES,2026-03-20,62.00,Put,0.00,0.75,0.6150,-0.0658,0.0055,-0.0217,0.0484,-0.0113
2026-01-12,XES,2026-03-20,66.00,Call,22.10,24.50,0.4557,0.9486,0.0060,-0.0196,0.0398,0.1112
2026-01-12,XES,2026-03-20,66.00,Put,0.05,0.80,0.5456,-0.0836,0.0073,-0.0239,0.0583,-0.0152
2026-01-12,XES,2026-03-20,70.00,Call,17.80,20.50,0.3370,0.9589,0.0068,-0.0149,0.0332,0.1205
2026-01-12,XES,2026-03-20,70.00,Put,0.05,2.00,0.4828,-0.1061,0.0099,-0.0253,0.0695,-0.0191
2026-01-12,XES,2026-03-20,73.00,Call,15.50,18.00,0.3957,0.8956,0.0120,-0.0265,0.0685,0.1146
2026-01-12,XES,2026-03-20,73.00,Put,0.25,2.00,0.4318,-0.1259,0.0126,-0.0257,0.0793,-0.0219
2026-01-12,XES,2026-03-20,75.00,Call,13.90,16.00,0.4279,0.8332,0.0147,-0.0247,0.0912,0.1083
2026-01-12,XES,2026-03-20,75.00,Put,0.65,2.00,0.4122,-0.1496,0.0148,-0.0276,0.0888,-0.0260
2026-01-12,XES,2026-03-20,80.00,Call,9.50,11.30,0.3183,0.8035,0.0229,-0.0310,0.1049,0.1113
2026-01-12,XES,2026-03-20,80.00,Put,0.70,3.00,0.3499,-0.2231,0.0223,-0.0301,0.1130,-0.0397
2026-01-12,XES,2026-03-20,85.00,Call,5.00,8.50,0.3238,0.6369,0.0300,-0.0310,0.1405,0.0913
2026-01-12,XES,2026-03-20,85.00,Put,1.80,3.90,0.2987,-0.3462,0.0324,-0.0321,0.1392,-0.0597
2026-01-12,XES,2026-03-20,90.00,Call,2.50,5.50,0.3086,0.4737,0.0336,-0.0325,0.1501,0.0698
2026-01-12,XES,2026-03-20,90.00,Put,4.60,6.50,0.3176,-0.5147,0.0328,-0.0370,0.1508,-0.0890
2026-01-12,XES,2026-03-20,95.00,Call,1.85,3.40,0.3345,0.3351,0.0284,-0.0329,0.1378,0.0497
2026-01-12,XES,2026-03-20,95.00,Put,7.90,9.60,0.3313,-0.6612,0.0307,-0.0293,0.1404,-0.0857
2026-01-12,XES,2026-03-20,100.00,Call,0.05,1.80,0.3365,0.2187,0.0229,-0.0271,0.1118,0.0328
2026-01-12,XES,2026-03-20,100.00,Put,12.20,13.50,0.3365,-0.7723,0.0230,-0.0296,0.1096,-0.1290
2026-01-12,XES,2026-03-20,105.00,Call,0.05,1.15,0.3097,0.1109,0.0160,-0.0161,0.0717,0.0169
2026-01-12,XES,2026-03-20,105.00,Put,15.50,18.30,0.3079,-0.8819,0.0160,-0.0177,0.0729,-0.1379
2026-01-12,XES,2026-03-20,110.00,Call,0.00,0.95,0.4165,0.1290,0.0132,-0.0242,0.0798,0.0192
2026-01-12,XES,2026-03-20,110.00,Put,20.30,23.60,0.3961,-0.8990,0.0149,-0.0148,0.0685,-0.0748
2026-01-12,XES,2026-03-20,115.00,Call,0.00,0.75,0.4382,0.1023,0.0107,-0.0229,0.0676,0.0152
2026-01-12,XES,2026-03-20,115.00,Put,25.30,28.90,0.4770,-0.8932,0.0123,-0.0193,0.0714,-0.0841
2026-01-13,XES,2026-01-16,65.00,Call,24.30,26.50,2.5648,0.9418,0.0062,-0.7003,0.0104,0.0048
2026-01-13,XES,2026-01-16,65.00,Put,0.00,0.75,2.6408,-0.0719,0.0064,-0.4677,0.0110,-0.0005
2026-01-13,XES,2026-01-16,69.00,Call,20.20,22.50,2.1396,0.9348,0.0081,-0.6541,0.0113,0.0050
2026-01-13,XES,2026-01-16,69.00,Put,0.00,0.75,2.2490,-0.0831,0.0084,-0.4428,0.0122,-0.0006
2026-01-13,XES,2026-01-16,72.00,Call,17.20,19.39,1.8248,0.9294,0.0100,-0.6127,0.0119,0.0052
2026-01-13,XES,2026-01-16,72.00,Put,0.00,0.75,1.9668,-0.0938,0.0106,-0.4207,0.0140,-0.0006
2026-01-13,XES,2026-01-16,75.00,Call,14.20,16.39,1.5604,0.9176,0.0130,-0.5910,0.0132,0.0054
2026-01-13,XES,2026-01-16,75.00,Put,0.00,0.75,1.6893,-0.1074,0.0137,-0.3946,0.0147,-0.0007
2026-01-13,XES,2026-01-16,77.00,Call,12.20,14.40,1.3860,0.9078,0.0158,-0.5741,0.0142,0.0055
2026-01-13,XES,2026-01-16,77.00,Put,0.00,0.75,1.5038,-0.1188,0.0165,-0.3732,0.0161,-0.0008
2026-01-13,XES,2026-01-16,79.00,Call,10.40,12.40,1.2745,0.8848,0.0199,-0.5895,0.0165,0.0055
2026-01-13,XES,2026-01-16,79.00,Put,0.00,0.75,1.3213,-0.1330,0.0204,-0.3503,0.0179,-0.0009
2026-01-13,XES,2026-01-16,81.00,Call,8.30,10.40,1.0668,0.8735,0.0253,-0.5476,0.0175,0.0056
2026-01-13,XES,2026-01-16,81.00,Put,0.00,0.75,1.1785,-0.1457,0.0242,-0.3295,0.0182,-0.0010
2026-01-13,XES,2026-01-16,83.00,Call,6.40,8.50,0.9376,0.8389,0.0335,-0.5456,0.0204,0.0055
2026-01-13,XES,2026-01-16,83.00,Put,0.00,0.75,0.9502,-0.1759,0.0344,-0.2893,0.0216,-0.0011
2026-01-13,XES,2026-01-16,85.00,Call,4.90,6.60,0.8728,0.7725,0.0439,-0.5710,0.0249,0.0051
2026-01-13,XES,2026-01-16,85.00,Put,0.00,0.75,0.7562,-0.2123,0.0489,-0.2457,0.0235,-0.0013
2026-01-13,XES,2026-01-16,87.00,Call,2.65,4.60,0.6128,0.7273,0.0686,-0.4753,0.0273,0.0050
2026-01-13,XES,2026-01-16,87.00,Put,0.00,1.90,0.9494,-0.3555,0.0505,-0.3970,0.0300,-0.0022
2026-01-13,XES,2026-01-16,88.00,Call,1.60,4.20,0.5928,0.6578,0.0779,-0.4744,0.0300,0.0045
2026-01-13,XES,2026-01-16,88.00,Put,0.00,2.00,0.8497,-0.4011,0.0593,-0.3555,0.0310,-0.0024
2026-01-13,XES,2026-01-16,89.00,Call,0.85,2.95,0.4644,0.5912,0.1049,-0.4048,0.0317,0.0041
2026-01-13,XES,2026-01-16,89.00,Put,0.05,2.30,0.4450,-0.4534,0.1269,-0.1493,0.0312,-0.0022
2026-01-13,XES,2026-01-16,90.00,Call,0.15,2.10,0.3847,0.4780,0.1294,-0.3367,0.0323,0.0034
2026-01-13,XES,2026-01-16,90.00,Put,0.30,2.50,0.3847,-0.6085,0.1665,-0.1021,0.0293,-0.0023
2026-01-13,XES,2026-01-16,95.00,Call,0.00,0.75,0.7684,0.2189,0.0478,-0.3650,0.0239,0.0015
2026-01-13,XES,2026-01-16,95.00,Put,3.70,5.90,0.7684,-0.8491,0.0578,-0.1394,0.0180,-0.0025
2026-01-13,XES,2026-02-20,65.00,Call,24.30,27.00,0.4890,1.0000,0.0026,-0.0498,0.0105,0.0659
2026-01-13,XES,2026-02-20,65.00,Put,0.00,0.50,0.6836,-0.0546,0.0056,-0.0275,0.0318,-0.0052
2026-01-13,XES,2026-02-20,69.00,Call,20.39,22.90,0.3977,1.0000,0.0032,-0.0489,0.0105,0.0701
2026-01-13,XES,2026-02-20,69.00,Put,0.00,0.75,0.6494,-0.0814,0.0082,-0.0336,0.0440,-0.0076
2026-01-13,XES,2026-02-20,72.00,Call,17.39,20.00,0.3706,0.9919,0.0052,-0.0511,0.0161,0.0723
2026-01-13,XES,2026-02-20,72.00,Put,0.00,0.75,0.5696,-0.0917,0.0102,-0.0317,0.0473,-0.0084
2026-01-13,XES,2026-02-20,75.00,Call,14.60,17.50,0.4274,0.9403,0.0116,-0.0642,0.0409,0.0703
2026-01-13,XES,2026-02-20,75.00,Put,0.00,2.00,0.6868,-0.1717,0.0131,-0.0592,0.0742,-0.0158
2026-01-13,XES,2026-02-20,77.00,Call,12.70,15.20,0.3551,0.9457,0.0132,-0.0597,0.0386,0.0730
2026-01-13,XES,2026-02-20,77.00,Put,0.00,2.00,0.6245,-0.1868,0.0153,-0.0560,0.0765,-0.0169
2026-01-13,XES,2026-02-20,79.00,Call,10.90,13.50,0.3614,0.9066,0.0181,-0.0657,0.0538,0.0712
2026-01-13,XES,2026-02-20,79.00,Put,0.10,2.00,0.4358,-0.1531,0.0194,-0.0328,0.0676,-0.0133
2026-01-13,XES,2026-02-20,81.00,Call,9.10,11.50,0.3282,0.8818,0.0230,-0.0660,0.0622,0.0709
2026-01-13,XES,2026-02-20,81.00,Put,0.05,2.50,0.4111,-0.1881,0.0236,-0.0345,0.0801,-0.0159
2026-01-13,XES,2026-02-20,83.00,Call,7.40,10.00,0.3311,0.8235,0.0289,-0.0710,0.0788,0.0671
2026-01-13,XES,2026-02-20,83.00,Put,0.25,2.85,0.3849,-0.2314,0.0287,-0.0354,0.0877,-0.0191
2026-01-13,XES,2026-02-20,85.00,Call,6.60,8.19,0.3508,0.7463,0.0330,-0.0773,0.0954,0.0614
2026-01-13,XES,2026-02-20,85.00,Put,0.70,2.65,0.3361,-0.2751,0.0366,-0.0321,0.0949,-0.0217
2026-01-13,XES,2026-02-20,87.00,Call,4.60,7.00,0.3236,0.6835,0.0394,-0.0753,0.1051,0.0572
2026-01-13,XES,2026-02-20,87.00,Put,1.30,3.80,0.3528,-0.3608,0.0398,-0.0369,0.1077,-0.0272
2026-01-13,XES,2026-02-20,88.00,Call,4.20,6.20,0.3247,0.6422,0.0410,-0.0756,0.1098,0.0540
2026-01-13,XES,2026-02-20,88.00,Put,2.30,3.50,0.3465,-0.4011,0.0424,-0.0366,0.1106,-0.0294
2026-01-13,XES,2026-02-20,89.00,Call,3.30,6.00,0.3264,0.6000,0.0421,-0.0755,0.1132,0.0507
2026-01-13,XES,2026-02-20,89.00,Put,2.00,4.50,0.3368,-0.4442,0.0454,-0.0352,0.1123,-0.0313
2026-01-13,XES,2026-02-20,90.00,Call,3.30,4.80,0.3200,0.5579,0.0437,-0.0736,0.1153,0.0474
2026-01-13,XES,2026-02-20,90.00,Put,2.20,4.50,0.3010,-0.4950,0.0533,-0.0294,0.1124,-0.0322
2026-01-13,XES,2026-02-20,95.00,Call,0.45,3.00,0.2862,0.3283,0.0444,-0.0542,0.1046,0.0286
2026-01-13,XES,2026-02-20,95.00,Put,5.50,7.50,0.2862,-0.7795,0.0585,-0.0156,0.0804,-0.0289
2026-01-13,XES,2026-02-20,100.00,Call,0.00,2.00,0.4450,0.2751,0.0263,-0.0688,0.0965,0.0233
2026-01-13,XES,2026-02-20,100.00,Put,9.00,11.60,0.4450,-0.7672,0.0286,-0.0370,0.0888,-0.0444
2026-01-13,XES,2026-03-20,63.00,Call,26.30,29.10,0.5079,0.9745,0.0042,-0.0332,0.0307,0.1065
2026-01-13,XES,2026-03-20,63.00,Put,0.00,2.00,0.8194,-0.1137,0.0062,-0.0427,0.0757,-0.0199
2026-01-13,XES,2026-03-20,68.00,Call,21.50,24.30,0.4587,0.9525,0.0068,-0.0368,0.0446,0.1116
2026-01-13,XES,2026-03-20,68.00,Put,0.00,2.00,0.6913,-0.1333,0.0083,-0.0397,0.0822,-0.0225
2026-01-13,XES,2026-03-20,72.00,Call,17.80,20.50,0.4246,0.9241,0.0099,-0.0404,0.0603,0.1138
2026-01-13,XES,2026-03-20,72.00,Put,0.10,2.00,0.4758,-0.1109,0.0106,-0.0233,0.0712,-0.0177
2026-01-13,XES,2026-03-20,75.00,Call,15.00,18.00,0.4122,0.8881,0.0131,-0.0445,0.0774,0.1129
2026-01-13,XES,2026-03-20,75.00,Put,0.05,2.60,0.4465,-0.1418,0.0135,-0.0256,0.0885,-0.0222
2026-01-13,XES,2026-03-20,80.00,Call,10.50,13.10,0.3374,0.8354,0.0203,-0.0446,0.0983,0.1129
2026-01-13,XES,2026-03-20,80.00,Put,0.65,3.00,0.3852,-0.2075,0.0201,-0.0270,0.1081,-0.0313
2026-01-13,XES,2026-03-20,85.00,Call,6.70,9.80,0.3385,0.7043,0.0276,-0.0509,0.1337,0.0982
2026-01-13,XES,2026-03-20,85.00,Put,1.80,3.80,0.3397,-0.3182,0.0290,-0.0281,0.1340,-0.0450
2026-01-13,XES,2026-03-20,90.00,Call,3.50,6.60,0.3131,0.5519,0.0338,-0.0491,0.1515,0.0795
2026-01-13,XES,2026-03-20,90.00,Put,3.40,5.70,0.3074,-0.4828,0.0376,-0.0260,0.1500,-0.0605
2026-01-13,XES,2026-03-20,95.00,Call,2.90,3.70,0.3333,0.3998,0.0309,-0.0468,0.1472,0.0582
2026-01-13,XES,2026-03-20,95.00,Put,6.10,8.60,0.2859,-0.6845,0.0410,-0.0185,0.1312,-0.0660
2026-01-13,XES,2026-03-20,100.00,Call,1.00,2.75,0.3300,0.2657,0.0264,-0.0376,0.1246,0.0393
2026-01-13,XES,2026-03-20,100.00,Put,9.50,12.20,0.3300,-0.8008,0.0314,-0.0159,0.1020,-0.0629
2026-01-13,XES,2026-03-20,105.00,Call,0.00,2.00,0.4221,0.2342,0.0193,-0.0429,0.1165,0.0340
2026-01-13,XES,2026-03-20,105.00,Put,13.60,16.39,0.4221,-0.8201,0.0222,-0.0208,0.0959,-0.0697
2026-01-13,XES,2026-03-20,110.00,Call,0.00,2.00,0.4952,0.2091,0.0154,-0.0459,0.1092,0.0299
2026-01-13,XES,2026-03-20,110.00,Put,18.50,21.30,0.4952,-0.8208,0.0165,-0.0285,0.1013,-0.0866
2026-01-13,XES,2026-03-20,115.00,Call,0.00,0.75,0.4952,0.1535,0.0127,-0.0374,0.0898,0.0222
2026-01-13,XES,2026-03-20,115.00,Put,23.50,26.20,0.4952,-0.9043,0.0150,-0.0148,0.0617,-0.0561
2026-01-14,XES,2026-01-16,65.00,Call,24.50,27.80,3.3485,0.9250,0.0057,-0.4332,0.0088,0.0031
2026-01-14,XES,2026-01-16,65.00,Put,0.00,0.75,3.3485,-0.0675,0.0057,-0.7646,0.0088,-0.0003
2026-01-14,XES,2026-01-16,69.00,Call,21.39,23.90,2.5244,0.9366,0.0065,-0.1704,0.0076,0.0034
2026-01-14,XES,2026-01-16,69.00,Put,0.00,0.75,2.8758,-0.0777,0.0074,-0.7350,0.0098,-0.0004
2026-01-14,XES,2026-01-16,73.00,Call,16.39,19.89,2.4205,0.9018,0.0099,-0.3701,0.0111,0.0035
2026-01-14,XES,2026-01-16,73.00,Put,0.00,0.75,2.4205,-0.0907,0.0099,-0.7007,0.0111,-0.0004
2026-01-14,XES,2026-01-16,76.00,Call,13.60,16.89,1.1443,0.9786,0.0045,0.0000,0.0024,0.0040
2026-01-14,XES,2026-01-16,76.00,Put,0.00,0.75,2.0868,-0.1034,0.0126,-0.6708,0.0122,-0.0005
2026-01-14,XES,2026-01-16,78.00,Call,11.50,14.90,1.8666,0.8785,0.0151,-0.3182,0.0131,0.0036
2026-01-14,XES,2026-01-16,78.00,Put,0.00,0.75,1.8666,-0.1140,0.0151,-0.6483,0.0131,-0.0006
2026-01-14,XES,2026-01-16,80.00,Call,9.40,13.00,1.6471,0.8656,0.0185,-0.2932,0.0141,0.0037
2026-01-14,XES,2026-01-16,80.00,Put,0.00,0.75,1.6471,-0.1270,0.0185,-0.6231,0.0141,-0.0006
2026-01-14,XES,2026-01-16,82.00,Call,7.70,11.00,0.9047,0.9406,0.0172,0.0000,0.0072,0.0042
2026-01-14,XES,2026-01-16,82.00,Put,0.00,0.75,1.4268,-0.1429,0.0232,-0.5947,0.0157,-0.0007
2026-01-14,XES,2026-01-16,84.00,Call,5.70,9.00,0.7378,0.9306,0.0242,0.0000,0.0082,0.0042
2026-01-14,XES,2026-01-16,84.00,Put,0.00,0.75,1.1967,-0.1659,0.0304,-0.5654,0.0169,-0.0008
2026-01-14,XES,2026-01-16,86.00,Call,3.30,6.50,0.9680,0.7946,0.0419,-0.1638,0.0188,0.0036
2026-01-14,XES,2026-01-16,86.00,Put,0.00,0.75,0.9758,-0.1960,0.0415,-0.5221,0.0187,-0.0010
2026-01-14,XES,2026-01-16,88.00,Call,1.95,5.10,0.5433,0.8071,0.0718,0.0000,0.0180,0.0038
2026-01-14,XES,2026-01-16,88.00,Put,0.00,0.75,0.7367,-0.2449,0.0624,-0.4731,0.0213,-0.0012
2026-01-14,XES,2026-01-16,89.00,Call,2.15,4.09,0.6984,0.6808,0.0739,-0.1679,0.0239,0.0032
2026-01-14,XES,2026-01-16,89.00,Put,0.00,0.95,0.6947,-0.3046,0.0740,-0.5139,0.0232,-0.0015
2026-01-14,XES,2026-01-16,90.00,Call,0.80,3.30,0.5073,0.6414,0.1069,-0.1054,0.0251,0.0031
2026-01-14,XES,2026-01-16,90.00,Put,0.05,2.00,0.5073,-0.3505,0.1072,-0.4349,0.0250,-0.0018
2026-01-14,XES,2026-01-16,95.00,Call,0.00,0.95,0.5073,0.1426,0.0651,-0.1465,0.0153,0.0007
2026-01-14,XES,2026-01-16,95.00,Put,2.30,5.00,0.5073,-0.8501,0.0654,-0.4759,0.0159,-0.0045
2026-01-14,XES,2026-02-20,65.00,Call,24.60,28.10,0.7855,0.9255,0.0056,-0.0291,0.0379,0.0586
2026-01-14,XES,2026-02-20,65.00,Put,0.00,0.75,0.7855,-0.0670,0.0056,-0.0408,0.0379,-0.0070
2026-01-14,XES,2026-02-20,69.00,Call,20.70,24.10,0.6756,0.9155,0.0072,-0.0278,0.0421,0.0617
2026-01-14,XES,2026-02-20,69.00,Put,0.00,0.75,0.6756,-0.0770,0.0072,-0.0391,0.0421,-0.0079
2026-01-14,XES,2026-02-20,73.00,Call,18.00,20.20,0.5437,0.9115,0.0094,-0.0219,0.0438,0.0655
2026-01-14,XES,2026-02-20,73.00,Put,0.00,0.75,0.5699,-0.0898,0.0097,-0.0371,0.0473,-0.0091
2026-01-14,XES,2026-02-20,76.00,Call,15.10,17.30,0.4865,0.8928,0.0122,-0.0238,0.0511,0.0667
2026-01-14,XES,2026-02-20,76.00,Put,0.00,0.75,0.4865,-0.0997,0.0122,-0.0344,0.0511,-0.0100
2026-01-14,XES,2026-02-20,78.00,Call,13.20,15.60,0.4692,0.8676,0.0149,-0.0287,0.0600,0.0662
2026-01-14,XES,2026-02-20,78.00,Put,0.00,1.90,0.6125,-0.1776,0.0145,-0.0644,0.0752,-0.0183
2026-01-14,XES,2026-02-20,80.00,Call,11.40,13.30,0.4074,0.8587,0.0180,-0.0256,0.0629,0.0674
2026-01-14,XES,2026-02-20,80.00,Put,0.00,2.00,0.5635,-0.1984,0.0169,-0.0637,0.0826,-0.0204
2026-01-14,XES,2026-02-20,82.00,Call,9.50,12.10,0.4156,0.8093,0.0217,-0.0350,0.0774,0.0644
2026-01-14,XES,2026-02-20,82.00,Put,0.00,2.00,0.5013,-0.2192,0.0200,-0.0601,0.0861,-0.0224
2026-01-14,XES,2026-02-20,84.00,Call,7.80,10.30,0.3865,0.7706,0.0262,-0.0374,0.0867,0.0625
2026-01-14,XES,2026-02-20,84.00,Put,0.15,2.80,0.3789,-0.2179,0.0265,-0.0459,0.0854,-0.0216
2026-01-14,XES,2026-02-20,86.00,Call,6.20,8.60,0.3615,0.7203,0.0312,-0.0399,0.0967,0.0595
2026-01-14,XES,2026-02-20,86.00,Put,0.55,2.75,0.3372,-0.2604,0.0329,-0.0455,0.0934,-0.0257
2026-01-14,XES,2026-02-20,88.00,Call,5.20,7.20,0.3703,0.6481,0.0338,-0.0471,0.1072,0.0540
2026-01-14,XES,2026-02-20,88.00,Put,1.05,2.75,0.2968,-0.3185,0.0410,-0.0445,0.1043,-0.0314
2026-01-14,XES,2026-02-20,89.00,Call,3.20,6.60,0.3057,0.6275,0.0418,-0.0390,0.1094,0.0534
2026-01-14,XES,2026-02-20,89.00,Put,1.25,3.70,0.3151,-0.3675,0.0408,-0.0499,0.1085,-0.0365
2026-01-14,XES,2026-02-20,90.00,Call,2.70,5.90,0.3030,0.5842,0.0435,-0.0405,0.1129,0.0500
2026-01-14,XES,2026-02-20,90.00,Put,1.70,3.80,0.3014,-0.4079,0.0439,-0.0496,0.1121,-0.0405
2026-01-14,XES,2026-02-20,95.00,Call,1.35,3.20,0.3178,0.3731,0.0405,-0.0437,0.1101,0.0324
2026-01-14,XES,2026-02-20,95.00,Put,5.10,6.40,0.3200,-0.6183,0.0404,-0.0529,0.1096,-0.0632
2026-01-14,XES,2026-02-20,100.00,Call,0.45,1.95,0.2999,0.1885,0.0307,-0.0301,0.0787,0.0166
2026-01-14,XES,2026-02-20,100.00,Put,8.19,10.40,0.2999,-0.8044,0.0307,-0.0383,0.0814,-0.0841
2026-01-14,XES,2026-03-20,64.00,Call,26.90,29.30,0.5878,0.9337,0.0050,-0.0142,0.0444,0.1026
2026-01-14,XES,2026-03-20,64.00,Put,0.00,1.25,0.7067,-0.0870,0.0057,-0.0334,0.0612,-0.0164
2026-01-14,XES,2026-03-20,69.00,Call,22.10,24.50,0.5182,0.9123,0.0073,-0.0173,0.0568,0.1077
2026-01-14,XES,2026-03-20,69.00,Put,0.00,2.00,0.6909,-0.1301,0.0078,-0.0437,0.0818,-0.0248
2026-01-14,XES,2026-03-20,73.00,Call,18.20,20.80,0.4638,0.8884,0.0099,-0.0198,0.0691,0.1105
2026-01-14,XES,2026-03-20,73.00,Put,0.00,2.00,0.5936,-0.1491,0.0100,-0.0412,0.0897,-0.0279
2026-01-14,XES,2026-03-20,75.00,Call,16.30,19.00,0.4411,0.8714,0.0116,-0.0215,0.0771,0.1110
2026-01-14,XES,2026-03-20,75.00,Put,0.30,1.30,0.4007,-0.1008,0.0113,-0.0212,0.0682,-0.0179
2026-01-14,XES,2026-03-20,80.00,Call,12.00,14.60,0.4009,0.8058,0.0171,-0.0278,0.1032,0.1081
2026-01-14,XES,2026-03-20,80.00,Put,0.80,1.50,0.3434,-0.1540,0.0178,-0.0247,0.0921,-0.0264
2026-01-14,XES,2026-03-20,85.00,Call,8.50,10.40,0.3743,0.7049,0.0233,-0.0345,0.1312,0.0984
2026-01-14,XES,2026-03-20,85.00,Put,1.50,3.10,0.3331,-0.2692,0.0255,-0.0334,0.1277,-0.0463
2026-01-14,XES,2026-03-20,90.00,Call,5.00,7.50,0.3547,0.5730,0.0282,-0.0385,0.1502,0.0825
2026-01-14,XES,2026-03-20,90.00,Put,3.20,5.70,0.3447,-0.4174,0.0291,-0.0409,0.1502,-0.0719
2026-01-14,XES,2026-03-20,95.00,Call,1.70,4.60,0.2962,0.4079,0.0335,-0.0324,0.1494,0.0610
2026-01-14,XES,2026-03-20,95.00,Put,5.50,8.00,0.3150,-0.5751,0.0318,-0.0377,0.1504,-0.0980
2026-01-14,XES,2026-03-20,100.00,Call,0.90,2.85,0.3095,0.2714,0.0275,-0.0294,0.1279,0.0410
2026-01-14,XES,2026-03-20,100.00,Put,9.00,11.40,0.3127,-0.7174,0.0274,-0.0323,0.1280,-0.1195
2026-01-14,XES,2026-03-20,105.00,Call,0.00,2.00,0.4036,0.2360,0.0196,-0.0359,0.1189,0.0350
2026-01-14,XES,2026-03-20,105.00,Put,12.60,15.00,0.2600,-0.8738,0.0194,-0.0166,0.0760,-0.1674
2026-01-14,XES,2026-03-20,110.00,Call,0.00,2.60,0.5301,0.2387,0.0150,-0.0477,0.1196,0.0344
2026-01-14,XES,2026-03-20,110.00,Put,17.10,20.80,0.3454,-0.8740,0.0148,-0.0213,0.0753,-0.1314
2026-01-14,XES,2026-03-20,115.00,Call,0.00,2.25,0.5687,0.2027,0.0127,-0.0468,0.1090,0.0291
2026-01-14,XES,2026-03-20,115.00,Put,22.00,25.60,0.3850,-0.8998,0.0113,-0.0198,0.0676,-0.1282
2026-01-15,XES,2026-01-16,65.00,Call,25.50,27.90,4.7950,0.9329,0.0056,-1.5040,0.0062,0.0015
2026-01-15,XES,2026-01-16,65.00,Put,0.00,0.75,4.7796,-0.0670,0.0056,-1.4844,0.0062,-0.0001
2026-01-15,XES,2026-01-16,69.00,Call,21.50,24.00,2.2019,0.9942,0.0015,-0.0970,0.0007,0.0018
2026-01-15,XES,2026-01-16,69.00,Put,0.00,0.75,4.1227,-0.0769,0.0072,-1.4254,0.0069,-0.0002
2026-01-15,XES,2026-01-16,74.00,Call,16.50,18.89,3.3286,0.9066,0.0104,-1.3432,0.0080,0.0017
2026-01-15,XES,2026-01-16,74.00,Put,0.00,0.75,3.3247,-0.0933,0.0104,-1.3293,0.0080,-0.0002
2026-01-15,XES,2026-01-16,76.00,Call,14.60,17.20,2.1137,0.9603,0.0084,-0.4448,0.0041,0.0019
2026-01-15,XES,2026-01-16,76.00,Put,0.00,0.75,3.0118,-0.1018,0.0122,-1.2832,0.0085,-0.0002
2026-01-15,XES,2026-01-16,78.00,Call,12.60,15.20,1.8709,0.9557,0.0104,-0.4304,0.0044,0.0020
2026-01-15,XES,2026-01-16,78.00,Put,0.00,0.75,2.7022,-0.1120,0.0146,-1.2326,0.0091,-0.0003
2026-01-15,XES,2026-01-16,81.00,Call,9.50,12.10,1.2718,0.9713,0.0107,-0.2111,0.0031,0.0021
2026-01-15,XES,2026-01-16,81.00,Put,0.00,0.75,2.2391,-0.1310,0.0198,-1.1449,0.0103,-0.0003
2026-01-15,XES,2026-01-16,83.00,Call,7.50,9.90,1.9321,0.8507,0.0250,-1.0875,0.0111,0.0018
2026-01-15,XES,2026-01-16,83.00,Put,0.00,0.75,1.9325,-0.1492,0.0250,-1.0762,0.0111,-0.0003
2026-01-15,XES,2026-01-16,85.00,Call,6.60,7.80,1.3701,0.8638,0.0331,-0.7278,0.0104,0.0019
2026-01-15,XES,2026-01-16,85.00,Put,0.00,0.75,1.6159,-0.1729,0.0329,-0.9891,0.0122,-0.0004
2026-01-15,XES,2026-01-16,87.00,Call,3.50,6.00,0.4988,0.9793,0.0207,-0.0715,0.0023,0.0023
2026-01-15,XES,2026-01-16,87.00,Put,0.00,0.75,1.2923,-0.2067,0.0462,-0.8865,0.0140,-0.0005
2026-01-15,XES,2026-01-16,89.00,Call,2.55,3.80,0.7450,0.7864,0.0812,-0.5296,0.0139,0.0018
2026-01-15,XES,2026-01-16,89.00,Put,0.00,0.75,0.9504,-0.2634,0.0718,-0.7444,0.0155,-0.0006
2026-01-15,XES,2026-01-16,90.00,Call,1.70,2.80,0.6247,0.7249,0.1109,-0.5078,0.0160,0.0017
2026-01-15,XES,2026-01-16,90.00,Put,0.05,1.35,0.6247,-0.2750,0.1113,-0.4974,0.0163,-0.0006
2026-01-15,XES,2026-01-16,95.00,Call,0.00,0.75,0.3738,0.0380,0.0459,-0.0744,0.0039,0.0000
2026-01-15,XES,2026-01-16,95.00,Put,2.10,4.50,0.3738,-0.9653,0.0463,-0.0621,0.0039,-0.0011
2026-01-15,XES,2026-02-20,65.00,Call,25.50,28.20,0.6730,0.9531,0.0045,-0.0178,0.0256,0.0597
2026-01-15,XES,2026-02-20,65.00,Put,0.00,0.50,0.7239,-0.0521,0.0051,-0.0309,0.0306,-0.0052
2026-01-15,XES,2026-02-20,69.00,Call,21.70,24.00,0.5697,0.9479,0.0059,-0.0166,0.0282,0.0632
2026-01-15,XES,2026-02-20,69.00,Put,0.00,0.75,0.6859,-0.0770,0.0073,-0.0398,0.0415,-0.0077
2026-01-15,XES,2026-02-20,74.00,Call,16.80,19.20,0.4893,0.9238,0.0096,-0.0214,0.0391,0.0658
2026-01-15,XES,2026-02-20,74.00,Put,0.00,0.75,0.5525,-0.0936,0.0104,-0.0371,0.0481,-0.0092
2026-01-15,XES,2026-02-20,76.00,Call,14.70,17.50,0.4624,0.9080,0.0118,-0.0243,0.0454,0.0662
2026-01-15,XES,2026-02-20,76.00,Put,0.00,0.75,0.5003,-0.1022,0.0123,-0.0359,0.0512,-0.0099
2026-01-15,XES,2026-02-20,78.00,Call,12.80,15.60,0.4315,0.8903,0.0145,-0.0266,0.0521,0.0665
2026-01-15,XES,2026-02-20,78.00,Put,0.00,0.85,0.4663,-0.1203,0.0149,-0.0376,0.0576,-0.0117
2026-01-15,XES,2026-02-20,81.00,Call,10.00,12.60,0.3708,0.8628,0.0199,-0.0274,0.0615,0.0669
2026-01-15,XES,2026-02-20,81.00,Put,0.00,2.00,0.5409,-0.2081,0.0184,-0.0626,0.0813,-0.0202
2026-01-15,XES,2026-02-20,83.00,Call,8.19,10.90,0.3535,0.8228,0.0249,-0.0320,0.0733,0.0650
2026-01-15,XES,2026-02-20,83.00,Put,0.00,2.60,0.5443,-0.2525,0.0204,-0.0703,0.0937,-0.0245
2026-01-15,XES,2026-02-20,85.00,Call,6.60,9.30,0.3447,0.7675,0.0303,-0.0379,0.0867,0.0616
2026-01-15,XES,2026-02-20,85.00,Put,0.20,2.20,0.3231,-0.2144,0.0313,-0.0384,0.0838,-0.0202
2026-01-15,XES,2026-02-20,87.00,Call,5.60,7.80,0.3595,0.6921,0.0336,-0.0469,0.1002,0.0560
2026-01-15,XES,2026-02-20,87.00,Put,0.90,2.50,0.3162,-0.2835,0.0372,-0.0437,0.0964,-0.0269
2026-01-15,XES,2026-02-20,89.00,Call,3.80,6.70,0.3392,0.6233,0.0385,-0.0483,0.1085,0.0512
2026-01-15,XES,2026-02-20,89.00,Put,1.40,4.09,0.3464,-0.3731,0.0379,-0.0535,0.1095,-0.0356
2026-01-15,XES,2026-02-20,90.00,Call,3.30,6.00,0.3359,0.5836,0.0400,-0.0495,0.1116,0.0482
2026-01-15,XES,2026-02-20,90.00,Put,1.80,4.30,0.3343,-0.4109,0.0404,-0.0531,0.1122,-0.0392
2026-01-15,XES,2026-02-20,95.00,Call,1.95,2.70,0.3250,0.3775,0.0404,-0.0476,0.1090,0.0318
2026-01-15,XES,2026-02-20,95.00,Put,4.50,7.00,0.3272,-0.6164,0.0403,-0.0514,0.1089,-0.0589
2026-01-15,XES,2026-02-20,100.00,Call,0.45,1.60,0.2963,0.1838,0.0310,-0.0307,0.0764,0.0158
2026-01-15,XES,2026-02-20,100.00,Put,8.00,10.40,0.2963,-0.8115,0.0311,-0.0334,0.0763,-0.0765
2026-01-15,XES,2026-03-20,65.00,Call,25.50,28.70,0.4496,0.9717,0.0034,-0.0110,0.0230,0.1086
2026-01-15,XES,2026-03-20,65.00,Put,0.00,0.75,0.4496,-0.0257,0.0034,-0.0079,0.0230,-0.0044
2026-01-15,XES,2026-03-20,69.00,Call,21.60,24.40,0.3168,0.9851,0.0026,-0.0064,0.0123,0.1180
2026-01-15,XES,2026-03-20,69.00,Put,0.00,1.75,0.6713,-0.1210,0.0078,-0.0398,0.0756,-0.0209
2026-01-15,XES,2026-03-20,74.00,Call,16.89,19.70,0.3420,0.9428,0.0084,-0.0150,0.0425,0.1194
2026-01-15,XES,2026-03-20,74.00,Put,0.00,2.00,0.5807,-0.1533,0.0106,-0.0403,0.0934,-0.0258
2026-01-15,XES,2026-03-20,75.00,Call,15.90,19.20,0.3727,0.9161,0.0105,-0.0204,0.0578,0.1164
2026-01-15,XES,2026-03-20,75.00,Put,0.00,2.10,0.5673,-0.1625,0.0113,-0.0408,0.0941,-0.0273
2026-01-15,XES,2026-03-20,80.00,Call,12.90,14.10,0.3889,0.8259,0.0170,-0.0331,0.0976,0.1090
2026-01-15,XES,2026-03-20,80.00,Put,0.65,1.25,0.3889,-0.1721,0.0171,-0.0287,0.0970,-0.0275
2026-01-15,XES,2026-03-20,85.00,Call,8.30,10.50,0.3490,0.7311,0.0244,-0.0377,0.1259,0.1010
2026-01-15,XES,2026-03-20,85.00,Put,1.95,3.00,0.3581,-0.2715,0.0243,-0.0341,0.1288,-0.0424
2026-01-15,XES,2026-03-20,90.00,Call,4.30,7.60,0.3204,0.5928,0.0314,-0.0400,0.1485,0.0848
2026-01-15,XES,2026-03-20,90.00,Put,2.20,5.60,0.3208,-0.4077,0.0319,-0.0350,0.1486,-0.0610
2026-01-15,XES,2026-03-20,95.00,Call,2.00,4.30,0.2866,0.4201,0.0354,-0.0357,0.1498,0.0620
2026-01-15,XES,2026-03-20,95.00,Put,4.70,7.30,0.2810,-0.5866,0.0370,-0.0296,0.1506,-0.0799
2026-01-15,XES,2026-03-20,100.00,Call,0.45,3.00,0.3132,0.2862,0.0282,-0.0334,0.1304,0.0424
2026-01-15,XES,2026-03-20,100.00,Put,8.50,11.40,0.3132,-0.7206,0.0292,-0.0277,0.1291,-0.0909
2026-01-15,XES,2026-03-20,105.00,Call,0.00,2.95,0.4740,0.2864,0.0186,-0.0497,0.1305,0.0408
2026-01-15,XES,2026-03-20,105.00,Put,12.80,15.40,0.3215,-0.8294,0.0224,-0.0204,0.0993,-0.0890
2026-01-15,XES,2026-03-20,110.00,Call,0.00,2.45,0.5129,0.2351,0.0155,-0.0484,0.1179,0.0335
2026-01-15,XES,2026-03-20,110.00,Put,17.30,20.00,0.3329,-0.9013,0.0162,-0.0136,0.0696,-0.0761
2026-01-15,XES,2026-03-20,115.00,Call,0.00,0.95,0.3734,0.0894,0.0112,-0.0185,0.0620,0.0133
2026-01-15,XES,2026-03-20,115.00,Put,22.30,24.80,0.3734,-0.9260,0.0123,-0.0120,0.0526,-0.0701
2026-01-16,XES,2026-02-20,65.00,Call,26.10,28.80,0.7113,0.9444,0.0045,-0.0060,0.0270,0.0577
2026-01-16,XES,2026-02-20,65.00,Put,0.00,0.75,0.8186,-0.0656,0.0054,-0.0440,0.0366,-0.0065
2026-01-16,XES,2026-02-20,69.00,Call,22.10,24.80,0.6051,0.9388,0.0059,-0.0048,0.0297,0.0610
2026-01-16,XES,2026-02-20,69.00,Put,0.00,0.75,0.7014,-0.0757,0.0070,-0.0422,0.0408,-0.0074
2026-01-16,XES,2026-02-20,74.00,Call,17.50,19.89,0.5436,0.9071,0.0096,-0.0139,0.0433,0.0628
2026-01-16,XES,2026-02-20,74.00,Put,0.00,0.75,0.5710,-0.0910,0.0099,-0.0400,0.0469,-0.0088
2026-01-16,XES,2026-02-20,76.00,Call,15.60,17.89,0.5018,0.8961,0.0114,-0.0148,0.0476,0.0637
2026-01-16,XES,2026-02-20,76.00,Put,0.00,0.75,0.5184,-0.0992,0.0116,-0.0389,0.0500,-0.0095
2026-01-16,XES,2026-02-20,78.00,Call,13.60,16.00,0.4590,0.8833,0.0138,-0.0154,0.0523,0.0644
2026-01-16,XES,2026-02-20,78.00,Put,0.00,0.75,0.4617,-0.1098,0.0141,-0.0374,0.0537,-0.0105
2026-01-16,XES,2026-02-20,80.00,Call,11.80,14.20,0.4402,0.8558,0.0169,-0.0205,0.0616,0.0637
2026-01-16,XES,2026-02-20,80.00,Put,0.10,0.85,0.3569,-0.0944,0.0164,-0.0263,0.0481,-0.0088
2026-01-16,XES,2026-02-20,83.00,Call,9.00,11.60,0.4296,0.7873,0.0227,-0.0327,0.0803,0.0600
2026-01-16,XES,2026-02-20,83.00,Put,0.20,2.00,0.3865,-0.1731,0.0230,-0.0439,0.0722,-0.0163
2026-01-16,XES,2026-02-20,85.00,Call,7.10,9.90,0.3646,0.7710,0.0279,-0.0278,0.0842,0.0604
2026-01-16,XES,2026-02-20,85.00,Put,0.35,1.45,0.3038,-0.1804,0.0300,-0.0362,0.0741,-0.0167
2026-01-16,XES,2026-02-20,86.00,Call,6.20,9.10,0.3507,0.7463,0.0308,-0.0293,0.0894,0.0591
2026-01-16,XES,2026-02-20,86.00,Put,0.10,3.00,0.3452,-0.2477,0.0319,-0.0493,0.0925,-0.0233
2026-01-16,XES,2026-02-20,88.00,Call,5.00,7.20,0.3079,0.7070,0.0378,-0.0280,0.0968,0.0573
2026-01-16,XES,2026-02-20,88.00,Put,0.60,3.00,0.3239,-0.2895,0.0365,-0.0511,0.0991,-0.0274
2026-01-16,XES,2026-02-20,89.00,Call,3.60,6.50,0.2916,0.6587,0.0429,-0.0296,0.1034,0.0537
2026-01-16,XES,2026-02-20,89.00,Put,0.80,3.80,0.3276,-0.3433,0.0389,-0.0558,0.1034,-0.0325
2026-01-16,XES,2026-02-20,90.00,Call,4.30,6.40,0.3561,0.6115,0.0367,-0.0427,0.1087,0.0495
2026-01-16,XES,2026-02-20,90.00,Put,1.00,4.00,0.3203,-0.3690,0.0406,-0.0566,0.1080,-0.0351
2026-01-16,XES,2026-02-20,95.00,Call,1.20,3.40,0.2958,0.3975,0.0448,-0.0385,0.1103,0.0333
2026-01-16,XES,2026-02-20,95.00,Put,3.80,6.60,0.3119,-0.5990,0.0426,-0.0602,0.1093,-0.0581
2026-01-16,XES,2026-02-20,100.00,Call,0.60,1.30,0.2948,0.2063,0.0333,-0.0303,0.0819,0.0175
2026-01-16,XES,2026-02-20,100.00,Put,7.20,9.70,0.2948,-0.7829,0.0334,-0.0492,0.0837,-0.0778
2026-01-16,XES,2026-03-20,64.00,Call,27.10,29.90,0.5159,0.9515,0.0037,0.0000,0.0289,0.1037
2026-01-16,XES,2026-03-20,64.00,Put,0.00,0.75,0.6356,-0.0629,0.0050,-0.0247,0.0477,-0.0114
2026-01-16,XES,2026-03-20,69.00,Call,22.20,25.10,0.4578,0.9380,0.0059,-0.0057,0.0402,0.1094
2026-01-16,XES,2026-03-20,69.00,Put,0.00,0.75,0.5303,-0.0747,0.0068,-0.0232,0.0542,-0.0132
2026-01-16,XES,2026-03-20,74.00,Call,17.80,20.30,0.4336,0.8970,0.0098,-0.0137,0.0634,0.1107
2026-01-16,XES,2026-03-20,74.00,Put,0.10,0.85,0.4367,-0.0929,0.0098,-0.0232,0.0641,-0.0163
2026-01-16,XES,2026-03-20,75.00,Call,17.10,19.39,0.4421,0.8804,0.0108,-0.0172,0.0716,0.1094
2026-01-16,XES,2026-03-20,75.00,Put,0.20,0.95,0.3815,-0.0802,0.0100,-0.0183,0.0574,-0.0138
2026-01-16,XES,2026-03-20,80.00,Call,12.40,14.80,0.3763,0.8320,0.0165,-0.0204,0.0922,0.1097
2026-01-16,XES,2026-03-20,80.00,Put,0.55,1.25,0.3320,-0.1308,0.0164,-0.0230,0.0818,-0.0225
2026-01-16,XES,2026-03-20,85.00,Call,8.10,10.90,0.3422,0.7337,0.0239,-0.0233,0.1225,0.1015
2026-01-16,XES,2026-03-20,85.00,Put,1.10,2.75,0.3232,-0.2416,0.0248,-0.0336,0.1226,-0.0417
2026-01-16,XES,2026-03-20,90.00,Call,5.00,7.20,0.3211,0.5972,0.0307,-0.0327,0.1469,0.0851
2026-01-16,XES,2026-03-20,90.00,Put,2.15,4.90,0.3074,-0.3893,0.0322,-0.0382,0.1465,-0.0679
2026-01-16,XES,2026-03-20,95.00,Call,2.00,4.70,0.2937,0.4288,0.0343,-0.0317,0.1500,0.0628
2026-01-16,XES,2026-03-20,95.00,Put,4.80,7.50,0.3076,-0.5567,0.0332,-0.0377,0.1503,-0.0901
2026-01-16,XES,2026-03-20,100.00,Call,1.00,3.20,0.3158,0.2921,0.0280,-0.0307,0.1316,0.0431
2026-01-16,XES,2026-03-20,100.00,Put,8.00,10.50,0.2842,-0.7188,0.0296,-0.0363,0.1261,-0.1314
2026-01-16,XES,2026-03-20,105.00,Call,0.05,2.00,0.3063,0.1712,0.0214,-0.0224,0.0976,0.0256
2026-01-16,XES,2026-03-20,105.00,Put,12.00,14.90,0.2957,-0.8272,0.0214,-0.0264,0.0941,-0.1556
2026-01-16,XES,2026-03-20,110.00,Call,0.05,1.75,0.3603,0.1361,0.0156,-0.0229,0.0838,0.0202
2026-01-16,XES,2026-03-20,110.00,Put,16.50,19.20,0.2827,-0.9130,0.0130,-0.0167,0.0549,-0.1769
2026-01-16,XES,2026-03-20,115.00,Call,0.00,0.75,0.4008,0.1078,0.0119,-0.0218,0.0712,0.0159
2026-01-16,XES,2026-03-20,115.00,Put,21.30,24.20,0.3211,-0.9319,0.0092,-0.0153,0.0440,-0.1884
2026-01-19,XES,2026-02-20,65.00,Call,26.10,28.80,0.7113,0.9444,0.0045,-0.0060,0.0270,0.0577
2026-01-19,XES,2026-02-20,65.00,Put,0.00,0.75,0.8186,-0.0656,0.0054,-0.0440,0.0366,-0.0065
2026-01-19,XES,2026-02-20,69.00,Call,22.10,24.80,0.6051,0.9388,0.0059,-0.0048,0.0297,0.0610
2026-01-19,XES,2026-02-20,69.00,Put,0.00,0.75,0.7014,-0.0757,0.0070,-0.0422,0.0408,-0.0074
2026-01-19,XES,2026-02-20,74.00,Call,17.50,19.89,0.5436,0.9071,0.0096,-0.0139,0.0433,0.0628
2026-01-19,XES,2026-02-20,74.00,Put,0.00,0.75,0.5710,-0.0910,0.0099,-0.0400,0.0469,-0.0088
2026-01-19,XES,2026-02-20,76.00,Call,15.60,17.89,0.5018,0.8961,0.0114,-0.0148,0.0476,0.0637
2026-01-19,XES,2026-02-20,76.00,Put,0.00,0.75,0.5184,-0.0992,0.0116,-0.0389,0.0500,-0.0095
2026-01-19,XES,2026-02-20,78.00,Call,13.60,16.00,0.4590,0.8833,0.0138,-0.0154,0.0523,0.0644
2026-01-19,XES,2026-02-20,78.00,Put,0.00,0.75,0.4617,-0.1098,0.0141,-0.0374,0.0537,-0.0105
2026-01-19,XES,2026-02-20,80.00,Call,11.80,14.20,0.4402,0.8558,0.0169,-0.0205,0.0616,0.0637
2026-01-19,XES,2026-02-20,80.00,Put,0.10,0.85,0.3569,-0.0944,0.0164,-0.0263,0.0481,-0.0088
2026-01-19,XES,2026-02-20,83.00,Call,9.00,11.60,0.4296,0.7873,0.0227,-0.0327,0.0803,0.0600
2026-01-19,XES,2026-02-20,83.00,Put,0.20,2.00,0.3865,-0.1731,0.0230,-0.0439,0.0722,-0.0163
2026-01-19,XES,2026-02-20,85.00,Call,7.10,9.90,0.3646,0.7710,0.0279,-0.0278,0.0842,0.0604
2026-01-19,XES,2026-02-20,85.00,Put,0.35,1.45,0.3038,-0.1804,0.0300,-0.0362,0.0741,-0.0167
2026-01-19,XES,2026-02-20,86.00,Call,6.20,9.10,0.3507,0.7463,0.0308,-0.0293,0.0894,0.0591
2026-01-19,XES,2026-02-20,86.00,Put,0.10,3.00,0.3452,-0.2477,0.0319,-0.0493,0.0925,-0.0233
2026-01-19,XES,2026-02-20,88.00,Call,5.00,7.20,0.3079,0.7070,0.0378,-0.0280,0.0968,0.0573
2026-01-19,XES,2026-02-20,88.00,Put,0.60,3.00,0.3239,-0.2895,0.0365,-0.0511,0.0991,-0.0274
2026-01-19,XES,2026-02-20,89.00,Call,3.60,6.50,0.2916,0.6587,0.0429,-0.0296,0.1034,0.0537
2026-01-19,XES,2026-02-20,89.00,Put,0.80,3.80,0.3276,-0.3433,0.0389,-0.0558,0.1034,-0.0325
2026-01-19,XES,2026-02-20,90.00,Call,4.30,6.40,0.3561,0.6115,0.0367,-0.0427,0.1087,0.0495
2026-01-19,XES,2026-02-20,90.00,Put,1.00,4.00,0.3203,-0.3690,0.0406,-0.0566,0.1080,-0.0351
2026-01-19,XES,2026-02-20,95.00,Call,1.20,3.40,0.2958,0.3975,0.0448,-0.0385,0.1103,0.0333
2026-01-19,XES,2026-02-20,95.00,Put,3.80,6.60,0.3119,-0.5990,0.0426,-0.0602,0.1093,-0.0581
2026-01-19,XES,2026-02-20,100.00,Call,0.60,1.30,0.2948,0.2063,0.0333,-0.0303,0.0819,0.0175
2026-01-19,XES,2026-02-20,100.00,Put,7.20,9.70,0.2948,-0.7829,0.0334,-0.0492,0.0837,-0.0778
2026-01-19,XES,2026-03-20,64.00,Call,27.10,29.90,0.5159,0.9515,0.0037,0.0000,0.0289,0.1037
2026-01-19,XES,2026-03-20,64.00,Put,0.00,0.75,0.6356,-0.0629,0.0050,-0.0247,0.0477,-0.0114
2026-01-19,XES,2026-03-20,69.00,Call,22.20,25.10,0.4578,0.9380,0.0059,-0.0057,0.0402,0.1094
2026-01-19,XES,2026-03-20,69.00,Put,0.00,0.75,0.5303,-0.0747,0.0068,-0.0232,0.0542,-0.0132
2026-01-19,XES,2026-03-20,74.00,Call,17.80,20.30,0.4336,0.8970,0.0098,-0.0137,0.0634,0.1107
2026-01-19,XES,2026-03-20,74.00,Put,0.10,0.85,0.4367,-0.0929,0.0098,-0.0232,0.0641,-0.0163
2026-01-19,XES,2026-03-20,75.00,Call,17.10,19.39,0.4421,0.8804,0.0108,-0.0172,0.0716,0.1094
2026-01-19,XES,2026-03-20,75.00,Put,0.20,0.95,0.3815,-0.0802,0.0100,-0.0183,0.0574,-0.0138
2026-01-19,XES,2026-03-20,80.00,Call,12.40,14.80,0.3763,0.8320,0.0165,-0.0204,0.0922,0.1097
2026-01-19,XES,2026-03-20,80.00,Put,0.55,1.25,0.3320,-0.1308,0.0164,-0.0230,0.0818,-0.0225
2026-01-19,XES,2026-03-20,85.00,Call,8.10,10.90,0.3422,0.7337,0.0239,-0.0233,0.1225,0.1015
2026-01-19,XES,2026-03-20,85.00,Put,1.10,2.75,0.3232,-0.2416,0.0248,-0.0336,0.1226,-0.0417
2026-01-19,XES,2026-03-20,90.00,Call,5.00,7.20,0.3211,0.5972,0.0307,-0.0327,0.1469,0.0851
2026-01-19,XES,2026-03-20,90.00,Put,2.15,4.90,0.3074,-0.3893,0.0322,-0.0382,0.1465,-0.0679
2026-01-19,XES,2026-03-20,95.00,Call,2.00,4.70,0.2937,0.4288,0.0343,-0.0317,0.1500,0.0628
2026-01-19,XES,2026-03-20,95.00,Put,4.80,7.50,0.3076,-0.5567,0.0332,-0.0377,0.1503,-0.0901
2026-01-19,XES,2026-03-20,100.00,Call,1.00,3.20,0.3158,0.2921,0.0280,-0.0307,0.1316,0.0431
2026-01-19,XES,2026-03-20,100.00,Put,8.00,10.50,0.2842,-0.7188,0.0296,-0.0363,0.1261,-0.1314
2026-01-19,XES,2026-03-20,105.00,Call,0.05,2.00,0.3063,0.1712,0.0214,-0.0224,0.0976,0.0256
2026-01-19,XES,2026-03-20,105.00,Put,12.00,14.90,0.2957,-0.8272,0.0214,-0.0264,0.0941,-0.1556
2026-01-19,XES,2026-03-20,110.00,Call,0.05,1.75,0.3603,0.1361,0.0156,-0.0229,0.0838,0.0202
2026-01-19,XES,2026-03-20,110.00,Put,16.50,19.20,0.2827,-0.9130,0.0130,-0.0167,0.0549,-0.1769
2026-01-19,XES,2026-03-20,115.00,Call,0.00,0.75,0.4008,0.1078,0.0119,-0.0218,0.0712,0.0159
2026-01-19,XES,2026-03-20,115.00,Put,21.30,24.20,0.3211,-0.9319,0.0092,-0.0153,0.0440,-0.1884
2026-01-20,XES,2026-02-20,65.00,Call,25.20,27.80,1.0449,0.9057,0.0063,-0.0998,0.0466,0.0460
2026-01-20,XES,2026-02-20,65.00,Put,0.00,1.50,1.0449,-0.1001,0.0063,-0.0761,0.0493,-0.0083
2026-01-20,XES,2026-02-20,69.00,Call,21.30,24.00,0.9066,0.8922,0.0080,-0.0960,0.0511,0.0483
2026-01-20,XES,2026-02-20,69.00,Put,0.00,1.50,0.9066,-0.1140,0.0080,-0.0720,0.0508,-0.0093
2026-01-20,XES,2026-02-20,73.00,Call,17.50,20.00,0.3800,0.9888,0.0042,-0.0313,0.0112,0.0604
2026-01-20,XES,2026-02-20,73.00,Put,0.00,1.50,0.7745,-0.1314,0.0104,-0.0674,0.0577,-0.0104
2026-01-20,XES,2026-02-20,75.00,Call,15.40,18.10,0.3354,0.9883,0.0048,-0.0308,0.0114,0.0621
2026-01-20,XES,2026-02-20,75.00,Put,0.00,2.10,0.8047,-0.1660,0.0118,-0.0818,0.0646,-0.0132
2026-01-20,XES,2026-02-20,78.00,Call,12.60,15.20,0.3481,0.9562,0.0111,-0.0393,0.0272,0.0620
2026-01-20,XES,2026-02-20,78.00,Put,0.00,1.75,0.6514,-0.1730,0.0149,-0.0672,0.0683,-0.0134
2026-01-20,XES,2026-02-20,80.00,Call,10.60,13.20,0.3017,0.9510,0.0139,-0.0384,0.0294,0.0633
2026-01-20,XES,2026-02-20,80.00,Put,0.10,1.85,0.4687,-0.1441,0.0184,-0.0420,0.0595,-0.0108
2026-01-20,XES,2026-02-20,82.00,Call,8.80,11.50,0.3175,0.9014,0.0215,-0.0475,0.0480,0.0609
2026-01-20,XES,2026-02-20,82.00,Put,0.05,2.50,0.4543,-0.1832,0.0223,-0.0472,0.0719,-0.0135
2026-01-20,XES,2026-02-20,84.00,Call,7.10,9.70,0.3086,0.8524,0.0290,-0.0531,0.0628,0.0586
2026-01-20,XES,2026-02-20,84.00,Put,0.05,2.75,0.4077,-0.2155,0.0275,-0.0459,0.0784,-0.0156
2026-01-20,XES,2026-02-20,86.00,Call,5.70,8.00,0.3114,0.7803,0.0364,-0.0601,0.0797,0.0544
2026-01-20,XES,2026-02-20,86.00,Put,0.05,1.80,0.2835,-0.2108,0.0393,-0.0301,0.0777,-0.0147
2026-01-20,XES,2026-02-20,88.00,Call,4.80,7.30,0.3749,0.6725,0.0367,-0.0757,0.0966,0.0467
2026-01-20,XES,2026-02-20,88.00,Put,1.05,3.60,0.3721,-0.3388,0.0382,-0.0506,0.0983,-0.0233
2026-01-20,XES,2026-02-20,89.00,Call,3.70,6.30,0.3306,0.6456,0.0428,-0.0697,0.0995,0.0456
2026-01-20,XES,2026-02-20,89.00,Put,1.55,3.00,0.3272,-0.3679,0.0450,-0.0446,0.0993,-0.0246
2026-01-20,XES,2026-02-20,90.00,Call,2.75,5.70,0.3118,0.6048,0.0470,-0.0674,0.1028,0.0431
2026-01-20,XES,2026-02-20,90.00,Put,1.50,4.30,0.3469,-0.4171,0.0442,-0.0488,0.1037,-0.0274
2026-01-20,XES,2026-02-20,95.00,Call,1.00,3.70,0.3468,0.3865,0.0418,-0.0670,0.1018,0.0278
2026-01-20,XES,2026-02-20,95.00,Put,3.60,6.10,0.2545,-0.7095,0.0611,-0.0254,0.0907,-0.0329
2026-01-20,XES,2026-02-20,100.00,Call,0.15,2.00,0.3042,0.1779,0.0323,-0.0385,0.0691,0.0131
2026-01-20,XES,2026-02-20,100.00,Put,7.90,10.69,0.3042,-0.8778,0.0383,-0.0158,0.0532,-0.0263
2026-01-20,XES,2026-03-20,64.00,Call,26.30,29.00,0.4422,0.9853,0.0026,-0.0162,0.0157,0.1000
2026-01-20,XES,2026-03-20,64.00,Put,0.00,1.50,0.7831,-0.0969,0.0060,-0.0404,0.0629,-0.0154
2026-01-20,XES,2026-03-20,68.00,Call,22.50,25.00,0.4126,0.9729,0.0044,-0.0192,0.0246,0.1045
2026-01-20,XES,2026-03-20,68.00,Put,0.00,2.00,0.7506,-0.1272,0.0076,-0.0469,0.0771,-0.0201
2026-01-20,XES,2026-03-20,73.00,Call,17.60,20.50,0.3990,0.9360,0.0088,-0.0265,0.0472,0.1067
2026-01-20,XES,2026-03-20,73.00,Put,0.15,1.90,0.4970,-0.1076,0.0102,-0.0271,0.0713,-0.0159
2026-01-20,XES,2026-03-20,75.00,Call,16.00,18.50,0.3957,0.9130,0.0112,-0.0303,0.0592,0.1062
2026-01-20,XES,2026-03-20,75.00,Put,0.05,2.00,0.4529,-0.1167,0.0119,-0.0260,0.0722,-0.0172
2026-01-20,XES,2026-03-20,80.00,Call,11.19,14.30,0.3569,0.8493,0.0181,-0.0362,0.0865,0.1041
2026-01-20,XES,2026-03-20,80.00,Put,0.45,1.50,0.3569,-0.1546,0.0184,-0.0244,0.0901,-0.0220
2026-01-20,XES,2026-03-20,85.00,Call,8.00,9.80,0.3452,0.7333,0.0262,-0.0442,0.1208,0.0933
2026-01-20,XES,2026-03-20,85.00,Put,0.75,3.80,0.3465,-0.2734,0.0267,-0.0324,0.1234,-0.0377
2026-01-20,XES,2026-03-20,90.00,Call,4.50,7.10,0.3390,0.5832,0.0316,-0.0483,0.1430,0.0762
2026-01-20,XES,2026-03-20,90.00,Put,2.55,5.50,0.3297,-0.4258,0.0335,-0.0351,0.1433,-0.0554
2026-01-20,XES,2026-03-20,95.00,Call,2.20,4.60,0.3270,0.4208,0.0327,-0.0450,0.1431,0.0563
2026-01-20,XES,2026-03-20,95.00,Put,5.50,8.19,0.3321,-0.5924,0.0337,-0.0335,0.1406,-0.0705
2026-01-20,XES,2026-03-20,100.00,Call,0.25,3.60,0.3279,0.2780,0.0280,-0.0376,0.1227,0.0377
2026-01-20,XES,2026-03-20,100.00,Put,9.10,11.40,0.3187,-0.7535,0.0306,-0.0241,0.1139,-0.0740
2026-01-20,XES,2026-03-20,105.00,Call,0.15,2.80,0.3746,0.2055,0.0208,-0.0356,0.1041,0.0278
2026-01-20,XES,2026-03-20,105.00,Put,12.70,15.50,0.2447,-0.9732,0.0229,-0.0020,0.0240,-0.0149
2026-01-20,XES,2026-03-20,110.00,Call,0.00,2.00,0.5009,0.2116,0.0158,-0.0476,0.1059,0.0278
2026-01-20,XES,2026-03-20,110.00,Put,17.50,19.89,0.5009,-0.8069,0.0167,-0.0347,0.0994,-0.0851
2026-01-20,XES,2026-03-20,115.00,Call,0.00,1.50,0.5190,0.1638,0.0130,-0.0418,0.0903,0.0216
2026-01-20,XES,2026-03-20,115.00,Put,22.30,25.80,0.5190,-0.8573,0.0139,-0.0286,0.0800,-0.0809
2026-01-21,XES,2026-02-20,69.00,Call,25.10,28.30,0.8434,0.9233,0.0061,-0.0544,0.0383,0.0500
2026-01-21,XES,2026-02-20,69.00,Put,0.00,0.75,0.8172,-0.0694,0.0060,-0.0490,0.0362,-0.0060
2026-01-21,XES,2026-02-20,72.00,Call,22.10,24.80,0.6872,0.9316,0.0069,-0.0410,0.0350,0.0533
2026-01-21,XES,2026-02-20,72.00,Put,0.00,0.75,0.7305,-0.0769,0.0072,-0.0474,0.0392,-0.0066
2026-01-21,XES,2026-02-20,77.00,Call,17.20,19.89,0.5735,0.9106,0.0101,-0.0426,0.0431,0.0557
2026-01-21,XES,2026-02-20,77.00,Put,0.00,0.75,0.5907,-0.0928,0.0103,-0.0441,0.0440,-0.0074
2026-01-21,XES,2026-02-20,79.00,Call,15.30,17.60,0.4960,0.9118,0.0116,-0.0369,0.0427,0.0575
2026-01-21,XES,2026-02-20,79.00,Put,0.00,0.75,0.5360,-0.1014,0.0121,-0.0426,0.0481,-0.0085
2026-01-21,XES,2026-02-20,81.00,Call,13.40,15.90,0.4839,0.8857,0.0144,-0.0434,0.0518,0.0569
2026-01-21,XES,2026-02-20,81.00,Put,0.05,0.80,0.4113,-0.0798,0.0132,-0.0273,0.0403,-0.0065
2026-01-21,XES,2026-02-20,84.00,Call,10.50,12.60,0.3831,0.8770,0.0193,-0.0368,0.0546,0.0588
2026-01-21,XES,2026-02-20,84.00,Put,0.40,2.00,0.4720,-0.1650,0.0194,-0.0526,0.0703,-0.0128
2026-01-21,XES,2026-02-20,86.00,Call,8.69,11.19,0.3907,0.8242,0.0241,-0.0473,0.0697,0.0560
2026-01-21,XES,2026-02-20,86.00,Put,0.50,1.10,0.3536,-0.1523,0.0245,-0.0372,0.0648,-0.0116
2026-01-21,XES,2026-02-20,88.00,Call,6.80,9.50,0.3568,0.7844,0.0299,-0.0489,0.0790,0.0544
2026-01-21,XES,2026-02-20,88.00,Put,0.20,2.80,0.3883,-0.2304,0.0289,-0.0527,0.0837,-0.0175
2026-01-21,XES,2026-02-20,90.00,Call,5.60,8.00,0.3657,0.7112,0.0342,-0.0582,0.0924,0.0498
2026-01-21,XES,2026-02-20,90.00,Put,0.50,2.55,0.3657,-0.2870,0.0344,-0.0555,0.0947,-0.0215
2026-01-21,XES,2026-02-20,95.00,Call,2.35,4.40,0.3149,0.5138,0.0464,-0.0582,0.1081,0.0372
2026-01-21,XES,2026-02-20,95.00,Put,2.20,4.70,0.3146,-0.4857,0.0469,-0.0551,0.1082,-0.0347
2026-01-21,XES,2026-02-20,100.00,Call,1.15,2.30,0.2699,0.2626,0.0443,-0.0406,0.0885,0.0195
2026-01-21,XES,2026-02-20,100.00,Put,4.80,7.60,0.2699,-0.7395,0.0451,-0.0372,0.0901,-0.0459
2026-01-21,XES,2026-03-20,67.00,Call,27.00,30.00,0.6025,0.9392,0.0050,-0.0233,0.0433,0.0961
2026-01-21,XES,2026-03-20,67.00,Put,0.00,0.75,0.6327,-0.0648,0.0052,-0.0257,0.0478,-0.0109
2026-01-21,XES,2026-03-20,72.00,Call,22.10,25.50,0.5512,0.9121,0.0074,-0.0289,0.0584,0.0995
2026-01-21,XES,2026-03-20,72.00,Put,0.00,0.75,0.5277,-0.0766,0.0072,-0.0243,0.0543,-0.0127
2026-01-21,XES,2026-03-20,75.00,Call,19.20,22.60,0.5014,0.8975,0.0091,-0.0298,0.0657,0.1019
2026-01-21,XES,2026-03-20,75.00,Put,0.10,0.90,0.4208,-0.0669,0.0081,-0.0174,0.0489,-0.0108
2026-01-21,XES,2026-03-20,80.00,Call,14.60,17.00,0.3804,0.8843,0.0132,-0.0254,0.0719,0.1080
2026-01-21,XES,2026-03-20,80.00,Put,0.05,1.50,0.3715,-0.1073,0.0132,-0.0219,0.0696,-0.0161
2026-01-21,XES,2026-03-20,85.00,Call,10.60,12.70,0.3658,0.7967,0.0202,-0.0352,0.1055,0.1014
2026-01-21,XES,2026-03-20,85.00,Put,0.50,2.65,0.3574,-0.1956,0.0205,-0.0314,0.1057,-0.0291
2026-01-21,XES,2026-03-20,90.00,Call,6.70,9.00,0.3379,0.6794,0.0278,-0.0410,0.1343,0.0898
2026-01-21,XES,2026-03-20,90.00,Put,1.80,4.00,0.3425,-0.3199,0.0278,-0.0385,0.1364,-0.0464
2026-01-21,XES,2026-03-20,95.00,Call,3.60,5.90,0.3147,0.5249,0.0333,-0.0422,0.1498,0.0714
2026-01-21,XES,2026-03-20,95.00,Put,3.50,5.90,0.3135,-0.4742,0.0339,-0.0387,0.1499,-0.0658
2026-01-21,XES,2026-03-20,100.00,Call,1.45,4.00,0.3109,0.3627,0.0318,-0.0390,0.1414,0.0503
2026-01-21,XES,2026-03-20,100.00,Put,6.50,8.69,0.3049,-0.6418,0.0329,-0.0344,0.1397,-0.0829
2026-01-21,XES,2026-03-20,105.00,Call,1.15,3.70,0.3894,0.2854,0.0230,-0.0439,0.1281,0.0391
2026-01-21,XES,2026-03-20,105.00,Put,10.00,12.10,0.2761,-0.8086,0.0275,-0.0215,0.1026,-0.0864
2026-01-21,XES,2026-03-20,110.00,Call,0.35,2.00,0.2895,0.1131,0.0175,-0.0184,0.0724,0.0161
2026-01-21,XES,2026-03-20,110.00,Put,14.30,16.80,0.2895,-0.8962,0.0185,-0.0140,0.0700,-0.0760
2026-01-21,XES,2026-03-20,115.00,Call,0.00,2.30,0.5400,0.2179,0.0144,-0.0529,0.1110,0.0291
2026-01-21,XES,2026-03-20,115.00,Put,18.30,21.50,0.5400,-0.7878,0.0148,-0.0458,0.1133,-0.0994
2026-01-22,XES,2026-02-20,69.00,Call,25.30,28.60,0.8637,0.9231,0.0053,-0.0225,0.0349,0.0490
2026-01-22,XES,2026-02-20,69.00,Put,0.00,0.75,0.8637,-0.0653,0.0053,-0.0537,0.0349,-0.0056
2026-01-22,XES,2026-02-20,72.00,Call,22.39,25.30,0.7763,0.9164,0.0064,-0.0214,0.0376,0.0508
2026-01-22,XES,2026-02-20,72.00,Put,0.00,0.75,0.7763,-0.0721,0.0064,-0.0523,0.0376,-0.0061
2026-01-22,XES,2026-02-20,77.00,Call,17.80,20.20,0.6354,0.9195,0.0093,-0.0760,0.0430,0.0537
2026-01-22,XES,2026-02-20,77.00,Put,0.00,0.75,0.6357,-0.0864,0.0089,-0.0497,0.0431,-0.0072
2026-01-22,XES,2026-02-20,79.00,Call,15.80,18.10,0.5808,0.8949,0.0104,-0.0182,0.0458,0.0547
2026-01-22,XES,2026-02-20,79.00,Put,0.00,0.75,0.5808,-0.0936,0.0104,-0.0484,0.0458,-0.0078
2026-01-22,XES,2026-02-20,82.00,Call,13.00,15.70,0.4274,0.9120,0.0122,-0.0012,0.0393,0.0587
2026-01-22,XES,2026-02-20,82.00,Put,0.05,0.80,0.4274,-0.0783,0.0128,-0.0266,0.0409,-0.0057
2026-01-22,XES,2026-02-20,84.00,Call,11.10,13.40,0.4001,0.9098,0.0159,-0.0613,0.0465,0.0587
2026-01-22,XES,2026-02-20,84.00,Put,0.15,0.90,0.4001,-0.0985,0.0162,-0.0293,0.0471,-0.0071
2026-01-22,XES,2026-02-20,87.00,Call,8.00,10.50,0.4272,0.8307,0.0225,-0.0784,0.0700,0.0545
2026-01-22,XES,2026-02-20,87.00,Put,0.45,1.90,0.4272,-0.1789,0.0230,-0.0466,0.0726,-0.0128
2026-01-22,XES,2026-02-20,89.00,Call,6.30,9.50,0.2261,0.9141,0.0273,-0.0474,0.0449,0.0632
2026-01-22,XES,2026-02-20,89.00,Put,0.85,1.60,0.3736,-0.2068,0.0289,-0.0435,0.0789,-0.0145
2026-01-22,XES,2026-02-20,90.00,Call,6.00,8.40,0.2555,0.8537,0.0344,-0.0561,0.0640,0.0591
2026-01-22,XES,2026-02-20,90.00,Put,0.55,1.40,0.2555,-0.1580,0.0358,-0.0240,0.0652,-0.0108
2026-01-22,XES,2026-02-20,95.00,Call,3.30,5.60,0.3332,0.5834,0.0419,-0.0434,0.1055,0.0416
2026-01-22,XES,2026-02-20,95.00,Put,1.50,3.90,0.3211,-0.4028,0.0436,-0.0699,0.1064,-0.0331
2026-01-22,XES,2026-02-20,100.00,Call,0.80,3.00,0.3006,0.3545,0.0447,-0.0422,0.1014,0.0259
2026-01-22,XES,2026-02-20,100.00,Put,4.09,6.90,0.3239,-0.6219,0.0421,-0.0748,0.1037,-0.0523
2026-01-22,XES,2026-02-20,105.00,Call,0.45,2.00,0.3650,0.2222,0.0295,-0.0447,0.0814,0.0162
2026-01-22,XES,2026-02-20,105.00,Put,8.10,10.90,0.3560,-0.7727,0.0299,-0.0705,0.0797,-0.0672
2026-01-22,XES,2026-03-20,67.00,Call,27.40,30.40,0.6525,0.9185,0.0048,-0.0019,0.0468,0.0933
2026-01-22,XES,2026-03-20,67.00,Put,0.00,0.75,0.6525,-0.0619,0.0048,-0.0282,0.0468,-0.0105
2026-01-22,XES,2026-03-20,72.00,Call,22.90,25.60,0.4389,0.9413,0.0049,0.0000,0.0324,0.1053
2026-01-22,XES,2026-03-20,72.00,Put,0.00,0.75,0.5471,-0.0728,0.0065,-0.0271,0.0530,-0.0122
2026-01-22,XES,2026-03-20,75.00,Call,20.10,22.90,0.4125,0.9293,0.0067,0.0000,0.0411,0.1078
2026-01-22,XES,2026-03-20,75.00,Put,0.10,0.85,0.4353,-0.0621,0.0074,-0.0169,0.0462,-0.0100
2026-01-22,XES,2026-03-20,80.00,Call,15.60,18.00,0.3714,0.9093,0.0116,-0.0278,0.0619,0.1095
2026-01-22,XES,2026-03-20,80.00,Put,0.10,0.80,0.3714,-0.0911,0.0117,-0.0193,0.0630,-0.0135
2026-01-22,XES,2026-03-20,85.00,Call,11.40,13.80,0.3661,0.8247,0.0186,-0.0386,0.0976,0.1034
2026-01-22,XES,2026-03-20,85.00,Put,0.55,1.45,0.3221,-0.1497,0.0192,-0.0234,0.0877,-0.0216
2026-01-22,XES,2026-03-20,90.00,Call,7.10,9.50,0.3101,0.7294,0.0282,-0.0407,0.1251,0.0959
2026-01-22,XES,2026-03-20,90.00,Put,1.00,3.30,0.3147,-0.2758,0.0284,-0.0322,0.1287,-0.0386
2026-01-22,XES,2026-03-20,95.00,Call,4.00,7.00,0.3236,0.5665,0.0321,-0.0475,0.1487,0.0760
2026-01-22,XES,2026-03-20,95.00,Put,3.90,4.50,0.3177,-0.4388,0.0335,-0.0374,0.1489,-0.0587
2026-01-22,XES,2026-03-20,100.00,Call,2.55,3.50,0.3025,0.3979,0.0337,-0.0425,0.1458,0.0546
2026-01-22,XES,2026-03-20,100.00,Put,5.50,8.30,0.3127,-0.5869,0.0317,-0.0522,0.1451,-0.0995
2026-01-22,XES,2026-03-20,105.00,Call,0.30,2.20,0.3168,0.2585,0.0262,-0.0286,0.1234,0.0365
2026-01-22,XES,2026-03-20,105.00,Put,9.00,12.00,0.3168,-0.7232,0.0262,-0.0487,0.1234,-0.1263
2026-01-22,XES,2026-03-20,110.00,Call,0.60,2.00,0.3570,0.1869,0.0194,-0.0280,0.1027,0.0263
2026-01-22,XES,2026-03-20,110.00,Put,13.00,16.30,0.3079,-0.8363,0.0190,-0.0418,0.0868,-0.1500
2026-01-22,XES,2026-03-20,115.00,Call,0.10,2.00,0.3996,0.1474,0.0152,-0.0319,0.0871,0.0203
2026-01-22,XES,2026-03-20,115.00,Put,17.50,20.80,0.3026,-0.9072,0.0118,-0.0337,0.0532,-0.1678
2026-01-22,XES,2026-03-20,120.00,Call,0.05,0.50,0.3996,0.0938,0.0110,-0.0231,0.0633,0.0130
2026-01-22,XES,2026-03-20,120.00,Put,22.50,26.10,0.3034,-1.0000,0.0018,0.0000,0.0000,0.0000
2026-01-23,XES,2026-02-20,65.00,Call,30.00,33.00,1.0056,0.9363,0.0042,-0.0432,0.0311,0.0448
2026-01-23,XES,2026-02-20,65.00,Put,0.00,0.75,1.0031,-0.0581,0.0043,-0.0563,0.0311,-0.0048
2026-01-23,XES,2026-02-20,72.00,Call,22.60,26.00,0.7909,0.9218,0.0064,-0.0404,0.0369,0.0491
2026-01-23,XES,2026-02-20,72.00,Put,0.00,0.75,0.7909,-0.0724,0.0064,-0.0528,0.0369,-0.0059
2026-01-23,XES,2026-02-20,76.00,Call,18.89,22.00,0.6762,0.9107,0.0084,-0.0384,0.0411,0.0513
2026-01-23,XES,2026-02-20,76.00,Put,0.00,0.75,0.6762,-0.0835,0.0084,-0.0504,0.0411,-0.0067
2026-01-23,XES,2026-02-20,79.00,Call,16.10,18.80,0.2997,0.9871,0.0024,0.0000,0.0052,0.0598
2026-01-23,XES,2026-02-20,79.00,Put,0.00,0.75,0.5880,-0.0943,0.0106,-0.0482,0.0447,-0.0075
2026-01-23,XES,2026-02-20,81.00,Call,13.50,17.20,0.5410,0.9012,0.0123,-0.0635,0.0475,0.0538
2026-01-23,XES,2026-02-20,81.00,Put,0.00,0.75,0.5330,-0.1034,0.0125,-0.0467,0.0481,-0.0082
2026-01-23,XES,2026-02-20,84.00,Call,11.00,14.30,0.4546,0.8759,0.0162,-0.0330,0.0531,0.0548
2026-01-23,XES,2026-02-20,84.00,Put,0.00,0.75,0.4502,-0.1196,0.0165,-0.0440,0.0534,-0.0094
2026-01-23,XES,2026-02-20,86.00,Call,9.50,12.20,0.3270,0.9005,0.0190,-0.0160,0.0447,0.0585
2026-01-23,XES,2026-02-20,86.00,Put,0.10,1.85,0.4322,-0.1528,0.0203,-0.0501,0.0631,-0.0120
2026-01-23,XES,2026-02-20,88.00,Call,8.40,10.69,0.3359,0.8635,0.0248,-0.0531,0.0593,0.0564
2026-01-23,XES,2026-02-20,88.00,Put,0.05,2.60,0.4281,-0.1953,0.0240,-0.0585,0.0723,-0.0154
2026-01-23,XES,2026-02-20,90.00,Call,6.00,8.80,0.3094,0.7989,0.0332,-0.0320,0.0738,0.0536
2026-01-23,XES,2026-02-20,90.00,Put,0.05,2.45,0.3499,-0.2203,0.0316,-0.0517,0.0790,-0.0172
2026-01-23,XES,2026-02-20,95.00,Call,2.30,5.30,0.2732,0.6028,0.0521,-0.0437,0.1027,0.0419
2026-01-23,XES,2026-02-20,95.00,Put,1.00,3.50,0.2852,-0.3943,0.0502,-0.0563,0.1032,-0.0309
2026-01-23,XES,2026-02-20,100.00,Call,0.25,3.60,0.3138,0.3541,0.0440,-0.0519,0.0993,0.0248
2026-01-23,XES,2026-02-20,100.00,Put,4.00,7.20,0.3300,-0.6318,0.0424,-0.0649,0.1006,-0.0510
2026-01-23,XES,2026-02-20,105.00,Call,0.05,1.75,0.4157,0.2534,0.0285,-0.0609,0.0857,0.0176
2026-01-23,XES,2026-02-20,105.00,Put,8.30,11.50,0.4157,-0.7411,0.0286,-0.0702,0.0882,-0.0626
2026-01-23,XES,2026-02-20,110.00,Call,0.00,2.00,0.5894,0.2338,0.0193,-0.0836,0.0819,0.0158
2026-01-23,XES,2026-02-20,110.00,Put,12.70,15.00,0.3421,-0.9041,0.0177,-0.0341,0.0434,-0.0777
2026-01-23,XES,2026-03-20,67.00,Call,28.60,31.00,0.4415,0.9804,0.0020,-0.0007,0.0128,0.1000
2026-01-23,XES,2026-03-20,67.00,Put,0.00,0.75,0.6687,-0.0614,0.0047,-0.0274,0.0460,-0.0102
2026-01-23,XES,2026-03-20,72.00,Call,23.70,26.00,0.5093,0.9332,0.0060,-0.0126,0.0439,0.1003
2026-01-23,XES,2026-03-20,72.00,Put,0.00,0.75,0.5093,-0.0580,0.0060,-0.0202,0.0439,-0.0094
2026-01-23,XES,2026-03-20,75.00,Call,20.60,23.50,0.4874,0.9134,0.0078,-0.0170,0.0550,0.1016
2026-01-23,XES,2026-03-20,75.00,Put,0.00,1.75,0.6409,-0.1284,0.0086,-0.0458,0.0792,-0.0217
2026-01-23,XES,2026-03-20,80.00,Call,15.80,18.50,0.4002,0.8907,0.0116,-0.0174,0.0666,0.1058
2026-01-23,XES,2026-03-20,80.00,Put,0.35,1.50,0.4002,-0.1006,0.0116,-0.0242,0.0666,-0.0161
2026-01-23,XES,2026-03-20,85.00,Call,11.60,14.30,0.3879,0.8113,0.0178,-0.0288,0.0990,0.1005
2026-01-23,XES,2026-03-20,85.00,Put,0.95,1.60,0.3597,-0.1648,0.0181,-0.0308,0.0936,-0.0264
2026-01-23,XES,2026-03-20,90.00,Call,7.70,10.00,0.3449,0.7133,0.0255,-0.0343,0.1265,0.0922
2026-01-23,XES,2026-03-20,90.00,Put,0.75,3.00,0.3010,-0.2560,0.0282,-0.0339,0.1208,-0.0404
2026-01-23,XES,2026-03-20,95.00,Call,4.20,6.00,0.2914,0.5709,0.0351,-0.0348,0.1471,0.0768
2026-01-23,XES,2026-03-20,95.00,Put,2.90,4.80,0.3053,-0.4216,0.0337,-0.0421,0.1474,-0.0677
2026-01-23,XES,2026-03-20,100.00,Call,2.20,4.90,0.3354,0.4140,0.0304,-0.0414,0.1466,0.0559
2026-01-23,XES,2026-03-20,100.00,Put,5.50,7.60,0.3003,-0.5924,0.0338,-0.0415,0.1467,-0.0964
2026-01-23,XES,2026-03-20,105.00,Call,0.90,3.20,0.3350,0.2783,0.0263,-0.0362,0.1265,0.0381
2026-01-23,XES,2026-03-20,105.00,Put,9.00,11.19,0.2999,-0.7398,0.0279,-0.0350,0.1202,-0.1252
2026-01-23,XES,2026-03-20,110.00,Call,0.05,2.00,0.3260,0.1749,0.0207,-0.0280,0.0976,0.0243
2026-01-23,XES,2026-03-20,110.00,Put,13.00,15.30,0.3260,-0.8207,0.0210,-0.0283,0.1013,-0.1035
2026-01-23,XES,2026-03-20,115.00,Call,0.15,1.90,0.3940,0.1429,0.0150,-0.0291,0.0853,0.0196
2026-01-23,XES,2026-03-20,115.00,Put,17.50,20.39,0.3272,-0.8965,0.0135,-0.0213,0.0637,-0.1620
2026-01-23,XES,2026-03-20,120.00,Call,0.00,0.75,0.4129,0.1064,0.0116,-0.0254,0.0695,0.0146
2026-01-23,XES,2026-03-20,120.00,Put,22.20,24.70,0.3626,-0.9227,0.0105,-0.0166,0.0571,-0.0949
2026-01-26,XES,2026-02-20,69.00,Call,26.60,29.40,0.9436,0.9372,0.0053,-0.0754,0.0321,0.0423
2026-01-26,XES,2026-02-20,69.00,Put,0.00,0.75,0.9433,-0.0649,0.0052,-0.0596,0.0321,-0.0048
2026-01-26,XES,2026-02-20,73.00,Call,22.60,25.40,0.8191,0.9282,0.0067,-0.0732,0.0355,0.0444
2026-01-26,XES,2026-02-20,73.00,Put,0.00,0.75,0.8191,-0.0740,0.0067,-0.0567,0.0355,-0.0054
2026-01-26,XES,2026-02-20,77.00,Call,19.10,21.30,0.6984,0.9169,0.0088,-0.0704,0.0395,0.0464
2026-01-26,XES,2026-02-20,77.00,Put,0.00,0.75,0.6984,-0.0853,0.0088,-0.0537,0.0396,-0.0057
2026-01-26,XES,2026-02-20,80.00,Call,16.20,18.39,0.3534,0.9869,0.0043,-0.0237,0.0097,0.0536
2026-01-26,XES,2026-02-20,80.00,Put,0.00,0.75,0.6109,-0.0962,0.0110,-0.0512,0.0455,-0.0064
2026-01-26,XES,2026-02-20,82.00,Call,14.20,16.50,0.3482,0.9749,0.0071,-0.0279,0.0159,0.0541
2026-01-26,XES,2026-02-20,82.00,Put,0.00,1.75,0.7334,-0.1625,0.0133,-0.0887,0.0631,-0.0110
2026-01-26,XES,2026-02-20,85.00,Call,11.40,13.60,0.3436,0.9412,0.0138,-0.0375,0.0306,0.0538
2026-01-26,XES,2026-02-20,85.00,Put,0.05,0.80,0.3954,-0.0878,0.0160,-0.0304,0.0408,-0.0056
2026-01-26,XES,2026-02-20,87.00,Call,9.10,12.00,0.3090,0.9248,0.0185,-0.0391,0.0368,0.0541
2026-01-26,XES,2026-02-20,87.00,Put,0.25,1.90,0.4629,-0.1637,0.0212,-0.0552,0.0644,-0.0105
2026-01-26,XES,2026-02-20,89.00,Call,7.40,10.30,0.3210,0.8666,0.0267,-0.0500,0.0551,0.0514
2026-01-26,XES,2026-02-20,89.00,Put,0.55,1.30,0.3775,-0.1722,0.0268,-0.0460,0.0649,-0.0109
2026-01-26,XES,2026-02-20,90.00,Call,7.70,9.60,0.4110,0.7836,0.0283,-0.0754,0.0748,0.0460
2026-01-26,XES,2026-02-20,90.00,Put,0.05,1.50,0.4110,-0.2202,0.0287,-0.0580,0.0765,-0.0139
2026-01-26,XES,2026-02-20,95.00,Call,3.20,6.00,0.3329,0.6254,0.0449,-0.0735,0.0963,0.0383
2026-01-26,XES,2026-02-20,95.00,Put,1.00,3.90,0.3447,-0.3837,0.0446,-0.0606,0.0961,-0.0227
2026-01-26,XES,2026-02-20,100.00,Call,1.00,3.70,0.3444,0.3986,0.0443,-0.0747,0.0979,0.0248
2026-01-26,XES,2026-02-20,100.00,Put,3.30,6.50,0.3227,-0.6239,0.0488,-0.0530,0.0969,-0.0324
2026-01-26,XES,2026-02-20,105.00,Call,0.50,1.50,0.3435,0.2115,0.0332,-0.0543,0.0734,0.0133
2026-01-26,XES,2026-02-20,105.00,Put,7.20,10.00,0.3105,-0.8405,0.0368,-0.0288,0.0631,-0.0310
2026-01-26,XES,2026-02-20,110.00,Call,0.15,0.75,0.3503,0.0981,0.0195,-0.0325,0.0439,0.0062
2026-01-26,XES,2026-02-20,110.00,Put,12.10,14.50,0.3503,-0.9325,0.0221,-0.0158,0.0341,-0.0222
2026-01-26,XES,2026-03-20,68.00,Call,27.90,30.60,0.3853,0.9945,0.0011,-0.0097,0.0061,0.0972
2026-01-26,XES,2026-03-20,68.00,Put,0.00,0.75,0.6719,-0.0628,0.0049,-0.0281,0.0455,-0.0099
2026-01-26,XES,2026-03-20,73.00,Call,23.10,25.70,0.4032,0.9749,0.0039,-0.0161,0.0218,0.1015
2026-01-26,XES,2026-03-20,73.00,Put,0.05,1.75,0.5918,-0.0821,0.0069,-0.0304,0.0560,-0.0119
2026-01-26,XES,2026-03-20,75.00,Call,21.30,23.90,0.4336,0.9522,0.0062,-0.0228,0.0368,0.1009
2026-01-26,XES,2026-03-20,75.00,Put,0.05,1.75,0.5490,-0.0879,0.0079,-0.0296,0.0573,-0.0127
2026-01-26,XES,2026-03-20,80.00,Call,16.50,19.50,0.4156,0.9070,0.0108,-0.0318,0.0615,0.1013
2026-01-26,XES,2026-03-20,80.00,Put,0.30,1.50,0.4440,-0.1063,0.0112,-0.0273,0.0670,-0.0150
2026-01-26,XES,2026-03-20,85.00,Call,12.30,15.00,0.3929,0.8376,0.0169,-0.0410,0.0907,0.0978
2026-01-26,XES,2026-03-20,85.00,Put,0.55,2.65,0.4203,-0.1771,0.0168,-0.0362,0.0957,-0.0246
2026-01-26,XES,2026-03-20,90.00,Call,8.00,11.10,0.3574,0.7414,0.0245,-0.0471,0.1193,0.0903
2026-01-26,XES,2026-03-20,90.00,Put,0.85,3.80,0.3656,-0.2645,0.0245,-0.0391,0.1192,-0.0356
2026-01-26,XES,2026-03-20,95.00,Call,4.90,7.80,0.3496,0.5998,0.0299,-0.0527,0.1425,0.0750
2026-01-26,XES,2026-03-20,95.00,Put,3.70,4.30,0.3483,-0.4044,0.0306,-0.0431,0.1427,-0.0522
2026-01-26,XES,2026-03-20,100.00,Call,3.40,4.30,0.3386,0.4439,0.0316,-0.0508,0.1457,0.0567
2026-01-26,XES,2026-03-20,100.00,Put,6.00,6.90,0.3336,-0.5656,0.0330,-0.0405,0.1450,-0.0679
2026-01-26,XES,2026-03-20,105.00,Call,0.75,4.00,0.3470,0.3093,0.0275,-0.0456,0.1301,0.0400
2026-01-26,XES,2026-03-20,105.00,Put,8.10,11.30,0.3211,-0.7240,0.0302,-0.0314,0.1237,-0.0757
2026-01-26,XES,2026-03-20,110.00,Call,0.05,2.50,0.3435,0.1933,0.0216,-0.0347,0.1011,0.0253
2026-01-26,XES,2026-03-20,110.00,Put,12.00,15.10,0.2894,-0.8787,0.0237,-0.0149,0.0740,-0.0613
2026-01-26,XES,2026-03-20,115.00,Call,0.20,2.00,0.3963,0.1536,0.0162,-0.0342,0.0874,0.0200
2026-01-26,XES,2026-03-20,115.00,Put,17.00,19.70,0.3267,-0.9259,0.0165,-0.0110,0.0528,-0.0507
2026-01-26,XES,2026-03-20,120.00,Call,0.15,0.45,0.3315,0.0558,0.0092,-0.0135,0.0415,0.0074
2026-01-26,XES,2026-03-20,120.00,Put,21.70,24.70,0.3315,-0.9789,0.0113,-0.0033,0.0207,-0.0172
2026-01-27,XES,2026-02-20,69.00,Call,27.90,30.70,0.9974,0.9478,0.0049,-0.1096,0.0308,0.0407
2026-01-27,XES,2026-02-20,69.00,Put,0.00,0.75,0.9974,-0.0623,0.0049,-0.0611,0.0313,-0.0042
2026-01-27,XES,2026-02-20,74.00,Call,23.00,25.40,0.8301,0.9323,0.0067,-0.0917,0.0351,0.0433
2026-01-27,XES,2026-02-20,74.00,Put,0.00,0.75,0.8406,-0.0730,0.0066,-0.0576,0.0368,-0.0048
2026-01-27,XES,2026-02-20,79.00,Call,18.00,20.89,0.6905,0.9231,0.0091,-0.1025,0.0398,0.0457
2026-01-27,XES,2026-02-20,79.00,Put,0.00,0.75,0.6905,-0.0874,0.0092,-0.0534,0.0414,-0.0056
2026-01-27,XES,2026-02-20,81.00,Call,16.10,19.00,0.3997,0.9811,0.0058,-0.0457,0.0147,0.0514
2026-01-27,XES,2026-02-20,81.00,Put,0.00,0.75,0.6312,-0.0946,0.0107,-0.0512,0.0430,-0.0060
2026-01-27,XES,2026-02-20,84.00,Call,13.20,16.00,0.4595,0.9367,0.0121,-0.0800,0.0350,0.0501
2026-01-27,XES,2026-02-20,84.00,Put,0.05,0.75,0.4595,-0.0742,0.0123,-0.0303,0.0370,-0.0046
2026-01-27,XES,2026-02-20,86.00,Call,11.10,13.60,0.4327,0.9050,0.0163,-0.0712,0.0444,0.0495
2026-01-27,XES,2026-02-20,86.00,Put,0.30,0.50,0.4598,-0.1150,0.0170,-0.0428,0.0499,-0.0071
2026-01-27,XES,2026-02-20,89.00,Call,8.40,11.50,0.3372,0.8935,0.0227,-0.0648,0.0480,0.0508
2026-01-27,XES,2026-02-20,89.00,Put,0.40,2.15,0.4704,-0.1873,0.0231,-0.0600,0.0682,-0.0114
2026-01-27,XES,2026-02-20,90.00,Call,8.30,9.80,0.1879,0.9877,0.0113,-0.0550,0.0134,0.0575
2026-01-27,XES,2026-02-20,90.00,Put,0.05,2.30,0.4370,-0.1873,0.0251,-0.0530,0.0672,-0.0111
2026-01-27,XES,2026-02-20,95.00,Call,4.20,6.80,0.3112,0.7197,0.0441,-0.0923,0.0863,0.0426
2026-01-27,XES,2026-02-20,95.00,Put,0.85,2.25,0.3134,-0.3042,0.0468,-0.0445,0.0878,-0.0164
2026-01-27,XES,2026-02-20,100.00,Call,1.25,4.09,0.3333,0.4483,0.0475,-0.0818,0.0996,0.0270
2026-01-27,XES,2026-02-20,100.00,Put,3.90,4.90,0.3471,-0.5666,0.0479,-0.0587,0.0985,-0.0287
2026-01-27,XES,2026-02-20,105.00,Call,0.35,2.10,0.3442,0.2490,0.0368,-0.0642,0.0797,0.0152
2026-01-27,XES,2026-02-20,105.00,Put,6.70,9.10,0.3446,-0.7825,0.0402,-0.0390,0.0742,-0.0301
2026-01-27,XES,2026-02-20,110.00,Call,0.15,0.50,0.3272,0.1143,0.0236,-0.0389,0.0486,0.0070
2026-01-27,XES,2026-02-20,110.00,Put,10.69,13.50,0.3359,-0.9637,0.0287,-0.0064,0.0208,-0.0078
2026-01-27,XES,2026-03-20,69.00,Call,28.10,30.90,0.5513,0.9650,0.0038,-0.0225,0.0287,0.0923
2026-01-27,XES,2026-03-20,69.00,Put,0.00,0.75,0.6695,-0.0631,0.0050,-0.0287,0.0457,-0.0098
2026-01-27,XES,2026-03-20,74.00,Call,23.30,26.20,0.5164,0.9422,0.0062,-0.0322,0.0437,0.0957
2026-01-27,XES,2026-03-20,74.00,Put,0.10,1.85,0.6032,-0.0863,0.0071,-0.0328,0.0563,-0.0125
2026-01-27,XES,2026-03-20,80.00,Call,17.70,20.50,0.4557,0.9028,0.0104,-0.0387,0.0643,0.0982
2026-01-27,XES,2026-03-20,80.00,Put,0.10,1.50,0.4477,-0.0956,0.0103,-0.0260,0.0656,-0.0133
2026-01-27,XES,2026-03-20,85.00,Call,13.10,15.90,0.4004,0.8513,0.0157,-0.0406,0.0856,0.0978
2026-01-27,XES,2026-03-20,85.00,Put,0.55,1.75,0.3911,-0.1452,0.0159,-0.0297,0.0833,-0.0198
2026-01-27,XES,2026-03-20,90.00,Call,8.80,12.00,0.3717,0.7591,0.0227,-0.0481,0.1150,0.0908
2026-01-27,XES,2026-03-20,90.00,Put,0.85,3.80,0.3899,-0.2511,0.0223,-0.0416,0.1184,-0.0338
2026-01-27,XES,2026-03-20,95.00,Call,6.40,8.10,0.3750,0.6240,0.0274,-0.0564,0.1401,0.0765
2026-01-27,XES,2026-03-20,95.00,Put,2.04,5.20,0.3518,-0.3753,0.0296,-0.0437,0.1390,-0.0485
2026-01-27,XES,2026-03-20,100.00,Call,3.70,4.70,0.3354,0.4729,0.0321,-0.0520,0.1469,0.0598
2026-01-27,XES,2026-03-20,100.00,Put,4.70,7.30,0.3411,-0.5327,0.0324,-0.0432,0.1470,-0.0647
2026-01-27,XES,2026-03-20,105.00,Call,0.80,3.20,0.3002,0.3012,0.0314,-0.0401,0.1285,0.0390
2026-01-27,XES,2026-03-20,105.00,Put,7.60,10.40,0.3217,-0.6962,0.0312,-0.0340,0.1308,-0.0743
2026-01-27,XES,2026-03-20,110.00,Call,0.05,2.60,0.3329,0.2037,0.0230,-0.0355,0.1044,0.0264
2026-01-27,XES,2026-03-20,110.00,Put,11.70,14.30,0.3179,-0.8360,0.0255,-0.0207,0.0931,-0.0656
2026-01-27,XES,2026-03-20,115.00,Call,0.30,2.04,0.3931,0.1635,0.0170,-0.0360,0.0910,0.0210
2026-01-27,XES,2026-03-20,115.00,Put,16.00,18.50,0.2992,-0.9516,0.0181,-0.0062,0.0369,-0.0305
2026-01-27,XES,2026-03-20,120.00,Call,0.05,0.75,0.3313,0.0631,0.0101,-0.0152,0.0457,0.0083
2026-01-27,XES,2026-03-20,120.00,Put,21.00,23.50,0.2992,-1.0000,0.0013,0.0000,0.0000,0.0000
2026-01-28,XES,2026-02-20,69.00,Call,25.70,28.40,0.9642,0.9303,0.0055,-0.0592,0.0311,0.0388
2026-01-28,XES,2026-02-20,69.00,Put,0.00,0.75,0.9642,-0.0664,0.0055,-0.0655,0.0311,-0.0045
2026-01-28,XES,2026-02-20,72.00,Call,22.70,25.50,0.8659,0.9234,0.0066,-0.0575,0.0336,0.0403
2026-01-28,XES,2026-02-20,72.00,Put,0.00,0.75,0.8659,-0.0733,0.0066,-0.0635,0.0336,-0.0049
2026-01-28,XES,2026-02-20,77.00,Call,17.80,20.50,0.7078,0.9088,0.0093,-0.0541,0.0386,0.0425
2026-01-28,XES,2026-02-20,77.00,Put,0.00,0.75,0.7078,-0.0879,0.0093,-0.0596,0.0386,-0.0058
2026-01-28,XES,2026-02-20,80.00,Call,14.80,17.50,0.6154,0.8972,0.0117,-0.0517,0.0423,0.0437
2026-01-28,XES,2026-02-20,80.00,Put,0.00,0.75,0.6154,-0.0996,0.0117,-0.0569,0.0423,-0.0065
2026-01-28,XES,2026-02-20,82.00,Call,12.90,15.70,0.6606,0.8518,0.0142,-0.0745,0.0550,0.0419
2026-01-28,XES,2026-02-20,82.00,Put,0.00,0.75,0.6606,-0.1449,0.0142,-0.0795,0.0550,-0.0096
2026-01-28,XES,2026-02-20,84.00,Call,11.00,13.80,0.2870,0.9708,0.0086,-0.0044,0.0146,0.0511
2026-01-28,XES,2026-02-20,84.00,Put,0.00,2.00,0.7068,-0.1932,0.0160,-0.1027,0.0678,-0.0126
2026-01-28,XES,2026-02-20,87.00,Call,8.19,11.00,0.2963,0.9180,0.0204,-0.0186,0.0355,0.0497
2026-01-28,XES,2026-02-20,87.00,Put,0.05,2.00,0.4497,-0.1676,0.0230,-0.0598,0.0606,-0.0108
2026-01-28,XES,2026-02-20,89.00,Call,6.70,9.30,0.3249,0.8422,0.0302,-0.0368,0.0574,0.0461
2026-01-28,XES,2026-02-20,89.00,Put,0.40,2.04,0.4136,-0.2059,0.0285,-0.0627,0.0701,-0.0130
2026-01-28,XES,2026-02-20,90.00,Call,5.70,8.40,0.3021,0.8233,0.0350,-0.0370,0.0619,0.0455
2026-01-28,XES,2026-02-20,90.00,Put,0.20,2.00,0.3021,-0.1734,0.0350,-0.0412,0.0619,-0.0109
2026-01-28,XES,2026-02-20,95.00,Call,3.00,5.20,0.3536,0.5791,0.0454,-0.0700,0.0942,0.0325
2026-01-28,XES,2026-02-20,95.00,Put,2.15,3.10,0.3407,-0.4158,0.0473,-0.0712,0.0946,-0.0264
2026-01-28,XES,2026-02-20,100.00,Call,0.55,2.45,0.3386,0.3456,0.0448,-0.0641,0.0890,0.0198
2026-01-28,XES,2026-02-20,100.00,Put,4.00,6.90,0.3386,-0.6512,0.0450,-0.0676,0.0882,-0.0414
2026-01-28,XES,2026-02-20,105.00,Call,0.05,2.45,0.4217,0.2233,0.0292,-0.0652,0.0721,0.0127
2026-01-28,XES,2026-02-20,105.00,Put,8.19,10.50,0.3440,-0.8266,0.0303,-0.0477,0.0612,-0.0560
2026-01-28,XES,2026-02-20,110.00,Call,0.05,0.50,0.4506,0.1321,0.0195,-0.0501,0.0517,0.0075
2026-01-28,XES,2026-02-20,110.00,Put,12.90,15.70,0.4506,-0.8652,0.0196,-0.0523,0.0524,-0.0525
2026-01-28,XES,2026-03-20,68.00,Call,27.10,29.50,0.4928,0.9684,0.0031,-0.0023,0.0202,0.0909
2026-01-28,XES,2026-03-20,68.00,Put,0.00,0.75,0.7743,-0.0888,0.0057,-0.0442,0.0578,-0.0137
2026-01-28,XES,2026-03-20,72.00,Call,23.20,25.50,0.4749,0.9501,0.0052,-0.0081,0.0323,0.0938
2026-01-28,XES,2026-03-20,72.00,Put,0.05,0.95,0.6194,-0.0847,0.0069,-0.0343,0.0567,-0.0125
2026-01-28,XES,2026-03-20,75.00,Call,20.20,23.00,0.4673,0.9277,0.0074,-0.0142,0.0453,0.0947
2026-01-28,XES,2026-03-20,75.00,Put,0.05,1.75,0.5419,-0.0905,0.0083,-0.0316,0.0580,-0.0132
2026-01-28,XES,2026-03-20,80.00,Call,15.50,18.00,0.3921,0.9016,0.0115,-0.0166,0.0587,0.0979
2026-01-28,XES,2026-03-20,80.00,Put,0.20,0.90,0.3921,-0.0907,0.0115,-0.0229,0.0587,-0.0130
2026-01-28,XES,2026-03-20,85.00,Call,11.00,14.00,0.3811,0.8202,0.0185,-0.0291,0.0916,0.0929
2026-01-28,XES,2026-03-20,85.00,Put,0.55,2.00,0.3720,-0.1671,0.0186,-0.0334,0.0899,-0.0242
2026-01-28,XES,2026-03-20,90.00,Call,7.60,9.50,0.3521,0.7109,0.0264,-0.0376,0.1210,0.0837
2026-01-28,XES,2026-03-20,90.00,Put,0.55,3.00,0.3521,-0.2812,0.0265,-0.0430,0.1195,-0.0406
2026-01-28,XES,2026-03-20,95.00,Call,4.20,7.20,0.3586,0.5595,0.0302,-0.0463,0.1408,0.0673
2026-01-28,XES,2026-03-20,95.00,Put,4.00,4.90,0.3545,-0.4326,0.0307,-0.0508,0.1402,-0.0632
2026-01-28,XES,2026-03-20,100.00,Call,2.50,4.50,0.3559,0.4078,0.0301,-0.0462,0.1390,0.0500
2026-01-28,XES,2026-03-20,100.00,Put,6.60,8.30,0.3676,-0.5800,0.0293,-0.0524,0.1401,-0.0855
2026-01-28,XES,2026-03-20,105.00,Call,1.15,3.30,0.3715,0.2852,0.0252,-0.0428,0.1218,0.0352
2026-01-28,XES,2026-03-20,105.00,Put,9.00,11.90,0.3270,-0.7381,0.0271,-0.0393,0.1150,-0.1139
2026-01-28,XES,2026-03-20,110.00,Call,1.15,2.85,0.4433,0.2319,0.0190,-0.0463,0.1095,0.0284
2026-01-28,XES,2026-03-20,110.00,Put,13.50,16.00,0.3456,-0.8285,0.0197,-0.0325,0.0887,-0.1321
2026-01-28,XES,2026-03-20,115.00,Call,0.15,2.00,0.4239,0.1461,0.0149,-0.0334,0.0823,0.0181
2026-01-28,XES,2026-03-20,115.00,Put,18.00,21.00,0.3882,-0.8699,0.0144,-0.0298,0.0729,-0.1443
2026-01-28,XES,2026-03-20,120.00,Call,0.05,2.00,0.4830,0.1272,0.0119,-0.0348,0.0749,0.0156
2026-01-28,XES,2026-03-20,120.00,Put,22.90,25.50,0.4060,-0.9102,0.0104,-0.0237,0.0541,-0.1236
2026-01-29,XES,2026-02-20,69.00,Call,29.20,31.70,1.0556,0.9320,0.0045,-0.0442,0.0293,0.0374
2026-01-29,XES,2026-02-20,69.00,Put,0.00,0.75,1.0556,-0.0603,0.0045,-0.0718,0.0293,-0.0040
2026-01-29,XES,2026-02-20,74.00,Call,23.40,26.70,0.8923,0.9219,0.0061,-0.0416,0.0331,0.0398
2026-01-29,XES,2026-02-20,74.00,Put,0.00,0.75,0.8923,-0.0704,0.0061,-0.0688,0.0331,-0.0047
2026-01-29,XES,2026-02-20,79.00,Call,18.60,21.89,0.7364,0.9085,0.0084,-0.0386,0.0378,0.0419
2026-01-29,XES,2026-02-20,79.00,Put,0.00,0.75,0.7364,-0.0838,0.0084,-0.0652,0.0378,-0.0055
2026-01-29,XES,2026-02-20,82.00,Call,16.30,19.00,0.3417,0.9834,0.0028,0.0000,0.0059,0.0487
2026-01-29,XES,2026-02-20,82.00,Put,0.00,0.75,0.6453,-0.0942,0.0105,-0.0627,0.0412,-0.0061
2026-01-29,XES,2026-02-20,84.00,Call,14.40,17.00,0.3522,0.9708,0.0059,0.0000,0.0126,0.0491
2026-01-29,XES,2026-02-20,84.00,Put,0.00,0.75,0.5853,-0.1027,0.0124,-0.0609,0.0439,-0.0066
2026-01-29,XES,2026-02-20,87.00,Call,11.60,14.10,0.3578,0.9369,0.0126,0.0000,0.0274,0.0488
2026-01-29,XES,2026-02-20,87.00,Put,0.05,0.75,0.4147,-0.0823,0.0148,-0.0371,0.0373,-0.0052
2026-01-29,XES,2026-02-20,89.00,Call,9.60,12.20,0.3239,0.9211,0.0170,-0.0006,0.0334,0.0490
2026-01-29,XES,2026-02-20,89.00,Put,0.15,0.90,0.3903,-0.1087,0.0193,-0.0432,0.0457,-0.0068
2026-01-29,XES,2026-02-20,90.00,Call,8.80,11.30,0.3207,0.9020,0.0205,-0.0057,0.0399,0.0484
2026-01-29,XES,2026-02-20,90.00,Put,0.25,1.00,0.3850,-0.1290,0.0221,-0.0483,0.0516,-0.0081
2026-01-29,XES,2026-02-20,95.00,Call,5.30,6.30,0.3048,0.7453,0.0419,-0.0345,0.0774,0.0415
2026-01-29,XES,2026-02-20,95.00,Put,0.25,2.90,0.3585,-0.2759,0.0377,-0.0734,0.0819,-0.0176
2026-01-29,XES,2026-02-20,100.00,Call,2.30,4.50,0.3654,0.4990,0.0440,-0.0682,0.0974,0.0280
2026-01-29,XES,2026-02-20,100.00,Put,2.50,4.90,0.3615,-0.4935,0.0446,-0.0922,0.0974,-0.0319
2026-01-29,XES,2026-02-20,105.00,Call,0.15,2.55,0.3364,0.2754,0.0401,-0.0556,0.0818,0.0158
2026-01-29,XES,2026-02-20,105.00,Put,6.40,8.10,0.4040,-0.6778,0.0356,-0.0962,0.0879,-0.0452
2026-01-29,XES,2026-02-20,110.00,Call,0.25,0.95,0.4228,0.1831,0.0254,-0.0578,0.0650,0.0104
2026-01-29,XES,2026-02-20,110.00,Put,10.30,12.30,0.4222,-0.8097,0.0254,-0.0812,0.0649,-0.0557
2026-01-29,XES,2026-03-20,69.00,Call,29.50,32.00,0.5119,0.9699,0.0025,0.0000,0.0182,0.0909
2026-01-29,XES,2026-03-20,69.00,Put,0.00,0.75,0.7023,-0.0601,0.0045,-0.0315,0.0441,-0.0092
2026-01-29,XES,2026-03-20,74.00,Call,24.60,27.00,0.4382,0.9634,0.0038,0.0000,0.0230,0.0968
2026-01-29,XES,2026-03-20,74.00,Put,0.00,0.75,0.5939,-0.0702,0.0061,-0.0301,0.0497,-0.0106
2026-01-29,XES,2026-03-20,80.00,Call,18.80,21.50,0.4228,0.9228,0.0083,-0.0100,0.0483,0.0989
2026-01-29,XES,2026-03-20,80.00,Put,0.05,1.50,0.4744,-0.0884,0.0090,-0.0288,0.0592,-0.0131
2026-01-29,XES,2026-03-20,85.00,Call,13.30,16.70,0.2962,0.9261,0.0114,-0.0038,0.0464,0.1065
2026-01-29,XES,2026-03-20,85.00,Put,0.55,1.30,0.3949,-0.1201,0.0136,-0.0302,0.0740,-0.0177
2026-01-29,XES,2026-03-20,90.00,Call,9.10,12.40,0.3052,0.8254,0.0218,-0.0194,0.0917,0.0984
2026-01-29,XES,2026-03-20,90.00,Put,0.40,2.25,0.3343,-0.1836,0.0214,-0.0344,0.0997,-0.0267
2026-01-29,XES,2026-03-20,95.00,Call,6.50,9.00,0.3525,0.6634,0.0274,-0.0401,0.1329,0.0803
2026-01-29,XES,2026-03-20,95.00,Put,1.65,4.09,0.3413,-0.3231,0.0283,-0.0480,0.1308,-0.0479
2026-01-29,XES,2026-03-20,100.00,Call,3.70,6.30,0.3493,0.5132,0.0304,-0.0459,0.1463,0.0635
2026-01-29,XES,2026-03-20,100.00,Put,4.00,6.50,0.3495,-0.4771,0.0305,-0.0552,0.1463,-0.0722
2026-01-29,XES,2026-03-20,105.00,Call,2.00,4.70,0.3713,0.3767,0.0274,-0.0481,0.1398,0.0470
2026-01-29,XES,2026-03-20,105.00,Put,7.30,9.70,0.3658,-0.6162,0.0278,-0.0560,0.1395,-0.0957
2026-01-29,XES,2026-03-20,110.00,Call,1.40,2.80,0.3795,0.2630,0.0230,-0.0431,0.1203,0.0332
2026-01-29,XES,2026-03-20,110.00,Put,11.00,13.60,0.3795,-0.7275,0.0231,-0.0512,0.1216,-0.1162
2026-01-29,XES,2026-03-20,115.00,Call,0.15,2.15,0.3726,0.1662,0.0179,-0.0327,0.0921,0.0212
2026-01-29,XES,2026-03-20,115.00,Put,15.20,17.70,0.3864,-0.8146,0.0180,-0.0428,0.0968,-0.1336
2026-01-29,XES,2026-03-20,120.00,Call,0.15,1.80,0.4209,0.1324,0.0136,-0.0320,0.0792,0.0168
2026-01-29,XES,2026-03-20,120.00,Put,19.89,22.20,0.4120,-0.8637,0.0135,-0.0374,0.0768,-0.1472
2026-01-30,XES,2026-02-20,69.00,Call,28.30,31.20,1.0820,0.9573,0.0047,-0.1623,0.0285,0.0357
2026-01-30,XES,2026-02-20,69.00,Put,0.00,0.75,1.0820,-0.0616,0.0048,-0.0683,0.0283,-0.0036
2026-01-30,XES,2026-02-20,74.00,Call,23.10,25.90,0.9100,0.9465,0.0064,-0.1567,0.0322,0.0380
2026-01-30,XES,2026-02-20,74.00,Put,0.00,0.75,0.9144,-0.0721,0.0064,-0.0640,0.0331,-0.0041
2026-01-30,XES,2026-02-20,79.00,Call,18.20,21.00,0.7545,0.9338,0.0088,-0.1533,0.0366,0.0401
2026-01-30,XES,2026-02-20,79.00,Put,0.00,0.75,0.7545,-0.0860,0.0090,-0.0589,0.0381,-0.0047
2026-01-30,XES,2026-02-20,82.00,Call,15.40,18.10,0.6614,0.9234,0.0109,-0.1497,0.0399,0.0412
2026-01-30,XES,2026-02-20,82.00,Put,0.00,0.75,0.6614,-0.0969,0.0112,-0.0552,0.0421,-0.0052
2026-01-30,XES,2026-02-20,84.00,Call,13.30,15.90,0.5028,0.9471,0.0116,-0.1264,0.0320,0.0440
2026-01-30,XES,2026-02-20,84.00,Put,0.05,0.75,0.5070,-0.0726,0.0118,-0.0328,0.0325,-0.0038
2026-01-30,XES,2026-02-20,87.00,Call,10.60,13.20,0.5793,0.8713,0.0170,-0.1573,0.0543,0.0410
2026-01-30,XES,2026-02-20,87.00,Put,0.05,2.20,0.5741,-0.1530,0.0180,-0.0631,0.0550,-0.0080
2026-01-30,XES,2026-02-20,89.00,Call,8.80,11.00,0.5335,0.8473,0.0204,-0.1564,0.0600,0.0407
2026-01-30,XES,2026-02-20,89.00,Put,0.20,2.30,0.5335,-0.1773,0.0214,-0.0629,0.0606,-0.0091
2026-01-30,XES,2026-02-20,90.00,Call,7.90,10.19,0.5147,0.8316,0.0224,-0.1565,0.0634,0.0403
2026-01-30,XES,2026-02-20,90.00,Put,0.30,2.40,0.5147,-0.1942,0.0236,-0.0633,0.0654,-0.0098
2026-01-30,XES,2026-02-20,95.00,Call,5.10,6.00,0.2591,0.8114,0.0474,-0.1191,0.0675,0.0424
2026-01-30,XES,2026-02-20,95.00,Put,0.55,2.65,0.3642,-0.2970,0.0442,-0.0480,0.0803,-0.0133
2026-01-30,XES,2026-02-20,100.00,Call,2.45,4.50,0.3729,0.5199,0.0464,-0.1342,0.0952,0.0272
2026-01-30,XES,2026-02-20,100.00,Put,2.30,5.00,0.3425,-0.5647,0.0626,-0.0415,0.0894,-0.0190
2026-01-30,XES,2026-02-20,105.00,Call,0.05,2.00,0.3676,0.3042,0.0409,-0.1016,0.0829,0.0162
2026-01-30,XES,2026-02-20,105.00,Put,6.60,8.30,0.3676,-0.8332,0.0578,-0.0215,0.0530,-0.0142
2026-01-30,XES,2026-02-20,110.00,Call,0.05,0.80,0.5340,0.2486,0.0255,-0.1190,0.0749,0.0129
2026-01-30,XES,2026-02-20,110.00,Put,9.80,13.20,0.5340,-0.8454,0.0322,-0.0379,0.0524,-0.0184
2026-01-30,XES,2026-02-20,115.00,Call,0.00,2.00,0.7003,0.2284,0.0185,-0.1410,0.0715,0.0117
2026-01-30,XES,2026-02-20,115.00,Put,15.10,17.89,0.7003,-0.8418,0.0218,-0.0578,0.0559,-0.0223
2026-01-30,XES,2026-03-20,69.00,Call,28.30,31.00,0.5557,0.9704,0.0036,-0.0261,0.0257,0.0875
2026-01-30,XES,2026-03-20,69.00,Put,0.00,0.75,0.6922,-0.0627,0.0050,-0.0303,0.0457,-0.0086
2026-01-30,XES,2026-03-20,74.00,Call,23.50,26.10,0.5003,0.9533,0.0056,-0.0303,0.0364,0.0917
2026-01-30,XES,2026-03-20,74.00,Put,0.00,0.75,0.5822,-0.0738,0.0067,-0.0286,0.0501,-0.0106
2026-01-30,XES,2026-03-20,80.00,Call,17.70,20.20,0.4129,0.9291,0.0094,-0.0329,0.0498,0.0964
2026-01-30,XES,2026-03-20,80.00,Put,0.10,0.90,0.4097,-0.0720,0.0094,-0.0195,0.0487,-0.0093
2026-01-30,XES,2026-03-20,85.00,Call,13.20,16.50,0.4516,0.8349,0.0155,-0.0523,0.0897,0.0894
2026-01-30,XES,2026-03-20,85.00,Put,0.70,0.90,0.3603,-0.1191,0.0155,-0.0245,0.0722,-0.0152
2026-01-30,XES,2026-03-20,90.00,Call,8.69,12.30,0.3907,0.7574,0.0225,-0.0551,0.1125,0.0851
2026-01-30,XES,2026-03-20,90.00,Put,0.50,3.00,0.3533,-0.2251,0.0240,-0.0357,0.1070,-0.0281
2026-01-30,XES,2026-03-20,95.00,Call,5.10,8.80,0.3557,0.6365,0.0295,-0.0578,0.1349,0.0741
2026-01-30,XES,2026-03-20,95.00,Put,2.00,4.30,0.3313,-0.3650,0.0323,-0.0407,0.1343,-0.0434
2026-01-30,XES,2026-03-20,100.00,Call,3.40,5.10,0.3431,0.4791,0.0324,-0.0568,0.1430,0.0571
2026-01-30,XES,2026-03-20,100.00,Put,4.70,7.00,0.3472,-0.5314,0.0332,-0.0439,0.1428,-0.0593
2026-01-30,XES,2026-03-20,105.00,Call,2.15,3.30,0.3611,0.3400,0.0283,-0.0532,0.1314,0.0409
2026-01-30,XES,2026-03-20,105.00,Put,7.90,10.30,0.3369,-0.6976,0.0313,-0.0351,0.1265,-0.0677
2026-01-30,XES,2026-03-20,110.00,Call,0.85,2.00,0.3490,0.2131,0.0232,-0.0401,0.1042,0.0260
2026-01-30,XES,2026-03-20,110.00,Put,12.00,14.00,0.3428,-0.8169,0.0252,-0.0254,0.0932,-0.0651
2026-01-30,XES,2026-03-20,115.00,Call,0.45,2.00,0.4072,0.1684,0.0172,-0.0399,0.0901,0.0204
2026-01-30,XES,2026-03-20,115.00,Put,16.39,18.39,0.3353,-0.9205,0.0187,-0.0120,0.0536,-0.0447
2026-01-30,XES,2026-03-20,120.00,Call,0.10,2.00,0.4557,0.1364,0.0134,-0.0384,0.0784,0.0164
2026-01-30,XES,2026-03-20,120.00,Put,20.00,23.20,0.4557,-0.8873,0.0146,-0.0241,0.0662,-0.0633
2026-01-30,XES,2026-03-20,125.00,Call,0.15,2.30,0.5415,0.1358,0.0112,-0.0451,0.0781,0.0161
2026-01-30,XES,2026-03-20,125.00,Put,25.40,28.10,0.5415,-0.8842,0.0120,-0.0303,0.0685,-0.0696
2026-02-02,XES,2026-02-20,70.00,Call,28.20,31.10,1.0862,0.9423,0.0049,-0.0951,0.0259,0.0312
2026-02-02,XES,2026-02-20,70.00,Put,0.00,0.75,1.1140,-0.0632,0.0050,-0.0875,0.0274,-0.0034
2026-02-02,XES,2026-02-20,75.00,Call,23.20,25.90,0.8959,0.9231,0.0065,-0.0282,0.0287,0.0333
2026-02-02,XES,2026-02-20,75.00,Put,0.00,0.75,0.9345,-0.0742,0.0067,-0.0838,0.0310,-0.0040
2026-02-02,XES,2026-02-20,80.00,Call,18.20,21.10,0.7365,0.9190,0.0094,-0.0858,0.0335,0.0350
2026-02-02,XES,2026-02-20,80.00,Put,0.00,0.75,0.7625,-0.0891,0.0095,-0.0792,0.0356,-0.0047
2026-02-02,XES,2026-02-20,82.00,Call,16.39,18.89,0.6698,0.9121,0.0110,-0.0834,0.0355,0.0356
2026-02-02,XES,2026-02-20,82.00,Put,0.00,0.75,0.6955,-0.0968,0.0110,-0.0773,0.0378,-0.0051
2026-02-02,XES,2026-02-20,84.00,Call,14.40,17.10,0.6295,0.8956,0.0133,-0.0875,0.0402,0.0358
2026-02-02,XES,2026-02-20,84.00,Put,0.00,0.75,0.6283,-0.1056,0.0130,-0.0749,0.0403,-0.0055
2026-02-02,XES,2026-02-20,87.00,Call,11.50,14.30,0.5739,0.8503,0.0174,-0.0395,0.0491,0.0354
2026-02-02,XES,2026-02-20,87.00,Put,0.05,1.15,0.5739,-0.1395,0.0174,-0.0844,0.0502,-0.0073
2026-02-02,XES,2026-02-20,89.00,Call,9.60,12.10,0.4936,0.8384,0.0214,-0.0330,0.0518,0.0358
2026-02-02,XES,2026-02-20,89.00,Put,0.20,2.00,0.5293,-0.1661,0.0212,-0.0883,0.0561,-0.0086
2026-02-02,XES,2026-02-20,90.00,Call,8.60,11.19,0.4676,0.8247,0.0239,-0.0339,0.0549,0.0356
2026-02-02,XES,2026-02-20,90.00,Put,0.35,2.00,0.5061,-0.1821,0.0234,-0.0899,0.0583,-0.0095
2026-02-02,XES,2026-02-20,95.00,Call,4.60,6.90,0.3986,0.6866,0.0393,-0.0544,0.0770,0.0309
2026-02-02,XES,2026-02-20,95.00,Put,0.60,2.85,0.3888,-0.2995,0.0402,-0.0960,0.0772,-0.0155
2026-02-02,XES,2026-02-20,100.00,Call,2.10,3.20,0.3572,0.4587,0.0497,-0.0659,0.0871,0.0212
2026-02-02,XES,2026-02-20,100.00,Put,2.70,4.70,0.3582,-0.5311,0.0497,-0.1100,0.0872,-0.0278
2026-02-02,XES,2026-02-20,105.00,Call,0.20,2.00,0.3625,0.2408,0.0386,-0.0584,0.0686,0.0113
2026-02-02,XES,2026-02-20,105.00,Put,5.70,7.90,0.3122,-0.7862,0.0409,-0.0883,0.0622,-0.0419
2026-02-02,XES,2026-02-20,110.00,Call,0.00,0.75,0.4450,0.1521,0.0238,-0.0574,0.0519,0.0071
2026-02-02,XES,2026-02-20,110.00,Put,9.40,12.10,0.4432,-0.8620,0.0258,-0.0483,0.0503,-0.0252
2026-02-02,XES,2026-02-20,115.00,Call,0.00,0.75,0.5644,0.1267,0.0165,-0.0663,0.0459,0.0058
2026-02-02,XES,2026-02-20,115.00,Put,14.00,17.00,0.5644,-0.8635,0.0165,-0.1083,0.0459,-0.0507
2026-02-02,XES,2026-03-20,70.00,Call,28.20,31.10,0.6770,0.9314,0.0048,-0.0145,0.0408,0.0796
2026-02-02,XES,2026-03-20,70.00,Put,0.00,0.75,0.7001,-0.0629,0.0049,-0.0340,0.0436,-0.0088
2026-02-02,XES,2026-03-20,75.00,Call,23.30,26.20,0.5837,0.9165,0.0066,-0.0161,0.0487,0.0839
2026-02-02,XES,2026-03-20,75.00,Put,0.00,0.75,0.5879,-0.0739,0.0067,-0.0325,0.0494,-0.0102
2026-02-02,XES,2026-03-20,80.00,Call,18.50,21.00,0.4725,0.9036,0.0093,-0.0142,0.0551,0.0886
2026-02-02,XES,2026-03-20,80.00,Put,0.20,0.65,0.4725,-0.0855,0.0093,-0.0294,0.0551,-0.0116
2026-02-02,XES,2026-03-20,85.00,Call,13.90,16.30,0.4157,0.8585,0.0143,-0.0207,0.0748,0.0888
2026-02-02,XES,2026-03-20,85.00,Put,0.55,1.20,0.3940,-0.1196,0.0142,-0.0317,0.0704,-0.0161
2026-02-02,XES,2026-03-20,90.00,Call,9.60,12.00,0.3752,0.7774,0.0217,-0.0300,0.1020,0.0840
2026-02-02,XES,2026-03-20,90.00,Put,0.60,3.50,0.4079,-0.2271,0.0207,-0.0499,0.1062,-0.0311
2026-02-02,XES,2026-03-20,95.00,Call,6.50,8.40,0.3756,0.6432,0.0275,-0.0435,0.1296,0.0714
2026-02-02,XES,2026-03-20,95.00,Put,2.25,3.30,0.3319,-0.3331,0.0308,-0.0505,0.1259,-0.0450
2026-02-02,XES,2026-03-20,100.00,Call,2.85,5.40,0.3240,0.4874,0.0344,-0.0422,0.1396,0.0560
2026-02-02,XES,2026-03-20,100.00,Put,4.40,5.80,0.3318,-0.5004,0.0337,-0.0568,0.1397,-0.0689
2026-02-02,XES,2026-03-20,105.00,Call,1.35,3.30,0.3254,0.3263,0.0310,-0.0402,0.1267,0.0380
2026-02-02,XES,2026-03-20,105.00,Put,6.70,9.20,0.3081,-0.6739,0.0325,-0.0503,0.1263,-0.0943
2026-02-02,XES,2026-03-20,110.00,Call,0.05,2.50,0.3328,0.2033,0.0239,-0.0332,0.0996,0.0239
2026-02-02,XES,2026-03-20,110.00,Put,10.19,12.50,0.2483,-0.8627,0.0235,-0.0302,0.0732,-0.1226
2026-02-02,XES,2026-03-20,115.00,Call,0.05,1.90,0.3148,0.1003,0.0157,-0.0198,0.0621,0.0119
2026-02-02,XES,2026-03-20,115.00,Put,15.00,17.60,0.3148,-0.8888,0.0157,-0.0315,0.0621,-0.1321
2026-02-02,XES,2026-03-20,120.00,Call,0.00,2.35,0.6022,0.2133,0.0135,-0.0640,0.1024,0.0238
2026-02-02,XES,2026-03-20,120.00,Put,19.50,22.39,0.6022,-0.7927,0.0143,-0.0584,0.0982,-0.0814
2026-02-02,XES,2026-03-20,125.00,Call,0.00,2.25,0.6656,0.1918,0.0115,-0.0668,0.0962,0.0212
2026-02-02,XES,2026-03-20,125.00,Put,24.40,27.10,0.6656,-0.8145,0.0121,-0.0603,0.0960,-0.0840
2026-02-03,XES,2026-02-20,71.00,Call,28.50,30.90,1.0344,0.9530,0.0045,-0.0839,0.0218,0.0305
2026-02-03,XES,2026-02-20,71.00,Put,0.00,0.75,1.1392,-0.0636,0.0050,-0.0886,0.0268,-0.0033
2026-02-03,XES,2026-02-20,76.00,Call,23.40,26.00,0.8619,0.9450,0.0061,-0.0803,0.0246,0.0324
2026-02-03,XES,2026-02-20,76.00,Put,0.00,0.75,0.9577,-0.0746,0.0068,-0.0839,0.0304,-0.0038
2026-02-03,XES,2026-02-20,81.00,Call,18.30,20.89,0.6598,0.9434,0.0082,-0.0671,0.0251,0.0347
2026-02-03,XES,2026-02-20,81.00,Put,0.00,0.75,0.7830,-0.0891,0.0095,-0.0783,0.0343,-0.0042
2026-02-03,XES,2026-02-20,83.00,Call,16.50,18.89,0.6353,0.9275,0.0102,-0.0744,0.0303,0.0349
2026-02-03,XES,2026-02-20,83.00,Put,0.00,0.75,0.7151,-0.0968,0.0111,-0.0756,0.0369,-0.0048
2026-02-03,XES,2026-02-20,86.00,Call,13.60,16.10,0.5820,0.9019,0.0139,-0.0822,0.0378,0.0350
2026-02-03,XES,2026-02-20,86.00,Put,0.00,0.75,0.6132,-0.1105,0.0143,-0.0713,0.0398,-0.0051
2026-02-03,XES,2026-02-20,89.00,Call,10.80,13.00,0.4933,0.8810,0.0189,-0.0803,0.0433,0.0354
2026-02-03,XES,2026-02-20,89.00,Put,0.10,1.75,0.5490,-0.1441,0.0193,-0.0763,0.0501,-0.0065
2026-02-03,XES,2026-02-20,90.00,Call,10.19,12.20,0.5229,0.8457,0.0212,-0.0961,0.0516,0.0341
2026-02-03,XES,2026-02-20,90.00,Put,0.10,1.75,0.5135,-0.1525,0.0214,-0.0739,0.0504,-0.0069
2026-02-03,XES,2026-02-20,95.00,Call,5.40,7.70,0.3911,0.7532,0.0376,-0.0939,0.0683,0.0319
2026-02-03,XES,2026-02-20,95.00,Put,0.55,2.90,0.4497,-0.2752,0.0347,-0.0902,0.0709,-0.0121
2026-02-03,XES,2026-02-20,100.00,Call,2.70,4.40,0.3975,0.5300,0.0465,-0.1115,0.0859,0.0230
2026-02-03,XES,2026-02-20,100.00,Put,2.30,4.30,0.3952,-0.4765,0.0477,-0.0914,0.0858,-0.0194
2026-02-03,XES,2026-02-20,105.00,Call,0.65,2.10,0.3522,0.2848,0.0447,-0.0817,0.0732,0.0126
2026-02-03,XES,2026-02-20,105.00,Put,5.00,7.20,0.3522,-0.7287,0.0465,-0.0628,0.0715,-0.0246
2026-02-03,XES,2026-02-20,110.00,Call,0.15,1.75,0.4547,0.1854,0.0272,-0.0809,0.0576,0.0081
2026-02-03,XES,2026-02-20,110.00,Put,8.80,11.30,0.4547,-0.8284,0.0284,-0.0618,0.0562,-0.0256
2026-02-03,XES,2026-02-20,115.00,Call,0.00,0.75,0.5436,0.1335,0.0184,-0.0770,0.0464,0.0058
2026-02-03,XES,2026-02-20,115.00,Put,12.50,16.00,0.5435,-0.8806,0.0192,-0.0571,0.0447,-0.0250
2026-02-03,XES,2026-03-20,71.00,Call,28.60,31.10,0.6690,0.9445,0.0047,-0.0364,0.0394,0.0794
2026-02-03,XES,2026-03-20,71.00,Put,0.00,0.75,0.7028,-0.0634,0.0050,-0.0333,0.0436,-0.0087
2026-02-03,XES,2026-03-20,75.00,Call,24.50,26.90,0.5408,0.9487,0.0055,-0.0298,0.0370,0.0850
2026-02-03,XES,2026-03-20,75.00,Put,0.00,0.75,0.6131,-0.0719,0.0063,-0.0319,0.0480,-0.0097
2026-02-03,XES,2026-03-20,80.00,Call,19.80,22.20,0.4994,0.9167,0.0087,-0.0376,0.0538,0.0869
2026-02-03,XES,2026-03-20,80.00,Put,0.25,0.80,0.4994,-0.0835,0.0088,-0.0290,0.0549,-0.0104
2026-02-03,XES,2026-03-20,85.00,Call,15.10,17.60,0.4429,0.8746,0.0133,-0.0434,0.0724,0.0874
2026-02-03,XES,2026-03-20,85.00,Put,0.55,1.45,0.4368,-0.1230,0.0133,-0.0334,0.0716,-0.0151
2026-02-03,XES,2026-03-20,90.00,Call,10.60,13.30,0.3961,0.8036,0.0199,-0.0502,0.0971,0.0841
2026-02-03,XES,2026-03-20,90.00,Put,0.20,2.90,0.3876,-0.1931,0.0203,-0.0395,0.0972,-0.0231
2026-02-03,XES,2026-03-20,95.00,Call,7.00,9.50,0.3774,0.6853,0.0268,-0.0588,0.1245,0.0741
2026-02-03,XES,2026-03-20,95.00,Put,2.20,3.60,0.3761,-0.3168,0.0273,-0.0491,0.1262,-0.0369
2026-02-03,XES,2026-03-20,100.00,Call,3.90,6.30,0.3517,0.5370,0.0322,-0.0597,0.1393,0.0597
2026-02-03,XES,2026-03-20,100.00,Put,3.50,5.90,0.3476,-0.4680,0.0332,-0.0494,0.1391,-0.0517
2026-02-03,XES,2026-03-20,105.00,Call,1.65,4.20,0.3415,0.3763,0.0317,-0.0543,0.1331,0.0427
2026-02-03,XES,2026-03-20,105.00,Put,6.50,9.20,0.3611,-0.6224,0.0310,-0.0478,0.1348,-0.0643
2026-02-03,XES,2026-03-20,110.00,Call,1.30,2.45,0.3658,0.2583,0.0252,-0.0487,0.1133,0.0294
2026-02-03,XES,2026-03-20,110.00,Put,10.00,12.00,0.3121,-0.7981,0.0283,-0.0280,0.1003,-0.0655
2026-02-03,XES,2026-03-20,115.00,Call,0.25,2.00,0.3243,0.1276,0.0183,-0.0277,0.0732,0.0148
2026-02-03,XES,2026-03-20,115.00,Put,14.10,16.80,0.3243,-0.8934,0.0200,-0.0176,0.0629,-0.0552
2026-02-03,XES,2026-03-20,120.00,Call,0.00,1.15,0.4547,0.1494,0.0145,-0.0427,0.0815,0.0169
2026-02-03,XES,2026-03-20,120.00,Put,18.10,21.20,0.4547,-0.8641,0.0153,-0.0320,0.0759,-0.0690
2026-02-03,XES,2026-03-20,125.00,Call,0.00,0.85,0.4802,0.1117,0.0112,-0.0367,0.0666,0.0127
2026-02-03,XES,2026-03-20,125.00,Put,23.20,26.00,0.4802,-0.9035,0.0120,-0.0256,0.0587,-0.0634
2026-02-04,XES,2026-02-20,71.00,Call,29.30,31.50,1.2039,0.9360,0.0047,-0.0869,0.0257,0.0280
2026-02-04,XES,2026-02-20,71.00,Put,0.00,0.75,1.2040,-0.0612,0.0047,-0.0971,0.0257,-0.0030
2026-02-04,XES,2026-02-20,77.00,Call,23.30,26.40,0.8481,0.9472,0.0057,-0.0488,0.0219,0.0313
2026-02-04,XES,2026-02-20,77.00,Put,0.00,0.75,0.9817,-0.0738,0.0066,-0.0916,0.0297,-0.0036
2026-02-04,XES,2026-02-20,82.00,Call,18.39,21.60,0.7405,0.9242,0.0087,-0.0595,0.0294,0.0324
2026-02-04,XES,2026-02-20,82.00,Put,0.00,0.75,0.8047,-0.0883,0.0093,-0.0861,0.0340,-0.0042
2026-02-04,XES,2026-02-20,84.00,Call,16.30,18.80,0.6295,0.9306,0.0096,-0.0455,0.0274,0.0336
2026-02-04,XES,2026-02-20,84.00,Put,0.00,0.75,0.8476,-0.1235,0.0113,-0.1160,0.0444,-0.0060
2026-02-04,XES,2026-02-20,87.00,Call,13.40,15.80,0.4228,0.9601,0.0090,-0.0144,0.0172,0.0363
2026-02-04,XES,2026-02-20,87.00,Put,0.05,0.75,0.5327,-0.0752,0.0125,-0.0507,0.0301,-0.0035
2026-02-04,XES,2026-02-20,89.00,Call,11.50,14.50,0.5100,0.8977,0.0161,-0.0515,0.0371,0.0342
2026-02-04,XES,2026-02-20,89.00,Put,0.10,0.75,0.4791,-0.0868,0.0155,-0.0508,0.0336,-0.0040
2026-02-04,XES,2026-02-20,90.00,Call,10.60,13.20,0.4504,0.9042,0.0173,-0.0421,0.0353,0.0350
2026-02-04,XES,2026-02-20,90.00,Put,0.05,0.95,0.4688,-0.1012,0.0177,-0.0558,0.0376,-0.0047
2026-02-04,XES,2026-02-20,95.00,Call,6.20,8.50,0.3776,0.8069,0.0337,-0.0616,0.0577,0.0327
2026-02-04,XES,2026-02-20,95.00,Put,0.05,2.00,0.4031,-0.2042,0.0330,-0.0772,0.0602,-0.0095
2026-02-04,XES,2026-02-20,100.00,Call,3.10,5.20,0.4081,0.5781,0.0449,-0.1010,0.0828,0.0239
2026-02-04,XES,2026-02-20,100.00,Put,1.50,3.90,0.4034,-0.4129,0.0454,-0.1073,0.0832,-0.0195
2026-02-04,XES,2026-02-20,105.00,Call,0.55,3.00,0.3753,0.3459,0.0461,-0.0892,0.0783,0.0146
2026-02-04,XES,2026-02-20,105.00,Put,4.20,6.20,0.3643,-0.6566,0.0474,-0.0930,0.0773,-0.0314
2026-02-04,XES,2026-02-20,110.00,Call,0.35,1.90,0.4569,0.2129,0.0298,-0.0865,0.0617,0.0089
2026-02-04,XES,2026-02-20,110.00,Put,8.10,10.00,0.3538,-0.8512,0.0304,-0.0590,0.0498,-0.0418
2026-02-04,XES,2026-02-20,115.00,Call,0.05,0.75,0.4421,0.0958,0.0180,-0.0492,0.0361,0.0040
2026-02-04,XES,2026-02-20,115.00,Put,12.60,15.20,0.4421,-0.9014,0.0180,-0.0549,0.0361,-0.0462
2026-02-04,XES,2026-03-20,71.00,Call,29.40,32.70,0.6967,0.9408,0.0044,-0.0268,0.0388,0.0777
2026-02-04,XES,2026-03-20,71.00,Put,0.00,0.75,0.7280,-0.0610,0.0047,-0.0352,0.0425,-0.0083
2026-02-04,XES,2026-03-20,75.00,Call,25.40,27.80,0.4638,0.9716,0.0035,-0.0099,0.0203,0.0867
2026-02-04,XES,2026-03-20,75.00,Put,0.00,0.75,0.6378,-0.0690,0.0059,-0.0339,0.0467,-0.0093
2026-02-04,XES,2026-03-20,80.00,Call,20.80,23.90,0.5534,0.9052,0.0083,-0.0329,0.0571,0.0838
2026-02-04,XES,2026-03-20,80.00,Put,0.10,0.75,0.5534,-0.0896,0.0083,-0.0359,0.0566,-0.0114
2026-02-04,XES,2026-03-20,85.00,Call,16.50,18.39,0.4569,0.8810,0.0119,-0.0328,0.0679,0.0867
2026-02-04,XES,2026-03-20,85.00,Put,0.55,1.15,0.4403,-0.1067,0.0118,-0.0324,0.0647,-0.0140
2026-02-04,XES,2026-03-20,90.00,Call,13.00,13.90,0.4573,0.7959,0.0172,-0.0491,0.0982,0.0811
2026-02-04,XES,2026-03-20,90.00,Put,0.35,2.65,0.4109,-0.1780,0.0180,-0.0430,0.0918,-0.0220
2026-02-04,XES,2026-03-20,95.00,Call,7.80,10.30,0.3795,0.7132,0.0251,-0.0497,0.1187,0.0763
2026-02-04,XES,2026-03-20,95.00,Put,1.55,4.00,0.4008,-0.2897,0.0242,-0.0550,0.1223,-0.0354
2026-02-04,XES,2026-03-20,100.00,Call,5.00,7.40,0.3879,0.5696,0.0285,-0.0596,0.1376,0.0622
2026-02-04,XES,2026-03-20,100.00,Put,3.30,5.80,0.3804,-0.4266,0.0294,-0.0587,0.1372,-0.0503
2026-02-04,XES,2026-03-20,105.00,Call,2.25,4.90,0.3588,0.4167,0.0307,-0.0552,0.1370,0.0466
2026-02-04,XES,2026-03-20,105.00,Put,6.10,8.30,0.3729,-0.5740,0.0298,-0.0583,0.1378,-0.0673
2026-02-04,XES,2026-03-20,110.00,Call,0.65,3.60,0.3639,0.2833,0.0263,-0.0488,0.1190,0.0321
2026-02-04,XES,2026-03-20,110.00,Put,9.30,11.60,0.3567,-0.7175,0.0268,-0.0478,0.1176,-0.0798
2026-02-04,XES,2026-03-20,115.00,Call,0.05,2.40,0.3703,0.1824,0.0202,-0.0389,0.0931,0.0208
2026-02-04,XES,2026-03-20,115.00,Put,12.60,15.90,0.3289,-0.8469,0.0203,-0.0303,0.0852,-0.0839
2026-02-04,XES,2026-03-20,120.00,Call,0.30,2.00,0.4379,0.1527,0.0152,-0.0411,0.0830,0.0173
2026-02-04,XES,2026-03-20,120.00,Put,17.70,20.39,0.3747,-0.8868,0.0145,-0.0276,0.0688,-0.0836
2026-02-04,XES,2026-03-20,125.00,Call,0.10,1.75,0.4764,0.1198,0.0118,-0.0379,0.0703,0.0135
2026-02-04,XES,2026-03-20,125.00,Put,22.60,25.20,0.4145,-0.9139,0.0108,-0.0246,0.0533,-0.0814
2026-02-05,XES,2026-02-20,70.00,Call,28.00,30.90,1.1450,0.9426,0.0047,-0.0696,0.0220,0.0262
2026-02-05,XES,2026-02-20,70.00,Put,0.00,0.75,1.2189,-0.0637,0.0050,-0.1022,0.0250,-0.0029
2026-02-05,XES,2026-02-20,75.00,Call,23.20,25.90,0.9930,0.9268,0.0067,-0.0753,0.0268,0.0276
2026-02-05,XES,2026-02-20,75.00,Put,0.00,0.75,1.0225,-0.0748,0.0068,-0.0972,0.0283,-0.0033
2026-02-05,XES,2026-02-20,80.00,Call,18.20,21.00,0.8218,0.9096,0.0095,-0.0741,0.0317,0.0289
2026-02-05,XES,2026-02-20,80.00,Put,0.00,0.75,0.8342,-0.0898,0.0096,-0.0915,0.0325,-0.0039
2026-02-05,XES,2026-02-20,82.00,Call,16.30,18.89,0.7416,0.9056,0.0111,-0.0798,0.0333,0.0296
2026-02-05,XES,2026-02-20,82.00,Put,0.00,0.75,0.7604,-0.0975,0.0112,-0.0887,0.0345,-0.0042
2026-02-05,XES,2026-02-20,85.00,Call,13.60,15.70,0.6514,0.8851,0.0145,-0.0735,0.0382,0.0300
2026-02-05,XES,2026-02-20,85.00,Put,0.00,0.75,0.6506,-0.1118,0.0145,-0.0833,0.0381,-0.0048
2026-02-05,XES,2026-02-20,87.00,Call,11.40,14.10,0.6017,0.8643,0.0176,-0.0744,0.0429,0.0299
2026-02-05,XES,2026-02-20,87.00,Put,0.10,1.75,0.6187,-0.1378,0.0177,-0.0930,0.0436,-0.0059
2026-02-05,XES,2026-02-20,90.00,Call,8.50,11.10,0.4983,0.8355,0.0244,-0.0733,0.0491,0.0299
2026-02-05,XES,2026-02-20,90.00,Put,0.15,1.75,0.5093,-0.1660,0.0244,-0.0865,0.0489,-0.0071
2026-02-05,XES,2026-02-20,95.00,Call,5.30,6.70,0.4754,0.6780,0.0373,-0.1069,0.0716,0.0251
2026-02-05,XES,2026-02-20,95.00,Put,0.75,2.90,0.4381,-0.3076,0.0400,-0.1057,0.0712,-0.0132
2026-02-05,XES,2026-02-20,100.00,Call,1.20,4.00,0.3872,0.4589,0.0508,-0.0968,0.0794,0.0176
2026-02-05,XES,2026-02-20,100.00,Put,2.60,4.90,0.3959,-0.5362,0.0499,-0.1114,0.0792,-0.0233
2026-02-05,XES,2026-02-20,105.00,Call,0.05,2.80,0.4490,0.2700,0.0365,-0.0958,0.0663,0.0104
2026-02-05,XES,2026-02-20,105.00,Put,5.60,8.00,0.3358,-0.7977,0.0414,-0.0717,0.0560,-0.0352
2026-02-05,XES,2026-02-20,110.00,Call,0.25,1.75,0.5391,0.1789,0.0241,-0.0920,0.0524,0.0068
2026-02-05,XES,2026-02-20,110.00,Put,9.90,12.40,0.2894,-0.9593,0.0140,-0.0261,0.0163,-0.0436
2026-02-05,XES,2026-02-20,115.00,Call,0.00,0.75,0.6195,0.1273,0.0167,-0.0848,0.0418,0.0048
2026-02-05,XES,2026-02-20,115.00,Put,14.70,17.10,0.6195,-0.8692,0.0167,-0.0951,0.0418,-0.0423
2026-02-05,XES,2026-03-20,70.00,Call,28.10,31.20,0.5668,0.9720,0.0033,-0.0217,0.0219,0.0784
2026-02-05,XES,2026-03-20,70.00,Put,0.00,0.75,0.7304,-0.0629,0.0049,-0.0349,0.0420,-0.0082
2026-02-05,XES,2026-03-20,75.00,Call,23.40,26.30,0.5304,0.9504,0.0056,-0.0291,0.0349,0.0816
2026-02-05,XES,2026-03-20,75.00,Put,0.00,0.80,0.6250,-0.0766,0.0067,-0.0346,0.0489,-0.0098
2026-02-05,XES,2026-03-20,80.00,Call,18.50,21.50,0.4689,0.9252,0.0088,-0.0340,0.0481,0.0843
2026-02-05,XES,2026-03-20,80.00,Put,0.05,1.50,0.5072,-0.0899,0.0094,-0.0316,0.0537,-0.0106
2026-02-05,XES,2026-03-20,85.00,Call,14.00,17.20,0.4531,0.8626,0.0142,-0.0469,0.0747,0.0822
2026-02-05,XES,2026-03-20,85.00,Put,0.55,2.00,0.4684,-0.1447,0.0143,-0.0407,0.0775,-0.0168
2026-02-05,XES,2026-03-20,90.00,Call,9.80,12.50,0.3896,0.7945,0.0214,-0.0511,0.0967,0.0795
2026-02-05,XES,2026-03-20,90.00,Put,0.25,2.90,0.3822,-0.2028,0.0219,-0.0407,0.0950,-0.0230
2026-02-05,XES,2026-03-20,95.00,Call,6.90,8.40,0.3822,0.6639,0.0280,-0.0614,0.1240,0.0684
2026-02-05,XES,2026-03-20,95.00,Put,2.00,4.20,0.3794,-0.3378,0.0286,-0.0516,0.1233,-0.0372
2026-02-05,XES,2026-03-20,100.00,Call,3.80,5.80,0.3693,0.5113,0.0317,-0.0632,0.1356,0.0539
2026-02-05,XES,2026-03-20,100.00,Put,4.50,6.00,0.3651,-0.4955,0.0327,-0.0529,0.1357,-0.0519
2026-02-05,XES,2026-03-20,105.00,Call,1.50,4.30,0.3721,0.3607,0.0296,-0.0586,0.1272,0.0386
2026-02-05,XES,2026-03-20,105.00,Put,7.50,10.10,0.4009,-0.6329,0.0285,-0.0539,0.1265,-0.0629
2026-02-05,XES,2026-03-20,110.00,Call,0.20,3.00,0.3674,0.2331,0.0245,-0.0467,0.1040,0.0253
2026-02-05,XES,2026-03-20,110.00,Put,11.00,13.60,0.3858,-0.7651,0.0249,-0.0405,0.1068,-0.0669
2026-02-05,XES,2026-03-20,115.00,Call,0.80,2.00,0.4340,0.1856,0.0181,-0.0477,0.0909,0.0200
2026-02-05,XES,2026-03-20,115.00,Put,15.20,17.89,0.3886,-0.8599,0.0190,-0.0279,0.0769,-0.0623
2026-02-05,XES,2026-03-20,120.00,Call,0.30,2.00,0.4805,0.1467,0.0140,-0.0451,0.0781,0.0157
2026-02-05,XES,2026-03-20,120.00,Put,19.80,22.50,0.3936,-0.9251,0.0137,-0.0166,0.0483,-0.0492
2026-02-05,XES,2026-03-20,125.00,Call,0.00,0.80,0.4973,0.1058,0.0108,-0.0370,0.0622,0.0114
2026-02-05,XES,2026-03-20,125.00,Put,24.70,27.20,0.3940,-0.9714,0.0093,-0.0065,0.0235,-0.0253
2026-02-06,XES,2026-02-20,73.00,Call,30.30,32.79,1.0241,0.9776,0.0033,-0.1146,0.0138,0.0266
2026-02-06,XES,2026-02-20,73.00,Put,0.00,0.75,1.2781,-0.0608,0.0046,-0.1071,0.0244,-0.0026
2026-02-06,XES,2026-02-20,78.00,Call,25.30,27.90,0.8865,0.9684,0.0047,-0.1182,0.0172,0.0282
2026-02-06,XES,2026-02-20,78.00,Put,0.00,0.75,1.0850,-0.0706,0.0061,-0.1018,0.0265,-0.0028
2026-02-06,XES,2026-02-20,84.00,Call,19.30,21.60,0.6041,0.9783,0.0055,-0.0944,0.0136,0.0309
2026-02-06,XES,2026-02-20,84.00,Put,0.00,0.75,0.8633,-0.0868,0.0091,-0.0934,0.0312,-0.0034
2026-02-06,XES,2026-02-20,86.00,Call,17.39,20.20,0.7098,0.9350,0.0096,-0.1334,0.0280,0.0298
2026-02-06,XES,2026-02-20,86.00,Put,0.05,0.75,0.6748,-0.0638,0.0092,-0.0571,0.0268,-0.0024
2026-02-06,XES,2026-02-20,89.00,Call,14.40,16.60,0.4905,0.9632,0.0095,-0.0979,0.0191,0.0322
2026-02-06,XES,2026-02-20,89.00,Put,0.10,0.75,0.5875,-0.0760,0.0121,-0.0561,0.0309,-0.0029
2026-02-06,XES,2026-02-20,90.00,Call,13.40,16.10,0.5603,0.9267,0.0132,-0.1230,0.0304,0.0310
2026-02-06,XES,2026-02-20,90.00,Put,0.20,0.75,0.5603,-0.0819,0.0134,-0.0562,0.0310,-0.0031
2026-02-06,XES,2026-02-20,95.00,Call,8.60,10.69,0.3692,0.9157,0.0221,-0.1060,0.0335,0.0326
2026-02-06,XES,2026-02-20,95.00,Put,0.75,2.00,0.5907,-0.1968,0.0235,-0.1067,0.0555,-0.0073
2026-02-06,XES,2026-02-20,100.00,Call,4.40,6.60,0.3545,0.7466,0.0454,-0.1343,0.0660,0.0274
2026-02-06,XES,2026-02-20,100.00,Put,0.20,2.90,0.4050,-0.2930,0.0434,-0.0839,0.0689,-0.0101
2026-02-06,XES,2026-02-20,105.00,Call,1.30,3.30,0.3208,0.4758,0.0617,-0.1254,0.0812,0.0179
2026-02-06,XES,2026-02-20,105.00,Put,2.35,3.50,0.2999,-0.5703,0.0741,-0.0581,0.0785,-0.0153
2026-02-06,XES,2026-02-20,110.00,Call,0.55,1.40,0.2748,0.1708,0.0457,-0.0622,0.0515,0.0065
2026-02-06,XES,2026-02-20,110.00,Put,5.50,7.80,0.2748,-0.9505,0.0634,-0.0068,0.0198,-0.0042
2026-02-06,XES,2026-02-20,115.00,Call,0.00,2.20,0.7140,0.2678,0.0228,-0.1886,0.0669,0.0097
2026-02-06,XES,2026-02-20,115.00,Put,9.70,12.10,0.7140,-0.7586,0.0242,-0.1276,0.0636,-0.0210
2026-02-06,XES,2026-03-20,73.00,Call,30.30,32.90,0.7584,0.9336,0.0048,-0.0488,0.0454,0.0746
2026-02-06,XES,2026-03-20,73.00,Put,0.00,0.75,0.7320,-0.0612,0.0047,-0.0362,0.0424,-0.0081
2026-02-06,XES,2026-03-20,80.00,Call,23.50,25.80,0.6035,0.9164,0.0073,-0.0472,0.0541,0.0805
2026-02-06,XES,2026-03-20,80.00,Put,0.15,1.40,0.5822,-0.0776,0.0071,-0.0343,0.0509,-0.0101
2026-02-06,XES,2026-03-20,85.00,Call,19.70,21.00,0.5922,0.8644,0.0105,-0.0621,0.0765,0.0793
2026-02-06,XES,2026-03-20,85.00,Put,0.25,1.00,0.5922,-0.1361,0.0105,-0.0525,0.0783,-0.0166
2026-02-06,XES,2026-03-20,90.00,Call,14.30,16.50,0.4762,0.8339,0.0149,-0.0579,0.0875,0.0813
2026-02-06,XES,2026-03-20,90.00,Put,0.80,1.70,0.4347,-0.1483,0.0152,-0.0404,0.0803,-0.0174
2026-02-06,XES,2026-03-20,95.00,Call,10.00,12.10,0.4154,0.7595,0.0213,-0.0619,0.1092,0.0775
2026-02-06,XES,2026-03-20,95.00,Put,1.25,3.50,0.4281,-0.2473,0.0212,-0.0538,0.1127,-0.0286
2026-02-06,XES,2026-03-20,100.00,Call,6.20,8.40,0.3753,0.6415,0.0284,-0.0654,0.1310,0.0678
2026-02-06,XES,2026-03-20,100.00,Put,2.50,5.00,0.3959,-0.3662,0.0274,-0.0583,0.1318,-0.0410
2026-02-06,XES,2026-03-20,105.00,Call,3.30,5.70,0.3589,0.4888,0.0317,-0.0651,0.1398,0.0529
2026-02-06,XES,2026-03-20,105.00,Put,4.50,6.60,0.3497,-0.5187,0.0332,-0.0528,0.1392,-0.0542
2026-02-06,XES,2026-03-20,110.00,Call,1.30,3.40,0.3334,0.3261,0.0308,-0.0538,0.1263,0.0360
2026-02-06,XES,2026-03-20,110.00,Put,7.30,9.90,0.3378,-0.6815,0.0316,-0.0438,0.1243,-0.0639
2026-02-06,XES,2026-03-20,115.00,Call,0.95,2.55,0.3835,0.2364,0.0229,-0.0520,0.1081,0.0260
2026-02-06,XES,2026-03-20,115.00,Put,10.80,13.40,0.2905,-0.8589,0.0260,-0.0208,0.0800,-0.0563
2026-02-06,XES,2026-03-20,120.00,Call,0.15,2.15,0.4050,0.1629,0.0173,-0.0434,0.0863,0.0180
2026-02-06,XES,2026-03-20,120.00,Put,15.00,17.60,0.4050,-0.8519,0.0183,-0.0321,0.0833,-0.0647
2026-02-06,XES,2026-03-20,125.00,Call,0.05,2.00,0.4611,0.1343,0.0133,-0.0431,0.0758,0.0147
2026-02-06,XES,2026-03-20,125.00,Put,19.70,22.30,0.4611,-0.8803,0.0141,-0.0314,0.0697,-0.0643
2026-02-09,XES,2026-02-20,75.00,Call,31.40,33.79,1.2641,0.9585,0.0037,-0.0982,0.0164,0.0211
2026-02-09,XES,2026-02-20,75.00,Put,0.00,0.75,1.4332,-0.0592,0.0044,-0.1423,0.0219,-0.0021
2026-02-09,XES,2026-02-20,81.00,Call,25.40,28.20,1.1269,0.9367,0.0058,-0.1222,0.0230,0.0221
2026-02-09,XES,2026-02-20,81.00,Put,0.00,0.75,1.1816,-0.0708,0.0061,-0.1345,0.0251,-0.0025
2026-02-09,XES,2026-02-20,86.00,Call,20.30,23.20,0.9113,0.9292,0.0079,-0.1088,0.0251,0.0234
2026-02-09,XES,2026-02-20,86.00,Put,0.00,0.75,0.9810,-0.0837,0.0084,-0.1267,0.0286,-0.0029
2026-02-09,XES,2026-02-20,89.00,Call,17.50,19.80,0.7598,0.9298,0.0094,-0.0913,0.0249,0.0244
2026-02-09,XES,2026-02-20,89.00,Put,0.00,0.75,0.8631,-0.0934,0.0104,-0.1213,0.0305,-0.0030
2026-02-09,XES,2026-02-20,90.00,Call,16.50,18.89,0.7427,0.9220,0.0105,-0.0964,0.0270,0.0244
2026-02-09,XES,2026-02-20,90.00,Put,0.00,0.75,0.8244,-0.0976,0.0112,-0.1192,0.0320,-0.0033
2026-02-09,XES,2026-02-20,95.00,Call,11.60,14.40,0.6420,0.8729,0.0174,-0.1191,0.0386,0.0242
2026-02-09,XES,2026-02-20,95.00,Put,0.05,0.75,0.6420,-0.1266,0.0174,-0.1119,0.0398,-0.0040
2026-02-09,XES,2026-02-20,100.00,Call,6.80,8.80,0.3985,0.8511,0.0312,-0.0846,0.0430,0.0251
2026-02-09,XES,2026-02-20,100.00,Put,0.10,2.00,0.4956,-0.1966,0.0300,-0.1142,0.0515,-0.0066
2026-02-09,XES,2026-02-20,105.00,Call,3.50,5.00,0.4103,0.6289,0.0495,-0.1360,0.0702,0.0190
2026-02-09,XES,2026-02-20,105.00,Put,1.00,2.95,0.4010,-0.3696,0.0509,-0.1256,0.0709,-0.0111
2026-02-09,XES,2026-02-20,110.00,Call,1.00,2.10,0.3704,0.3571,0.0541,-0.1197,0.0693,0.0110
2026-02-09,XES,2026-02-20,110.00,Put,3.40,5.40,0.3704,-0.6448,0.0547,-0.1120,0.0681,-0.0178
2026-02-09,XES,2026-02-20,115.00,Call,0.05,2.00,0.4788,0.2111,0.0324,-0.1184,0.0537,0.0065
2026-02-09,XES,2026-02-20,115.00,Put,7.10,9.10,0.3162,-0.8998,0.0317,-0.0421,0.0343,-0.0179
2026-02-09,XES,2026-03-20,75.00,Call,31.50,34.70,0.7309,0.9492,0.0041,-0.0433,0.0369,0.0732
2026-02-09,XES,2026-03-20,75.00,Put,0.00,0.40,0.6691,-0.0391,0.0036,-0.0248,0.0296,-0.0049
2026-02-09,XES,2026-03-20,80.00,Call,26.50,28.90,0.4909,0.9738,0.0036,-0.0232,0.0217,0.0817
2026-02-09,XES,2026-03-20,80.00,Put,0.05,0.75,0.5683,-0.0455,0.0048,-0.0238,0.0334,-0.0056
2026-02-09,XES,2026-03-20,85.00,Call,21.70,23.80,0.4161,0.9650,0.0053,-0.0246,0.0274,0.0860
2026-02-09,XES,2026-03-20,85.00,Put,0.25,0.65,0.4843,-0.0580,0.0068,-0.0245,0.0413,-0.0066
2026-02-09,XES,2026-03-20,90.00,Call,17.00,19.60,0.4444,0.9045,0.0109,-0.0437,0.0596,0.0839
2026-02-09,XES,2026-03-20,90.00,Put,0.40,1.15,0.4489,-0.0981,0.0110,-0.0337,0.0633,-0.0111
2026-02-09,XES,2026-03-20,95.00,Call,13.40,14.90,0.4442,0.8249,0.0166,-0.0606,0.0904,0.0792
2026-02-09,XES,2026-03-20,95.00,Put,0.85,1.75,0.4120,-0.1607,0.0170,-0.0433,0.0886,-0.0180
2026-02-09,XES,2026-03-20,100.00,Call,9.30,11.10,0.4164,0.7289,0.0227,-0.0703,0.1161,0.0724
2026-02-09,XES,2026-03-20,100.00,Put,1.15,4.00,0.4124,-0.2717,0.0232,-0.0583,0.1161,-0.0299
2026-02-09,XES,2026-03-20,105.00,Call,5.50,7.60,0.3726,0.6043,0.0295,-0.0715,0.1349,0.0621
2026-02-09,XES,2026-03-20,105.00,Put,3.20,4.30,0.3564,-0.3972,0.0313,-0.0572,0.1354,-0.0417
2026-02-09,XES,2026-03-20,110.00,Call,3.50,4.70,0.3682,0.4519,0.0307,-0.0708,0.1386,0.0473
2026-02-09,XES,2026-03-20,110.00,Put,5.50,7.80,0.3776,-0.5519,0.0306,-0.0610,0.1373,-0.0551
2026-02-09,XES,2026-03-20,115.00,Call,1.65,2.80,0.3515,0.3017,0.0283,-0.0586,0.1220,0.0321
2026-02-09,XES,2026-03-20,115.00,Put,8.19,11.00,0.3459,-0.7128,0.0296,-0.0458,0.1174,-0.0626
2026-02-09,XES,2026-03-20,120.00,Call,0.20,2.00,0.3414,0.1788,0.0218,-0.0422,0.0915,0.0192
2026-02-09,XES,2026-03-20,120.00,Put,12.20,14.90,0.3371,-0.8416,0.0232,-0.0294,0.0826,-0.0592
2026-02-09,XES,2026-03-20,125.00,Call,0.20,2.00,0.4193,0.1529,0.0161,-0.0463,0.0826,0.0163
2026-02-09,XES,2026-03-20,125.00,Put,16.20,19.20,0.4193,-0.8618,0.0169,-0.0340,0.0763,-0.0618
2026-02-10,XES,2026-02-20,74.00,Call,30.10,32.60,1.5126,0.9446,0.0045,-0.2081,0.0207,0.0183
2026-02-10,XES,2026-02-20,74.00,Put,0.00,0.75,1.5126,-0.0598,0.0045,-0.1533,0.0207,-0.0019
2026-02-10,XES,2026-02-20,79.00,Call,25.20,27.60,1.2882,0.9351,0.0059,-0.2010,0.0232,0.0194
2026-02-10,XES,2026-02-20,79.00,Put,0.00,0.75,1.2882,-0.0691,0.0059,-0.1460,0.0232,-0.0020
2026-02-10,XES,2026-02-20,84.00,Call,20.20,22.60,1.0728,0.9227,0.0080,-0.1924,0.0263,0.0204
2026-02-10,XES,2026-02-20,84.00,Put,0.00,0.75,1.0728,-0.0816,0.0081,-0.1371,0.0272,-0.0024
2026-02-10,XES,2026-02-20,87.00,Call,17.00,19.60,0.9472,0.9131,0.0099,-0.1864,0.0286,0.0209
2026-02-10,XES,2026-02-20,87.00,Put,0.00,0.75,0.9472,-0.0912,0.0099,-0.1310,0.0277,-0.0026
2026-02-10,XES,2026-02-20,90.00,Call,14.10,16.70,0.8226,0.9013,0.0125,-0.1792,0.0313,0.0214
2026-02-10,XES,2026-02-20,90.00,Put,0.00,0.75,0.8226,-0.1033,0.0126,-0.1237,0.0316,-0.0029
2026-02-10,XES,2026-02-20,95.00,Call,9.30,11.90,0.6166,0.8725,0.0198,-0.1642,0.0373,0.0219
2026-02-10,XES,2026-02-20,95.00,Put,0.00,0.75,0.6166,-0.1325,0.0201,-0.1086,0.0366,-0.0037
2026-02-10,XES,2026-02-20,100.00,Call,5.00,7.30,0.2667,0.9126,0.0354,-0.0904,0.0287,0.0246
2026-02-10,XES,2026-02-20,100.00,Put,0.20,1.05,0.2667,-0.0934,0.0364,-0.0339,0.0304,-0.0024
2026-02-10,XES,2026-02-20,105.00,Call,2.04,4.09,0.3695,0.5733,0.0611,-0.1598,0.0688,0.0157
2026-02-10,XES,2026-02-20,105.00,Put,1.20,2.90,0.3529,-0.4399,0.0668,-0.1010,0.0687,-0.0104
2026-02-10,XES,2026-02-20,110.00,Call,0.60,1.00,0.3579,0.2745,0.0535,-0.1200,0.0582,0.0076
2026-02-10,XES,2026-02-20,110.00,Put,4.09,6.30,0.3579,-0.7595,0.0588,-0.0702,0.0528,-0.0130
2026-02-10,XES,2026-02-20,115.00,Call,0.10,2.00,0.5586,0.2014,0.0289,-0.1487,0.0491,0.0055
2026-02-10,XES,2026-02-20,115.00,Put,8.60,11.10,0.4572,-0.8880,0.0327,-0.0519,0.0327,-0.0113
2026-02-10,XES,2026-03-20,74.00,Call,30.40,33.00,0.7750,0.9405,0.0045,-0.0490,0.0404,0.0693
2026-02-10,XES,2026-03-20,74.00,Put,0.00,0.75,0.7750,-0.0598,0.0045,-0.0404,0.0404,-0.0073
2026-02-10,XES,2026-03-20,80.00,Call,24.30,27.00,0.5733,0.9461,0.0056,-0.0366,0.0373,0.0764
2026-02-10,XES,2026-03-20,80.00,Put,0.00,0.75,0.7173,-0.0926,0.0068,-0.0520,0.0563,-0.0113
2026-02-10,XES,2026-03-20,85.00,Call,19.60,22.30,0.3950,0.9631,0.0060,-0.0235,0.0276,0.0837
2026-02-10,XES,2026-03-20,85.00,Put,0.00,1.75,0.6831,-0.1347,0.0093,-0.0648,0.0755,-0.0153
2026-02-10,XES,2026-03-20,90.00,Call,15.00,17.60,0.3843,0.9147,0.0119,-0.0359,0.0531,0.0833
2026-02-10,XES,2026-03-20,90.00,Put,0.25,2.00,0.4766,-0.1293,0.0130,-0.0435,0.0700,-0.0142
2026-02-10,XES,2026-03-20,95.00,Call,10.60,13.30,0.3681,0.8337,0.0199,-0.0497,0.0848,0.0789
2026-02-10,XES,2026-03-20,95.00,Put,0.05,2.00,0.3500,-0.1563,0.0202,-0.0358,0.0829,-0.0166
2026-02-10,XES,2026-03-20,100.00,Call,7.30,9.00,0.3560,0.7091,0.0283,-0.0621,0.1165,0.0692
2026-02-10,XES,2026-03-20,100.00,Put,0.70,3.20,0.3201,-0.2763,0.0311,-0.0450,0.1154,-0.0283
2026-02-10,XES,2026-03-20,105.00,Call,4.00,6.70,0.3652,0.5499,0.0319,-0.0706,0.1345,0.0547
2026-02-10,XES,2026-03-20,105.00,Put,4.09,5.10,0.3677,-0.4542,0.0322,-0.0605,0.1345,-0.0453
2026-02-10,XES,2026-03-20,110.00,Call,2.30,4.50,0.3777,0.3986,0.0300,-0.0696,0.1312,0.0401
2026-02-10,XES,2026-03-20,110.00,Put,6.00,8.50,0.3492,-0.6205,0.0331,-0.0534,0.1305,-0.0569
2026-02-10,XES,2026-03-20,115.00,Call,0.55,2.65,0.3442,0.2439,0.0268,-0.0510,0.1066,0.0250
2026-02-10,XES,2026-03-20,115.00,Put,9.90,12.30,0.3679,-0.7497,0.0269,-0.0454,0.1067,-0.0621
2026-02-10,XES,2026-03-20,120.00,Call,0.80,1.60,0.3928,0.1764,0.0194,-0.0475,0.0880,0.0180
2026-02-10,XES,2026-03-20,120.00,Put,13.80,16.50,0.3522,-0.8695,0.0204,-0.0268,0.0712,-0.0556
2026-02-10,XES,2026-03-20,125.00,Call,0.20,1.00,0.3722,0.0922,0.0130,-0.0285,0.0562,0.0095
2026-02-10,XES,2026-03-20,125.00,Put,18.39,21.30,0.3722,-0.9274,0.0143,-0.0172,0.0469,-0.0446
2026-02-10,XES,2026-03-20,130.00,Call,0.00,2.00,0.6385,0.1850,0.0123,-0.0782,0.0907,0.0182
2026-02-10,XES,2026-03-20,130.00,Put,23.30,26.20,0.4086,-0.9531,0.0104,-0.0129,0.0348,-0.0363
2026-02-11,XES,2026-02-20,76.00,Call,31.30,34.00,1.3418,0.9650,0.0035,-0.1347,0.0137,0.0176
2026-02-11,XES,2026-02-20,76.00,Put,0.00,0.75,1.5693,-0.0594,0.0044,-0.1725,0.0200,-0.0017
2026-02-11,XES,2026-02-20,82.00,Call,25.30,28.10,1.0337,0.9538,0.0043,0.0000,0.0133,0.0191
2026-02-11,XES,2026-02-20,82.00,Put,0.00,0.75,1.2998,-0.0697,0.0059,-0.1743,0.0229,-0.0020
2026-02-11,XES,2026-02-20,87.00,Call,20.50,23.00,0.8768,0.9421,0.0064,0.0000,0.0168,0.0200
2026-02-11,XES,2026-02-20,87.00,Put,0.00,0.75,1.0809,-0.0823,0.0081,-0.1665,0.0260,-0.0024
2026-02-11,XES,2026-02-20,90.00,Call,17.20,19.89,0.7290,0.9550,0.0079,-0.1008,0.0166,0.0208
2026-02-11,XES,2026-02-20,90.00,Put,0.00,0.75,0.9474,-0.0935,0.0104,-0.1462,0.0274,-0.0025
2026-02-11,XES,2026-02-20,95.00,Call,12.30,14.80,0.5505,0.9426,0.0126,-0.0947,0.0200,0.0217
2026-02-11,XES,2026-02-20,95.00,Put,0.00,0.75,0.7417,-0.1157,0.0155,-0.1330,0.0338,-0.0030
2026-02-11,XES,2026-02-20,100.00,Call,7.60,10.30,0.4604,0.8673,0.0254,0.0000,0.0346,0.0212
2026-02-11,XES,2026-02-20,100.00,Put,0.05,0.50,0.5654,-0.1669,0.0256,-0.1549,0.0428,-0.0047
2026-02-11,XES,2026-02-20,105.00,Call,3.60,5.70,0.3895,0.7107,0.0518,-0.1458,0.0582,0.0178
2026-02-11,XES,2026-02-20,105.00,Put,0.55,1.50,0.3895,-0.2843,0.0503,-0.1602,0.0580,-0.0079
2026-02-11,XES,2026-02-20,110.00,Call,0.85,2.75,0.3640,0.4154,0.0631,-0.1488,0.0663,0.0106
2026-02-11,XES,2026-02-20,110.00,Put,2.40,4.40,0.3736,-0.5767,0.0602,-0.2087,0.0666,-0.0163
2026-02-11,XES,2026-02-20,115.00,Call,0.15,1.75,0.3720,0.1661,0.0394,-0.0934,0.0423,0.0042
2026-02-11,XES,2026-02-20,115.00,Put,4.60,8.10,0.3858,-0.8512,0.0412,-0.0658,0.0387,-0.0128
2026-02-11,XES,2026-03-20,75.00,Call,32.40,35.10,0.7130,0.9592,0.0035,-0.0373,0.0302,0.0707
2026-02-11,XES,2026-03-20,75.00,Put,0.00,0.75,0.8001,-0.0576,0.0041,-0.0421,0.0396,-0.0070
2026-02-11,XES,2026-03-20,80.00,Call,27.50,30.00,0.5515,0.9541,0.0038,0.0000,0.0257,0.0767
2026-02-11,XES,2026-03-20,80.00,Put,0.00,0.75,0.6881,-0.0653,0.0052,-0.0428,0.0442,-0.0080
2026-02-11,XES,2026-03-20,85.00,Call,23.00,25.00,0.5213,0.9409,0.0065,-0.0376,0.0406,0.0787
2026-02-11,XES,2026-03-20,85.00,Put,0.15,0.75,0.5115,-0.0563,0.0064,-0.0262,0.0390,-0.0066
2026-02-11,XES,2026-03-20,90.00,Call,17.89,20.20,0.4293,0.9258,0.0095,-0.0374,0.0484,0.0821
2026-02-11,XES,2026-03-20,90.00,Put,0.25,0.70,0.4197,-0.0702,0.0093,-0.0255,0.0479,-0.0076
2026-02-11,XES,2026-03-20,95.00,Call,13.20,16.00,0.4107,0.8622,0.0156,-0.0511,0.0759,0.0796
2026-02-11,XES,2026-03-20,95.00,Put,0.40,0.90,0.4107,-0.1365,0.0152,-0.0456,0.0759,-0.0162
2026-02-11,XES,2026-03-20,100.00,Call,8.90,11.80,0.3739,0.7745,0.0233,-0.0606,0.1034,0.0743
2026-02-11,XES,2026-03-20,100.00,Put,0.40,3.50,0.3886,-0.2343,0.0231,-0.0529,0.1045,-0.0247
2026-02-11,XES,2026-03-20,105.00,Call,5.40,7.90,0.3519,0.6344,0.0311,-0.0685,0.1293,0.0626
2026-02-11,XES,2026-03-20,105.00,Put,2.15,4.30,0.3494,-0.3681,0.0318,-0.0572,0.1296,-0.0373
2026-02-11,XES,2026-03-20,110.00,Call,2.65,5.10,0.3342,0.4675,0.0346,-0.0670,0.1366,0.0472
2026-02-11,XES,2026-03-20,110.00,Put,3.90,7.00,0.3318,-0.5390,0.0356,-0.0556,0.1368,-0.0510
2026-02-11,XES,2026-03-20,115.00,Call,0.70,3.70,0.3340,0.3137,0.0308,-0.0587,0.1220,0.0321
2026-02-11,XES,2026-03-20,115.00,Put,7.50,10.00,0.3417,-0.6908,0.0313,-0.0493,0.1219,-0.0597
2026-02-11,XES,2026-03-20,120.00,Call,0.05,2.00,0.3227,0.1786,0.0235,-0.0413,0.0898,0.0185
2026-02-11,XES,2026-03-20,120.00,Put,11.40,14.00,0.3271,-0.8373,0.0245,-0.0305,0.0850,-0.0573
2026-02-11,XES,2026-03-20,125.00,Call,0.25,1.75,0.4028,0.1479,0.0166,-0.0449,0.0794,0.0151
2026-02-11,XES,2026-03-20,125.00,Put,15.80,18.20,0.4028,-0.8659,0.0175,-0.0333,0.0732,-0.0588
2026-02-11,XES,2026-03-20,130.00,Call,0.05,0.95,0.3997,0.0884,0.0116,-0.0308,0.0551,0.0091
2026-02-11,XES,2026-03-20,130.00,Put,19.60,23.00,0.2863,-1.0000,0.0000,0.0000,0.0000,0.0000
2026-02-12,XES,2026-02-20,74.00,Call,30.40,33.20,1.4370,0.9561,0.0036,-0.0508,0.0130,0.0152
2026-02-12,XES,2026-02-20,74.00,Put,0.00,0.75,1.6748,-0.0599,0.0045,-0.1991,0.0186,-0.0015
2026-02-12,XES,2026-02-20,80.00,Call,24.40,27.30,1.1991,0.9445,0.0054,-0.0561,0.0161,0.0162
2026-02-12,XES,2026-02-20,80.00,Put,0.00,0.75,1.3748,-0.0719,0.0063,-0.1891,0.0214,-0.0018
2026-02-12,XES,2026-02-20,85.00,Call,19.60,22.10,0.9795,0.9350,0.0076,-0.0497,0.0184,0.0171
2026-02-12,XES,2026-02-20,85.00,Put,0.00,0.75,1.1348,-0.0854,0.0087,-0.1789,0.0244,-0.0021
2026-02-12,XES,2026-02-20,88.00,Call,16.50,19.10,0.8365,0.9306,0.0094,-0.0392,0.0195,0.0177
2026-02-12,XES,2026-02-20,88.00,Put,0.00,0.30,0.9952,-0.0960,0.0108,-0.1721,0.0266,-0.0023
2026-02-12,XES,2026-02-20,90.00,Call,14.60,17.10,0.7678,0.9212,0.0114,-0.0422,0.0217,0.0179
2026-02-12,XES,2026-02-20,90.00,Put,0.00,0.75,0.9024,-0.1045,0.0127,-0.1669,0.0284,-0.0025
2026-02-12,XES,2026-02-20,95.00,Call,9.70,12.00,0.6061,0.8813,0.0201,-0.0548,0.0300,0.0180
2026-02-12,XES,2026-02-20,95.00,Put,0.05,0.35,0.6734,-0.1356,0.0205,-0.1523,0.0341,-0.0033
2026-02-12,XES,2026-02-20,100.00,Call,5.20,7.30,0.4445,0.7947,0.0399,-0.0688,0.0437,0.0171
2026-02-12,XES,2026-02-20,100.00,Put,0.05,0.85,0.4445,-0.1990,0.0400,-0.1347,0.0449,-0.0047
2026-02-12,XES,2026-02-20,105.00,Call,1.75,3.70,0.4015,0.5374,0.0626,-0.1198,0.0619,0.0118
2026-02-12,XES,2026-02-20,105.00,Put,1.35,3.30,0.4093,-0.4568,0.0616,-0.1886,0.0620,-0.0111
2026-02-12,XES,2026-02-20,110.00,Call,0.45,2.00,0.4655,0.2799,0.0459,-0.1346,0.0526,0.0062
2026-02-12,XES,2026-02-20,110.00,Put,4.09,6.30,0.3504,-0.7802,0.0530,-0.1508,0.0455,-0.0192
2026-02-12,XES,2026-02-20,115.00,Call,0.15,0.85,0.4655,0.1099,0.0257,-0.0784,0.0294,0.0024
2026-02-12,XES,2026-02-20,115.00,Put,8.30,10.40,0.3504,-0.9445,0.0186,-0.0961,0.0160,-0.0240
2026-02-12,XES,2026-03-20,74.00,Call,30.60,33.60,0.8177,0.9390,0.0044,-0.0537,0.0403,0.0654
2026-02-12,XES,2026-03-20,74.00,Put,0.00,0.80,0.8177,-0.0613,0.0044,-0.0450,0.0403,-0.0071
2026-02-12,XES,2026-03-20,80.00,Call,24.70,28.00,0.3929,0.9915,0.0018,-0.0135,0.0079,0.0775
2026-02-12,XES,2026-03-20,80.00,Put,0.00,0.75,0.6639,-0.0702,0.0061,-0.0405,0.0447,-0.0076
2026-02-12,XES,2026-03-20,85.00,Call,19.80,22.39,0.5609,0.9140,0.0084,-0.0495,0.0523,0.0736
2026-02-12,XES,2026-03-20,85.00,Put,0.00,0.80,0.5609,-0.0863,0.0084,-0.0398,0.0525,-0.0091
2026-02-12,XES,2026-03-20,90.00,Call,15.10,17.89,0.3059,0.9638,0.0078,-0.0212,0.0266,0.0843
2026-02-12,XES,2026-03-20,90.00,Put,0.40,0.95,0.4294,-0.0950,0.0119,-0.0325,0.0577,-0.0098
2026-02-12,XES,2026-03-20,95.00,Call,12.20,13.10,0.4036,0.8313,0.0187,-0.0557,0.0838,0.0743
2026-02-12,XES,2026-03-20,95.00,Put,0.95,1.75,0.4104,-0.1731,0.0188,-0.0467,0.0851,-0.0177
2026-02-12,XES,2026-03-20,100.00,Call,6.80,10.50,0.3729,0.7223,0.0270,-0.0656,0.1116,0.0668
2026-02-12,XES,2026-03-20,100.00,Put,0.75,3.10,0.3406,-0.2647,0.0291,-0.0487,0.1085,-0.0261
2026-02-12,XES,2026-03-20,105.00,Call,4.40,6.70,0.3654,0.5690,0.0323,-0.0727,0.1307,0.0539
2026-02-12,XES,2026-03-20,105.00,Put,2.80,5.40,0.3595,-0.4344,0.0334,-0.0608,0.1311,-0.0412
2026-02-12,XES,2026-03-20,110.00,Call,2.45,4.50,0.3754,0.4119,0.0311,-0.0721,0.1294,0.0395
2026-02-12,XES,2026-03-20,110.00,Put,6.00,8.40,0.3827,-0.5916,0.0313,-0.0627,0.1275,-0.0532
2026-02-12,XES,2026-03-20,115.00,Call,1.00,3.20,0.3857,0.2807,0.0262,-0.0632,0.1121,0.0272
2026-02-12,XES,2026-03-20,115.00,Put,9.70,11.80,0.3858,-0.7283,0.0270,-0.0521,0.1118,-0.0596
2026-02-12,XES,2026-03-20,120.00,Call,0.05,2.35,0.3915,0.1797,0.0201,-0.0495,0.0872,0.0175
2026-02-12,XES,2026-03-20,120.00,Put,12.70,16.30,0.3420,-0.8736,0.0211,-0.0261,0.0691,-0.0520
2026-02-12,XES,2026-03-20,125.00,Call,0.40,1.85,0.4629,0.1502,0.0151,-0.0516,0.0776,0.0145
2026-02-12,XES,2026-03-20,125.00,Put,17.30,21.00,0.3464,-0.9457,0.0140,-0.0125,0.0380,-0.0346
2026-02-12,XES,2026-03-20,130.00,Call,0.20,0.75,0.4627,0.0958,0.0110,-0.0374,0.0566,0.0093
2026-02-12,XES,2026-03-20,130.00,Put,22.20,25.70,0.3461,-0.9926,0.0072,-0.0021,0.0083,-0.0032
2026-02-13,XES,2026-02-20,76.00,Call,32.70,35.20,1.5806,0.9696,0.0034,-0.2572,0.0123,0.0137
2026-02-13,XES,2026-02-20,76.00,Put,0.00,0.75,1.8215,-0.0578,0.0042,-0.2197,0.0174,-0.0013
2026-02-13,XES,2026-02-20,82.00,Call,26.70,28.90,1.1800,0.9753,0.0040,-0.2099,0.0108,0.0150
2026-02-13,XES,2026-02-20,82.00,Put,0.00,0.75,1.5113,-0.0685,0.0058,-0.2074,0.0198,-0.0014
2026-02-13,XES,2026-02-20,87.00,Call,21.70,24.00,1.0102,0.9642,0.0060,-0.2174,0.0138,0.0157
2026-02-13,XES,2026-02-20,87.00,Put,0.00,0.75,1.2640,-0.0806,0.0079,-0.1944,0.0231,-0.0017
2026-02-13,XES,2026-02-20,90.00,Call,18.70,21.10,0.9175,0.9535,0.0079,-0.2248,0.0164,0.0160
2026-02-13,XES,2026-02-20,90.00,Put,0.00,0.75,1.1201,-0.0899,0.0097,-0.1857,0.0235,-0.0018
2026-02-13,XES,2026-02-20,95.00,Call,13.80,16.30,0.7791,0.9225,0.0132,-0.2438,0.0234,0.0163
2026-02-13,XES,2026-02-20,95.00,Put,0.00,0.75,0.8828,-0.1108,0.0143,-0.1675,0.0301,-0.0022
2026-02-13,XES,2026-02-20,100.00,Call,8.80,10.90,0.4818,0.9267,0.0206,-0.1921,0.0225,0.0174
2026-02-13,XES,2026-02-20,100.00,Put,0.00,0.90,0.6862,-0.1593,0.0238,-0.1617,0.0374,-0.0031
2026-02-13,XES,2026-02-20,105.00,Call,4.09,6.50,0.3928,0.7976,0.0488,-0.2209,0.0434,0.0156
2026-02-13,XES,2026-02-20,105.00,Put,0.10,0.95,0.3928,-0.2169,0.0513,-0.1010,0.0439,-0.0039
2026-02-13,XES,2026-02-20,110.00,Call,1.25,2.65,0.3549,0.4826,0.0751,-0.2130,0.0604,0.0096
2026-02-13,XES,2026-02-20,110.00,Put,1.30,3.50,0.3414,-0.5636,0.0885,-0.0963,0.0582,-0.0078
2026-02-13,XES,2026-02-20,115.00,Call,0.00,0.85,0.3549,0.1705,0.0475,-0.1182,0.0382,0.0034
2026-02-13,XES,2026-02-20,115.00,Put,4.40,6.90,0.3414,-0.9622,0.0623,-0.0116,0.0111,-0.0021
2026-02-13,XES,2026-03-20,75.00,Call,33.79,36.40,0.9115,0.9297,0.0044,-0.0673,0.0455,0.0631
2026-02-13,XES,2026-03-20,75.00,Put,0.00,0.75,0.8331,-0.0566,0.0040,-0.0448,0.0383,-0.0066
2026-02-13,XES,2026-03-20,80.00,Call,28.80,31.50,0.7926,0.9179,0.0057,-0.0663,0.0511,0.0667
2026-02-13,XES,2026-03-20,80.00,Put,0.00,0.75,0.7159,-0.0652,0.0052,-0.0429,0.0427,-0.0075
2026-02-13,XES,2026-03-20,85.00,Call,24.00,26.20,0.6600,0.9079,0.0074,-0.0613,0.0557,0.0705
2026-02-13,XES,2026-03-20,85.00,Put,0.20,0.70,0.5339,-0.0553,0.0062,-0.0279,0.0375,-0.0061
2026-02-13,XES,2026-03-20,90.00,Call,19.10,21.60,0.5799,0.8782,0.0103,-0.0653,0.0681,0.0719
2026-02-13,XES,2026-03-20,90.00,Put,0.25,0.55,0.4222,-0.0615,0.0085,-0.0239,0.0405,-0.0063
2026-02-13,XES,2026-03-20,95.00,Call,15.00,16.39,0.5029,0.8341,0.0147,-0.0691,0.0839,0.0718
2026-02-13,XES,2026-03-20,95.00,Put,0.55,1.00,0.3922,-0.1143,0.0147,-0.0352,0.0684,-0.0116
2026-02-13,XES,2026-03-20,100.00,Call,10.00,12.60,0.4364,0.7631,0.0210,-0.0732,0.1039,0.0686
2026-02-13,XES,2026-03-20,100.00,Put,1.20,1.85,0.3690,-0.2063,0.0231,-0.0483,0.0947,-0.0207
2026-02-13,XES,2026-03-20,105.00,Call,6.20,8.90,0.3972,0.6468,0.0278,-0.0783,0.1251,0.0601
2026-02-13,XES,2026-03-20,105.00,Put,2.55,4.40,0.3997,-0.3563,0.0280,-0.0677,0.1264,-0.0349
2026-02-13,XES,2026-03-20,110.00,Call,3.10,5.90,0.3647,0.4950,0.0325,-0.0757,0.1342,0.0472
2026-02-13,XES,2026-03-20,110.00,Put,4.40,6.30,0.3618,-0.5103,0.0334,-0.0639,0.1334,-0.0470
2026-02-13,XES,2026-03-20,115.00,Call,2.35,3.10,0.3719,0.3459,0.0294,-0.0700,0.1241,0.0334
2026-02-13,XES,2026-03-20,115.00,Put,6.60,9.20,0.3112,-0.7000,0.0349,-0.0452,0.1187,-0.0559
2026-02-13,XES,2026-03-20,120.00,Call,0.10,3.40,0.3953,0.2377,0.0232,-0.0616,0.1040,0.0230
2026-02-13,XES,2026-03-20,120.00,Put,10.30,12.70,0.2534,-0.9048,0.0261,-0.0148,0.0571,-0.0406
2026-02-13,XES,2026-03-20,125.00,Call,0.10,2.45,0.4339,0.1728,0.0175,-0.0554,0.0860,0.0167
2026-02-13,XES,2026-03-20,125.00,Put,14.40,17.00,0.4339,-0.8386,0.0182,-0.0434,0.0813,-0.0599
2026-02-13,XES,2026-03-20,130.00,Call,0.00,0.95,0.4682,0.1283,0.0133,-0.0487,0.0705,0.0124
2026-02-13,XES,2026-03-20,130.00,Put,19.00,21.70,0.4682,-0.8843,0.0139,-0.0364,0.0641,-0.0570
2026-02-16,XES,2026-02-20,76.00,Call,32.70,35.20,1.5806,0.9696,0.0034,-0.2572,0.0123,0.0137
2026-02-16,XES,2026-02-20,76.00,Put,0.00,0.75,1.8215,-0.0578,0.0042,-0.2197,0.0174,-0.0013
2026-02-16,XES,2026-02-20,82.00,Call,26.70,28.90,1.1800,0.9753,0.0040,-0.2099,0.0108,0.0150
2026-02-16,XES,2026-02-20,82.00,Put,0.00,0.75,1.5113,-0.0685,0.0058,-0.2074,0.0198,-0.0014
2026-02-16,XES,2026-02-20,87.00,Call,21.70,24.00,1.0102,0.9642,0.0060,-0.2174,0.0138,0.0157
2026-02-16,XES,2026-02-20,87.00,Put,0.00,0.75,1.2640,-0.0806,0.0079,-0.1944,0.0231,-0.0017
2026-02-16,XES,2026-02-20,90.00,Call,18.70,21.10,0.9175,0.9535,0.0079,-0.2248,0.0164,0.0160
2026-02-16,XES,2026-02-20,90.00,Put,0.00,0.75,1.1201,-0.0899,0.0097,-0.1857,0.0235,-0.0018
2026-02-16,XES,2026-02-20,95.00,Call,13.80,16.30,0.7791,0.9225,0.0132,-0.2438,0.0234,0.0163
2026-02-16,XES,2026-02-20,95.00,Put,0.00,0.75,0.8828,-0.1108,0.0143,-0.1675,0.0301,-0.0022
2026-02-16,XES,2026-02-20,100.00,Call,8.80,10.90,0.4818,0.9267,0.0206,-0.1921,0.0225,0.0174
2026-02-16,XES,2026-02-20,100.00,Put,0.00,0.90,0.6862,-0.1593,0.0238,-0.1617,0.0374,-0.0031
2026-02-16,XES,2026-02-20,105.00,Call,4.09,6.50,0.3928,0.7976,0.0488,-0.2209,0.0434,0.0156
2026-02-16,XES,2026-02-20,105.00,Put,0.10,0.95,0.3928,-0.2169,0.0513,-0.1010,0.0439,-0.0039
2026-02-16,XES,2026-02-20,110.00,Call,1.25,2.65,0.3549,0.4826,0.0751,-0.2130,0.0604,0.0096
2026-02-16,XES,2026-02-20,110.00,Put,1.30,3.50,0.3414,-0.5636,0.0885,-0.0963,0.0582,-0.0078
2026-02-16,XES,2026-02-20,115.00,Call,0.00,0.85,0.3549,0.1705,0.0475,-0.1182,0.0382,0.0034
2026-02-16,XES,2026-02-20,115.00,Put,4.40,6.90,0.3414,-0.9622,0.0623,-0.0116,0.0111,-0.0021
2026-02-16,XES,2026-03-20,75.00,Call,33.79,36.40,0.9115,0.9297,0.0044,-0.0673,0.0455,0.0631
2026-02-16,XES,2026-03-20,75.00,Put,0.00,0.75,0.8331,-0.0566,0.0040,-0.0448,0.0383,-0.0066
2026-02-16,XES,2026-03-20,80.00,Call,28.80,31.50,0.7926,0.9179,0.0057,-0.0663,0.0511,0.0667
2026-02-16,XES,2026-03-20,80.00,Put,0.00,0.75,0.7159,-0.0652,0.0052,-0.0429,0.0427,-0.0075
2026-02-16,XES,2026-03-20,85.00,Call,24.00,26.20,0.6600,0.9079,0.0074,-0.0613,0.0557,0.0705
2026-02-16,XES,2026-03-20,85.00,Put,0.20,0.70,0.5339,-0.0553,0.0062,-0.0279,0.0375,-0.0061
2026-02-16,XES,2026-03-20,90.00,Call,19.10,21.60,0.5799,0.8782,0.0103,-0.0653,0.0681,0.0719
2026-02-16,XES,2026-03-20,90.00,Put,0.25,0.55,0.4222,-0.0615,0.0085,-0.0239,0.0405,-0.0063
2026-02-16,XES,2026-03-20,95.00,Call,15.00,16.39,0.5029,0.8341,0.0147,-0.0691,0.0839,0.0718
2026-02-16,XES,2026-03-20,95.00,Put,0.55,1.00,0.3922,-0.1143,0.0147,-0.0352,0.0684,-0.0116
2026-02-16,XES,2026-03-20,100.00,Call,10.00,12.60,0.4364,0.7631,0.0210,-0.0732,0.1039,0.0686
2026-02-16,XES,2026-03-20,100.00,Put,1.20,1.85,0.3690,-0.2063,0.0231,-0.0483,0.0947,-0.0207
2026-02-16,XES,2026-03-20,105.00,Call,6.20,8.90,0.3972,0.6468,0.0278,-0.0783,0.1251,0.0601
2026-02-16,XES,2026-03-20,105.00,Put,2.55,4.40,0.3997,-0.3563,0.0280,-0.0677,0.1264,-0.0349
2026-02-16,XES,2026-03-20,110.00,Call,3.10,5.90,0.3647,0.4950,0.0325,-0.0757,0.1342,0.0472
2026-02-16,XES,2026-03-20,110.00,Put,4.40,6.30,0.3618,-0.5103,0.0334,-0.0639,0.1334,-0.0470
2026-02-16,XES,2026-03-20,115.00,Call,2.35,3.10,0.3719,0.3459,0.0294,-0.0700,0.1241,0.0334
2026-02-16,XES,2026-03-20,115.00,Put,6.60,9.20,0.3112,-0.7000,0.0349,-0.0452,0.1187,-0.0559
2026-02-16,XES,2026-03-20,120.00,Call,0.10,3.40,0.3953,0.2377,0.0232,-0.0616,0.1040,0.0230
2026-02-16,XES,2026-03-20,120.00,Put,10.30,12.70,0.2534,-0.9048,0.0261,-0.0148,0.0571,-0.0406
2026-02-16,XES,2026-03-20,125.00,Call,0.10,2.45,0.4339,0.1728,0.0175,-0.0554,0.0860,0.0167
2026-02-16,XES,2026-03-20,125.00,Put,14.40,17.00,0.4339,-0.8386,0.0182,-0.0434,0.0813,-0.0599
2026-02-16,XES,2026-03-20,130.00,Call,0.00,0.95,0.4682,0.1283,0.0133,-0.0487,0.0705,0.0124
2026-02-16,XES,2026-03-20,130.00,Put,19.00,21.70,0.4682,-0.8843,0.0139,-0.0364,0.0641,-0.0570
2026-02-17,XES,2026-02-20,76.00,Call,30.20,32.79,2.2594,0.9609,0.0037,-0.2573,0.0079,0.0058
2026-02-17,XES,2026-02-20,76.00,Put,0.00,0.75,2.6574,-0.0609,0.0046,-0.5216,0.0117,-0.0005
2026-02-17,XES,2026-02-20,81.00,Call,25.20,27.80,1.9038,0.9546,0.0050,-0.2446,0.0090,0.0062
2026-02-17,XES,2026-02-20,81.00,Put,0.00,0.75,1.9038,-0.0438,0.0050,-0.2880,0.0090,-0.0004
2026-02-17,XES,2026-02-20,86.00,Call,20.20,22.90,1.6094,0.9415,0.0073,-0.2577,0.0111,0.0065
2026-02-17,XES,2026-02-20,86.00,Put,0.00,0.10,1.6094,-0.0570,0.0073,-0.3006,0.0111,-0.0005
2026-02-17,XES,2026-02-20,89.00,Call,17.10,19.89,1.3637,0.9395,0.0088,-0.2193,0.0114,0.0067
2026-02-17,XES,2026-02-20,89.00,Put,0.00,0.15,1.3637,-0.0589,0.0088,-0.2620,0.0114,-0.0005
2026-02-17,XES,2026-02-20,90.00,Call,16.30,18.50,1.2061,0.9490,0.0087,-0.1592,0.0099,0.0069
2026-02-17,XES,2026-02-20,90.00,Put,0.00,0.75,1.2061,-0.0494,0.0087,-0.2017,0.0099,-0.0004
2026-02-17,XES,2026-02-20,95.00,Call,11.30,13.90,1.0373,0.9063,0.0163,-0.2394,0.0160,0.0069
2026-02-17,XES,2026-02-20,95.00,Put,0.00,0.40,1.0048,-0.0857,0.0160,-0.2584,0.0152,-0.0007
2026-02-17,XES,2026-02-20,100.00,Call,6.40,8.50,0.6155,0.8959,0.0298,-0.1409,0.0173,0.0072
2026-02-17,XES,2026-02-20,100.00,Put,0.00,0.40,0.6155,-0.1022,0.0298,-0.1824,0.0175,-0.0009
2026-02-17,XES,2026-02-20,105.00,Call,2.10,4.00,0.4614,0.6925,0.0781,-0.2334,0.0340,0.0058
2026-02-17,XES,2026-02-20,105.00,Put,0.35,1.70,0.4614,-0.3056,0.0784,-0.2755,0.0335,-0.0027
2026-02-17,XES,2026-02-20,110.00,Call,0.45,1.30,0.4522,0.2675,0.0747,-0.2299,0.0319,0.0023
2026-02-17,XES,2026-02-20,110.00,Put,2.60,4.50,0.4522,-0.7312,0.0750,-0.2715,0.0314,-0.0067
2026-02-17,XES,2026-02-20,115.00,Call,0.05,0.75,0.4522,0.0441,0.0212,-0.0666,0.0090,0.0003
2026-02-17,XES,2026-02-20,115.00,Put,6.30,9.00,0.4522,-0.9543,0.0212,-0.1066,0.0090,-0.0090
2026-02-17,XES,2026-03-20,75.00,Call,31.20,34.10,0.5809,0.9873,0.0018,-0.0189,0.0105,0.0621
2026-02-17,XES,2026-03-20,75.00,Put,0.00,0.75,0.8619,-0.0587,0.0043,-0.0501,0.0366,-0.0059
2026-02-17,XES,2026-03-20,80.00,Call,26.30,28.90,0.4090,0.9951,0.0012,-0.0128,0.0047,0.0671
2026-02-17,XES,2026-03-20,80.00,Put,0.00,1.50,0.4090,-0.0053,0.0012,-0.0030,0.0047,-0.0005
2026-02-17,XES,2026-03-20,85.00,Call,21.50,24.00,0.4406,0.9721,0.0047,-0.0243,0.0202,0.0691
2026-02-17,XES,2026-03-20,85.00,Put,0.05,0.75,0.4406,-0.0283,0.0047,-0.0140,0.0202,-0.0027
2026-02-17,XES,2026-03-20,90.00,Call,16.70,19.10,0.3954,0.9471,0.0087,-0.0317,0.0339,0.0709
2026-02-17,XES,2026-03-20,90.00,Put,0.25,0.70,0.4429,-0.0728,0.0100,-0.0301,0.0439,-0.0066
2026-02-17,XES,2026-03-20,95.00,Call,12.20,14.70,0.3967,0.8734,0.0167,-0.0512,0.0650,0.0680
2026-02-17,XES,2026-03-20,95.00,Put,0.65,1.45,0.4290,-0.1440,0.0170,-0.0475,0.0724,-0.0128
2026-02-17,XES,2026-03-20,100.00,Call,9.40,10.19,0.4240,0.7456,0.0242,-0.0770,0.1003,0.0595
2026-02-17,XES,2026-03-20,100.00,Put,0.55,3.00,0.3839,-0.2381,0.0260,-0.0572,0.0955,-0.0208
2026-02-17,XES,2026-03-20,105.00,Call,4.60,7.10,0.3570,0.6155,0.0342,-0.0760,0.1194,0.0510
2026-02-17,XES,2026-03-20,105.00,Put,2.20,4.50,0.3685,-0.3898,0.0337,-0.0670,0.1209,-0.0327
2026-02-17,XES,2026-03-20,110.00,Call,2.80,5.00,0.3951,0.4489,0.0320,-0.0841,0.1236,0.0375
2026-02-17,XES,2026-03-20,110.00,Put,5.40,6.80,0.3814,-0.5598,0.0338,-0.0699,0.1225,-0.0445
2026-02-17,XES,2026-03-20,115.00,Call,1.15,3.40,0.3976,0.3047,0.0281,-0.0738,0.1094,0.0257
2026-02-17,XES,2026-03-20,115.00,Put,8.40,10.69,0.3878,-0.7089,0.0294,-0.0599,0.1049,-0.0514
2026-02-17,XES,2026-03-20,120.00,Call,0.05,2.75,0.4172,0.2028,0.0216,-0.0618,0.0882,0.0172
2026-02-17,XES,2026-03-20,120.00,Put,12.30,14.80,0.3871,-0.8294,0.0228,-0.0421,0.0819,-0.0510
2026-02-17,XES,2026-03-20,125.00,Call,0.40,2.00,0.4827,0.1607,0.0161,-0.0613,0.0762,0.0136
2026-02-17,XES,2026-03-20,125.00,Put,16.80,19.20,0.3833,-0.9167,0.0157,-0.0231,0.0487,-0.0409
2026-02-17,XES,2026-03-20,130.00,Call,0.00,1.75,0.6354,0.1772,0.0130,-0.0853,0.0812,0.0146
2026-02-17,XES,2026-03-20,130.00,Put,21.50,24.20,0.4136,-0.9522,0.0109,-0.0153,0.0325,-0.0318
2026-02-18,XES,2026-02-20,77.00,Call,32.10,34.29,3.5338,0.9371,0.0044,-1.1030,0.0104,0.0037
2026-02-18,XES,2026-02-20,77.00,Put,0.00,0.10,3.5338,-0.0661,0.0044,-0.9119,0.0104,-0.0004
2026-02-18,XES,2026-02-20,83.00,Call,25.90,28.40,2.7836,0.9345,0.0058,-0.9298,0.0108,0.0040
2026-02-18,XES,2026-02-20,83.00,Put,0.00,1.15,2.7836,-0.0688,0.0058,-0.7379,0.0108,-0.0004
2026-02-18,XES,2026-02-20,88.00,Call,21.10,23.40,2.3284,0.9222,0.0079,-0.8880,0.0122,0.0042
2026-02-18,XES,2026-02-20,88.00,Put,0.00,0.10,2.3284,-0.0810,0.0079,-0.6958,0.0122,-0.0005
2026-02-18,XES,2026-02-20,90.00,Call,19.10,21.50,2.1491,0.9164,0.0090,-0.8679,0.0128,0.0043
2026-02-18,XES,2026-02-20,90.00,Put,0.00,0.75,2.1491,-0.0868,0.0090,-0.6772,0.0130,-0.0005
2026-02-18,XES,2026-02-20,95.00,Call,14.20,16.39,1.9538,0.8692,0.0135,-1.0269,0.0176,0.0043
2026-02-18,XES,2026-02-20,95.00,Put,0.00,1.15,1.9538,-0.1340,0.0136,-0.8383,0.0169,-0.0008
2026-02-18,XES,2026-02-20,100.00,Call,9.20,11.40,1.2697,0.8666,0.0212,-0.7334,0.0178,0.0046
2026-02-18,XES,2026-02-20,100.00,Put,0.00,0.75,1.2697,-0.1370,0.0213,-0.5442,0.0172,-0.0008
2026-02-18,XES,2026-02-20,105.00,Call,4.20,6.50,1.0058,0.7629,0.0380,-0.7847,0.0253,0.0042
2026-02-18,XES,2026-02-20,105.00,Put,0.15,0.35,1.0058,-0.2421,0.0385,-0.5993,0.0250,-0.0013
2026-02-18,XES,2026-02-20,110.00,Call,0.30,2.95,0.7420,0.5375,0.0659,-0.7058,0.0324,0.0031
2026-02-18,XES,2026-02-20,110.00,Put,0.70,1.80,0.7420,-0.4732,0.0679,-0.5281,0.0323,-0.0023
2026-02-18,XES,2026-02-20,115.00,Call,0.00,0.75,0.4783,0.1274,0.0536,-0.2279,0.0170,0.0007
2026-02-18,XES,2026-02-20,115.00,Put,3.80,6.30,0.4783,-0.9319,0.0667,-0.0717,0.0103,-0.0014
2026-02-18,XES,2026-03-20,75.00,Call,34.20,36.79,0.7265,0.9754,0.0025,-0.0312,0.0184,0.0589
2026-02-18,XES,2026-03-20,75.00,Put,0.00,0.75,0.9194,-0.0549,0.0038,-0.0529,0.0350,-0.0055
2026-02-18,XES,2026-03-20,85.00,Call,24.20,27.10,0.5654,0.9552,0.0053,-0.0379,0.0299,0.0651
2026-02-18,XES,2026-03-20,85.00,Put,0.05,0.75,0.5809,-0.0491,0.0055,-0.0304,0.0320,-0.0047
2026-02-18,XES,2026-03-20,90.00,Call,19.39,22.30,0.5104,0.9294,0.0084,-0.0462,0.0427,0.0668
2026-02-18,XES,2026-03-20,90.00,Put,0.25,0.80,0.5076,-0.0699,0.0083,-0.0348,0.0423,-0.0067
2026-02-18,XES,2026-03-20,95.00,Call,14.80,17.60,0.4628,0.8848,0.0133,-0.0571,0.0613,0.0665
2026-02-18,XES,2026-03-20,95.00,Put,0.35,1.15,0.4420,-0.1061,0.0132,-0.0413,0.0582,-0.0094
2026-02-18,XES,2026-03-20,100.00,Call,10.40,13.10,0.4136,0.8142,0.0205,-0.0676,0.0844,0.0638
2026-02-18,XES,2026-03-20,100.00,Put,0.15,2.85,0.4240,-0.1918,0.0205,-0.0586,0.0883,-0.0168
2026-02-18,XES,2026-03-20,105.00,Call,6.30,9.00,0.3644,0.7024,0.0301,-0.0747,0.1092,0.0571
2026-02-18,XES,2026-03-20,105.00,Put,1.90,4.00,0.4224,-0.3198,0.0271,-0.0757,0.1140,-0.0275
2026-02-18,XES,2026-03-20,110.00,Call,4.00,6.00,0.3833,0.5344,0.0329,-0.0865,0.1253,0.0441
2026-02-18,XES,2026-03-20,110.00,Put,3.90,5.40,0.3832,-0.4694,0.0334,-0.0749,0.1252,-0.0383
2026-02-18,XES,2026-03-20,115.00,Call,1.95,4.00,0.3851,0.3758,0.0312,-0.0814,0.1196,0.0314
2026-02-18,XES,2026-03-20,115.00,Put,6.00,8.69,0.3607,-0.6419,0.0338,-0.0639,0.1166,-0.0480
2026-02-18,XES,2026-03-20,120.00,Call,0.70,2.65,0.3890,0.2437,0.0255,-0.0671,0.0988,0.0206
2026-02-18,XES,2026-03-20,120.00,Put,9.80,12.30,0.3561,-0.7897,0.0274,-0.0464,0.0909,-0.0508
2026-02-18,XES,2026-03-20,125.00,Call,0.10,1.90,0.3317,0.1035,0.0172,-0.0326,0.0567,0.0089
2026-02-18,XES,2026-03-20,125.00,Put,13.80,16.70,0.3317,-0.9152,0.0186,-0.0206,0.0484,-0.0385
2026-02-18,XES,2026-03-20,130.00,Call,0.00,1.75,0.5862,0.1866,0.0145,-0.0849,0.0846,0.0154
2026-02-18,XES,2026-03-20,130.00,Put,18.60,21.20,0.5862,-0.8211,0.0149,-0.0722,0.0855,-0.0577
2026-02-19,XES,2026-02-20,78.00,Call,32.50,34.70,3.7216,0.9668,0.0035,-1.3373,0.0053,0.0024
2026-02-19,XES,2026-02-20,78.00,Put,0.00,0.75,3.7080,-0.0389,0.0035,-0.8071,0.0053,-0.0001
2026-02-19,XES,2026-02-20,84.00,Call,26.10,28.80,2.7658,0.9709,0.0042,-0.9309,0.0047,0.0026
2026-02-19,XES,2026-02-20,84.00,Put,0.00,1.80,4.4869,-0.1138,0.0067,-2.2386,0.0126,-0.0004
2026-02-19,XES,2026-02-20,90.00,Call,20.10,22.60,1.9983,0.9768,0.0051,-0.8636,0.0041,0.0028
2026-02-19,XES,2026-02-20,90.00,Put,0.00,0.75,2.8297,-0.0844,0.0086,-1.1232,0.0101,-0.0003
2026-02-19,XES,2026-02-20,95.00,Call,15.60,17.80,2.0141,0.9225,0.0115,-1.0861,0.0096,0.0029
2026-02-19,XES,2026-02-20,95.00,Put,0.00,0.75,2.2461,-0.1025,0.0124,-1.0185,0.0118,-0.0003
2026-02-19,XES,2026-02-20,100.00,Call,10.10,12.80,1.2595,0.9346,0.0163,-0.7107,0.0084,0.0031
2026-02-19,XES,2026-02-20,100.00,Put,0.00,0.75,1.6988,-0.1307,0.0195,-0.9111,0.0135,-0.0004
2026-02-19,XES,2026-02-20,105.00,Call,5.30,7.80,0.8653,0.8860,0.0363,-0.9259,0.0127,0.0030
2026-02-19,XES,2026-02-20,105.00,Put,0.00,0.75,1.1218,-0.1840,0.0370,-0.7207,0.0168,-0.0006
2026-02-19,XES,2026-02-20,110.00,Call,0.70,3.10,0.8653,0.5991,0.0708,-1.1485,0.0246,0.0020
2026-02-19,XES,2026-02-20,110.00,Put,0.30,1.35,1.1218,-0.4325,0.0574,-0.9807,0.0250,-0.0013
2026-02-19,XES,2026-02-20,115.00,Call,0.00,0.75,0.8653,0.2583,0.0590,-0.8528,0.0205,0.0009
2026-02-19,XES,2026-02-20,115.00,Put,2.60,5.00,1.1218,-0.7159,0.0540,-0.7572,0.0209,-0.0017
2026-02-19,XES,2026-03-20,80.00,Call,31.10,32.70,0.8856,0.9242,0.0051,-0.0766,0.0447,0.0561
2026-02-19,XES,2026-03-20,80.00,Put,0.00,0.75,0.8156,-0.0619,0.0047,-0.0525,0.0382,-0.0060
2026-02-19,XES,2026-03-20,85.00,Call,25.40,28.50,0.7104,0.9252,0.0063,-0.0633,0.0444,0.0604
2026-02-19,XES,2026-03-20,85.00,Put,0.00,0.75,0.6956,-0.0712,0.0062,-0.0500,0.0426,-0.0065
2026-02-19,XES,2026-03-20,90.00,Call,20.60,23.70,0.6472,0.8930,0.0091,-0.0734,0.0578,0.0612
2026-02-19,XES,2026-03-20,90.00,Put,0.25,0.75,0.6265,-0.0996,0.0089,-0.0577,0.0565,-0.0090
2026-02-19,XES,2026-03-20,95.00,Call,16.00,18.70,0.5507,0.8598,0.0129,-0.0752,0.0698,0.0621
2026-02-19,XES,2026-03-20,95.00,Put,0.25,1.95,0.5183,-0.1271,0.0129,-0.0564,0.0648,-0.0112
2026-02-19,XES,2026-03-20,100.00,Call,11.70,14.00,0.4810,0.7986,0.0187,-0.0816,0.0880,0.0603
2026-02-19,XES,2026-03-20,100.00,Put,0.05,2.60,0.4240,-0.1750,0.0195,-0.0565,0.0806,-0.0151
2026-02-19,XES,2026-03-20,105.00,Call,8.00,10.00,0.4534,0.6909,0.0248,-0.0937,0.1102,0.0538
2026-02-19,XES,2026-03-20,105.00,Put,1.60,3.20,0.3951,-0.2916,0.0280,-0.0693,0.1082,-0.0245
2026-02-19,XES,2026-03-20,110.00,Call,4.09,6.20,0.3704,0.5574,0.0340,-0.0851,0.1235,0.0451
2026-02-19,XES,2026-03-20,110.00,Put,3.50,4.90,0.3769,-0.4463,0.0340,-0.0748,0.1237,-0.0359
2026-02-19,XES,2026-03-20,115.00,Call,3.00,3.70,0.3996,0.4006,0.0309,-0.0876,0.1209,0.0327
2026-02-19,XES,2026-03-20,115.00,Put,5.90,7.90,0.3640,-0.6191,0.0343,-0.0677,0.1199,-0.0461
2026-02-19,XES,2026-03-20,120.00,Call,0.50,2.25,0.3463,0.2291,0.0279,-0.0591,0.0948,0.0191
2026-02-19,XES,2026-03-20,120.00,Put,9.10,11.00,0.3091,-0.8138,0.0303,-0.0370,0.0834,-0.0472
2026-02-19,XES,2026-03-20,125.00,Call,0.45,1.25,0.3804,0.1479,0.0194,-0.0489,0.0722,0.0123
2026-02-19,XES,2026-03-20,125.00,Put,13.40,14.90,0.3804,-0.8652,0.0203,-0.0368,0.0669,-0.0472
2026-02-19,XES,2026-03-20,130.00,Call,0.15,0.95,0.4059,0.0946,0.0132,-0.0378,0.0527,0.0079
2026-02-19,XES,2026-03-20,130.00,Put,17.10,20.10,0.4059,-0.9190,0.0143,-0.0259,0.0489,-0.0408
2026-02-19,XES,2026-04-17,98.00,Call,14.30,17.50,0.4279,0.8096,0.0147,-0.0608,0.1210,0.1152
2026-02-19,XES,2026-04-17,98.00,Put,0.45,4.50,0.4481,-0.2062,0.0147,-0.0449,0.1273,-0.0349
2026-02-19,XES,2026-04-17,101.00,Call,11.90,15.00,0.4072,0.7649,0.0174,-0.0633,0.1363,0.1113
2026-02-19,XES,2026-04-17,101.00,Put,0.80,4.09,0.3845,-0.2324,0.0184,-0.0410,0.1372,-0.0385
2026-02-19,XES,2026-04-17,103.00,Call,10.40,13.40,0.3947,0.7295,0.0193,-0.0640,0.1464,0.1077
2026-02-19,XES,2026-04-17,103.00,Put,1.35,4.70,0.3821,-0.2734,0.0202,-0.0440,0.1475,-0.0447
2026-02-19,XES,2026-04-17,105.00,Call,9.00,12.10,0.3911,0.6876,0.0208,-0.0654,0.1562,0.1026
2026-02-19,XES,2026-04-17,105.00,Put,2.00,5.40,0.3804,-0.3185,0.0219,-0.0461,0.1559,-0.0512
2026-02-19,XES,2026-04-17,107.00,Call,7.70,10.90,0.3882,0.6433,0.0220,-0.0668,0.1643,0.0969
2026-02-19,XES,2026-04-17,107.00,Put,2.75,6.20,0.3801,-0.3642,0.0231,-0.0486,0.1637,-0.0581
2026-02-19,XES,2026-04-17,109.00,Call,6.50,9.70,0.3829,0.5978,0.0231,-0.0676,0.1703,0.0909
2026-02-19,XES,2026-04-17,109.00,Put,3.60,7.00,0.3761,-0.4136,0.0244,-0.0487,0.1710,-0.0639
2026-02-19,XES,2026-04-17,110.00,Call,5.90,9.00,0.3754,0.5743,0.0239,-0.0666,0.1725,0.0879
2026-02-19,XES,2026-04-17,110.00,Put,4.00,7.40,0.3718,-0.4366,0.0249,-0.0491,0.1725,-0.0677
2026-02-19,XES,2026-04-17,111.00,Call,5.30,8.50,0.3725,0.5509,0.0244,-0.0676,0.1741,0.0845
2026-02-19,XES,2026-04-17,111.00,Put,4.50,7.70,0.3660,-0.4623,0.0256,-0.0482,0.1737,-0.0704
2026-02-19,XES,2026-04-17,112.00,Call,4.70,8.00,0.3682,0.5256,0.0247,-0.0657,0.1751,0.0811
2026-02-19,XES,2026-04-17,112.00,Put,5.00,8.19,0.3643,-0.4880,0.0259,-0.0479,0.1748,-0.0734
2026-02-19,XES,2026-04-17,113.00,Call,4.20,7.50,0.3654,0.5006,0.0250,-0.0647,0.1754,0.0776
2026-02-19,XES,2026-04-17,113.00,Put,5.60,8.60,0.3610,-0.5142,0.0263,-0.0470,0.1743,-0.0762
2026-02-19,XES,2026-04-17,114.00,Call,3.70,6.70,0.3527,0.4740,0.0259,-0.0634,0.1750,0.0739
2026-02-19,XES,2026-04-17,114.00,Put,6.10,9.30,0.3627,-0.5394,0.0262,-0.0468,0.1721,-0.0787
2026-02-19,XES,2026-04-17,115.00,Call,3.20,6.50,0.3556,0.4499,0.0255,-0.0631,0.1739,0.0703
2026-02-19,XES,2026-04-17,115.00,Put,6.70,9.80,0.3594,-0.5680,0.0265,-0.0446,0.1727,-0.0802
2026-02-19,XES,2026-04-17,116.00,Call,2.85,5.90,0.3500,0.4235,0.0256,-0.0611,0.1720,0.0664
2026-02-19,XES,2026-04-17,116.00,Put,7.30,10.10,0.3489,-0.5949,0.0269,-0.0430,0.1687,-0.0832
2026-02-19,XES,2026-04-17,119.00,Call,1.75,5.10,0.3529,0.3538,0.0241,-0.0567,0.1633,0.0559
2026-02-19,XES,2026-04-17,119.00,Put,9.50,12.30,0.3594,-0.6635,0.0251,-0.0407,0.1590,-0.0876
2026-02-20,XES,2026-03-20,80.00,Call,29.80,32.10,0.5306,0.9897,0.0017,-0.0178,0.0086,0.0601
2026-02-20,XES,2026-03-20,80.00,Put,0.00,0.75,0.8311,-0.0620,0.0048,-0.0547,0.0374,-0.0058
2026-02-20,XES,2026-03-20,85.00,Call,25.30,27.20,0.5931,0.9564,0.0051,-0.0399,0.0284,0.0609
2026-02-20,XES,2026-03-20,85.00,Put,0.10,0.70,0.6107,-0.0482,0.0053,-0.0328,0.0307,-0.0043
2026-02-20,XES,2026-03-20,90.00,Call,20.10,22.39,0.4829,0.9493,0.0071,-0.0379,0.0321,0.0641
2026-02-20,XES,2026-03-20,90.00,Put,0.25,0.80,0.5356,-0.0684,0.0080,-0.0377,0.0404,-0.0062
2026-02-20,XES,2026-03-20,95.00,Call,15.30,17.80,0.4446,0.9077,0.0121,-0.0505,0.0508,0.0642
2026-02-20,XES,2026-03-20,95.00,Put,0.10,1.35,0.4646,-0.1014,0.0125,-0.0439,0.0564,-0.0085
2026-02-20,XES,2026-03-20,100.00,Call,10.80,13.30,0.4031,0.8391,0.0198,-0.0636,0.0748,0.0618
2026-02-20,XES,2026-03-20,100.00,Put,0.05,2.65,0.4339,-0.1774,0.0196,-0.0597,0.0790,-0.0147
2026-02-20,XES,2026-03-20,105.00,Call,7.70,9.20,0.4129,0.7062,0.0272,-0.0862,0.1055,0.0533
2026-02-20,XES,2026-03-20,105.00,Put,1.35,4.00,0.4288,-0.3010,0.0267,-0.0782,0.1061,-0.0244
2026-02-20,XES,2026-03-20,110.00,Call,4.20,6.20,0.3863,0.5543,0.0334,-0.0903,0.1210,0.0429
2026-02-20,XES,2026-03-20,110.00,Put,2.85,5.50,0.3797,-0.4489,0.0345,-0.0771,0.1211,-0.0346
2026-02-20,XES,2026-03-20,115.00,Call,2.40,3.60,0.3811,0.3880,0.0328,-0.0846,0.1173,0.0305
2026-02-20,XES,2026-03-20,115.00,Put,6.30,8.19,0.3972,-0.6112,0.0322,-0.0766,0.1174,-0.0445
2026-02-20,XES,2026-03-20,120.00,Call,1.10,2.04,0.3769,0.2429,0.0271,-0.0675,0.0958,0.0193
2026-02-20,XES,2026-03-20,120.00,Put,9.60,11.40,0.3604,-0.7785,0.0285,-0.0510,0.0899,-0.0480
2026-02-20,XES,2026-03-20,125.00,Call,0.15,2.00,0.4186,0.1662,0.0194,-0.0592,0.0763,0.0132
2026-02-20,XES,2026-03-20,125.00,Put,13.90,15.90,0.3789,-0.8736,0.0201,-0.0355,0.0642,-0.0446
2026-02-20,XES,2026-03-20,130.00,Call,0.05,0.80,0.3229,0.0422,0.0091,-0.0164,0.0275,0.0034
2026-02-20,XES,2026-03-20,130.00,Put,18.20,20.60,0.3229,-0.9839,0.0108,-0.0042,0.0138,-0.0098
2026-02-20,XES,2026-03-20,135.00,Call,0.00,2.00,0.7097,0.1842,0.0122,-0.1056,0.0815,0.0140
2026-02-20,XES,2026-03-20,135.00,Put,22.90,25.40,0.7097,-0.8220,0.0125,-0.0923,0.0770,-0.0576
2026-02-20,XES,2026-04-17,85.00,Call,25.00,27.60,0.5062,0.9183,0.0065,-0.0256,0.0619,0.1154
2026-02-20,XES,2026-04-17,85.00,Put,0.15,2.00,0.5457,-0.0893,0.0068,-0.0340,0.0683,-0.0158
2026-02-20,XES,2026-04-17,90.00,Call,20.20,22.70,0.4365,0.8969,0.0090,-0.0271,0.0745,0.1192
2026-02-20,XES,2026-04-17,90.00,Put,0.50,2.00,0.4764,-0.1144,0.0093,-0.0354,0.0836,-0.0213
2026-02-20,XES,2026-04-17,95.00,Call,15.70,18.80,0.4302,0.8339,0.0130,-0.0390,0.1054,0.1149
2026-02-20,XES,2026-04-17,95.00,Put,0.05,3.00,0.4124,-0.1518,0.0131,-0.0373,0.1009,-0.0261
2026-02-20,XES,2026-04-17,98.00,Call,13.30,16.10,0.4086,0.7945,0.0157,-0.0429,0.1209,0.1121
2026-02-20,XES,2026-04-17,98.00,Put,0.65,3.00,0.3820,-0.1867,0.0162,-0.0395,0.1175,-0.0319
2026-02-20,XES,2026-04-17,100.00,Call,11.70,14.60,0.4013,0.7605,0.0175,-0.0464,0.1324,0.1088
2026-02-20,XES,2026-04-17,100.00,Put,1.40,4.00,0.4100,-0.2376,0.0174,-0.0488,0.1319,-0.0407
2026-02-20,XES,2026-04-17,103.00,Call,9.80,12.40,0.4000,0.6997,0.0198,-0.0523,0.1489,0.1016
2026-02-20,XES,2026-04-17,103.00,Put,2.25,4.70,0.3969,-0.2940,0.0200,-0.0525,0.1495,-0.0499
2026-02-20,XES,2026-04-17,105.00,Call,8.30,11.90,0.4152,0.6527,0.0203,-0.0579,0.1584,0.0952
2026-02-20,XES,2026-04-17,105.00,Put,2.75,5.60,0.3940,-0.3372,0.0214,-0.0552,0.1572,-0.0571
2026-02-20,XES,2026-04-17,107.00,Call,7.00,9.70,0.3779,0.6143,0.0231,-0.0548,0.1642,0.0913
2026-02-20,XES,2026-04-17,107.00,Put,3.50,6.00,0.3781,-0.3806,0.0233,-0.0552,0.1636,-0.0638
2026-02-20,XES,2026-04-17,108.00,Call,6.50,9.20,0.3807,0.5900,0.0234,-0.0562,0.1671,0.0880
2026-02-20,XES,2026-04-17,108.00,Put,3.90,6.60,0.3809,-0.4050,0.0235,-0.0565,0.1677,-0.0677
2026-02-20,XES,2026-04-17,109.00,Call,5.90,8.69,0.3789,0.5660,0.0238,-0.0567,0.1692,0.0848
2026-02-20,XES,2026-04-17,109.00,Put,4.30,7.00,0.3769,-0.4289,0.0241,-0.0567,0.1702,-0.0711
2026-02-20,XES,2026-04-17,110.00,Call,5.40,8.10,0.3757,0.5417,0.0242,-0.0568,0.1707,0.0815
2026-02-20,XES,2026-04-17,110.00,Put,4.70,7.60,0.3765,-0.4533,0.0243,-0.0570,0.1710,-0.0752
2026-02-20,XES,2026-04-17,112.00,Call,4.40,6.80,0.3622,0.4909,0.0252,-0.0551,0.1718,0.0746
2026-02-20,XES,2026-04-17,112.00,Put,5.50,8.30,0.3579,-0.5051,0.0257,-0.0545,0.1726,-0.0824
2026-02-20,XES,2026-04-17,113.00,Call,4.00,6.70,0.3722,0.4685,0.0245,-0.0566,0.1713,0.0712
2026-02-20,XES,2026-04-17,113.00,Put,6.00,8.69,0.3506,-0.5321,0.0262,-0.0531,0.1716,-0.0861
2026-02-20,XES,2026-04-17,114.00,Call,3.70,6.30,0.3752,0.4455,0.0242,-0.0567,0.1703,0.0678
2026-02-20,XES,2026-04-17,114.00,Put,6.60,9.50,0.3568,-0.5556,0.0256,-0.0536,0.1690,-0.0894
2026-02-20,XES,2026-04-17,115.00,Call,3.30,5.90,0.3738,0.4217,0.0240,-0.0560,0.1687,0.0644
2026-02-20,XES,2026-04-17,115.00,Put,7.40,10.00,0.3584,-0.5796,0.0252,-0.0532,0.1697,-0.0929
2026-02-20,XES,2026-04-17,116.00,Call,3.10,5.60,0.3801,0.4014,0.0233,-0.0563,0.1667,0.0614
2026-02-20,XES,2026-04-17,116.00,Put,8.00,10.69,0.3586,-0.6033,0.0248,-0.0524,0.1654,-0.0959
2026-02-20,XES,2026-04-17,118.00,Call,2.00,4.90,0.3645,0.3498,0.0233,-0.0518,0.1598,0.0540
2026-02-20,XES,2026-04-17,118.00,Put,8.30,12.10,0.3270,-0.6682,0.0257,-0.0448,0.1589,-0.1021
2026-02-20,XES,2026-04-17,120.00,Call,1.30,4.00,0.3484,0.2971,0.0228,-0.0463,0.1494,0.0463
2026-02-20,XES,2026-04-17,120.00,Put,11.00,13.50,0.3657,-0.6882,0.0223,-0.0487,0.1536,-0.1062
2026-02-20,XES,2026-04-17,125.00,Call,0.30,3.00,0.3513,0.2052,0.0186,-0.0384,0.1228,0.0322
2026-02-20,XES,2026-04-17,125.00,Put,15.00,17.30,0.3658,-0.7812,0.0187,-0.0400,0.1268,-0.1134
2026-02-20,XES,2026-04-17,130.00,Call,0.80,3.00,0.4379,0.1951,0.0145,-0.0465,0.1192,0.0301
2026-02-20,XES,2026-04-17,130.00,Put,19.10,21.50,0.3539,-0.8629,0.0145,-0.0281,0.0950,-0.1114
2026-02-23,XES,2026-03-20,80.00,Call,30.60,33.20,0.9064,0.9407,0.0044,-0.0724,0.0347,0.0494
2026-02-23,XES,2026-03-20,80.00,Put,0.00,0.75,0.9064,-0.0596,0.0044,-0.0622,0.0347,-0.0050
2026-02-23,XES,2026-03-20,85.00,Call,25.70,28.20,0.7756,0.9315,0.0058,-0.0700,0.0388,0.0521
2026-02-23,XES,2026-03-20,85.00,Put,0.00,0.75,0.7756,-0.0688,0.0058,-0.0594,0.0388,-0.0057
2026-02-23,XES,2026-03-20,90.00,Call,21.20,23.40,0.5619,0.9449,0.0067,-0.0473,0.0328,0.0568
2026-02-23,XES,2026-03-20,90.00,Put,0.25,0.50,0.6213,-0.0724,0.0075,-0.0494,0.0408,-0.0056
2026-02-23,XES,2026-03-20,95.00,Call,16.39,18.80,0.3482,0.9720,0.0063,-0.0245,0.0190,0.0625
2026-02-23,XES,2026-03-20,95.00,Put,0.15,0.80,0.4669,-0.0736,0.0102,-0.0374,0.0416,-0.0056
2026-02-23,XES,2026-03-20,100.00,Call,11.90,14.10,0.3604,0.9034,0.0162,-0.0471,0.0503,0.0604
2026-02-23,XES,2026-03-20,100.00,Put,0.10,1.70,0.4295,-0.1343,0.0172,-0.0530,0.0620,-0.0101
2026-02-23,XES,2026-03-20,105.00,Call,8.19,10.19,0.3960,0.7647,0.0264,-0.0809,0.0903,0.0523
2026-02-23,XES,2026-03-20,105.00,Put,1.20,3.40,0.4602,-0.2635,0.0243,-0.0852,0.0959,-0.0196
2026-02-23,XES,2026-03-20,110.00,Call,5.00,7.00,0.4000,0.6065,0.0327,-0.0980,0.1129,0.0424
2026-02-23,XES,2026-03-20,110.00,Put,2.30,4.70,0.4004,-0.3961,0.0331,-0.0861,0.1138,-0.0282
2026-02-23,XES,2026-03-20,115.00,Call,2.80,4.50,0.4040,0.4395,0.0332,-0.0992,0.1157,0.0312
2026-02-23,XES,2026-03-20,115.00,Put,4.60,7.60,0.3997,-0.5661,0.0341,-0.0859,0.1151,-0.0381
2026-02-23,XES,2026-03-20,120.00,Call,1.40,2.80,0.4104,0.2929,0.0285,-0.0866,0.1009,0.0210
2026-02-23,XES,2026-03-20,120.00,Put,7.80,10.90,0.3838,-0.7300,0.0305,-0.0668,0.0981,-0.0439
2026-02-23,XES,2026-03-20,125.00,Call,0.45,2.00,0.4265,0.1878,0.0215,-0.0699,0.0790,0.0135
2026-02-23,XES,2026-03-20,125.00,Put,12.70,15.40,0.4639,-0.7976,0.0217,-0.0686,0.0853,-0.0463
2026-02-23,XES,2026-03-20,130.00,Call,0.00,1.75,0.5902,0.1955,0.0159,-0.0982,0.0810,0.0138
2026-02-23,XES,2026-03-20,130.00,Put,17.30,20.10,0.5142,-0.8514,0.0164,-0.0616,0.0709,-0.0463
2026-02-23,XES,2026-03-20,135.00,Call,0.00,0.75,0.5842,0.1324,0.0125,-0.0752,0.0628,0.0094
2026-02-23,XES,2026-03-20,135.00,Put,22.10,25.10,0.5842,-0.8761,0.0128,-0.0617,0.0600,-0.0468
2026-02-23,XES,2026-04-17,85.00,Call,25.90,28.40,0.5113,0.9379,0.0055,-0.0308,0.0516,0.1118
2026-02-23,XES,2026-04-17,85.00,Put,0.15,1.10,0.5113,-0.0610,0.0055,-0.0242,0.0516,-0.0108
2026-02-23,XES,2026-04-17,90.00,Call,21.00,23.90,0.5113,0.8937,0.0083,-0.0434,0.0778,0.1110
2026-02-23,XES,2026-04-17,90.00,Put,0.45,1.95,0.5113,-0.1052,0.0083,-0.0366,0.0763,-0.0175
2026-02-23,XES,2026-04-17,95.00,Call,16.70,19.50,0.3279,0.9226,0.0102,-0.0257,0.0612,0.1239
2026-02-23,XES,2026-04-17,95.00,Put,0.05,2.55,0.4304,-0.1306,0.0116,-0.0357,0.0913,-0.0213
2026-02-23,XES,2026-04-17,98.00,Call,14.20,17.10,0.3479,0.8677,0.0143,-0.0363,0.0909,0.1185
2026-02-23,XES,2026-04-17,98.00,Put,0.35,3.00,0.4111,-0.1663,0.0142,-0.0399,0.1078,-0.0269
2026-02-23,XES,2026-04-17,101.00,Call,12.00,14.80,0.3619,0.8052,0.0177,-0.0462,0.1173,0.1116
2026-02-23,XES,2026-04-17,101.00,Put,1.00,4.00,0.4200,-0.2229,0.0167,-0.0485,0.1281,-0.0359
2026-02-23,XES,2026-04-17,103.00,Call,10.60,13.30,0.3640,0.7627,0.0197,-0.0511,0.1316,0.1068
2026-02-23,XES,2026-04-17,103.00,Put,1.20,4.00,0.3846,-0.2469,0.0193,-0.0468,0.1374,-0.0391
2026-02-23,XES,2026-04-17,105.00,Call,9.30,11.90,0.3663,0.7170,0.0215,-0.0555,0.1442,0.1013
2026-02-23,XES,2026-04-17,105.00,Put,2.00,4.80,0.3956,-0.2944,0.0205,-0.0524,0.1466,-0.0465
2026-02-23,XES,2026-04-17,107.00,Call,7.60,10.30,0.3422,0.6774,0.0244,-0.0548,0.1530,0.0973
2026-02-23,XES,2026-04-17,107.00,Put,2.35,5.40,0.3786,-0.3348,0.0227,-0.0527,0.1545,-0.0522
2026-02-23,XES,2026-04-17,108.00,Call,7.30,10.00,0.3621,0.6463,0.0239,-0.0593,0.1586,0.0926
2026-02-23,XES,2026-04-17,108.00,Put,2.80,5.70,0.3769,-0.3584,0.0234,-0.0536,0.1602,-0.0555
2026-02-23,XES,2026-04-17,110.00,Call,5.90,8.80,0.3518,0.5970,0.0257,-0.0596,0.1652,0.0865
2026-02-23,XES,2026-04-17,110.00,Put,3.80,6.50,0.3804,-0.4079,0.0241,-0.0560,0.1655,-0.0626
2026-02-23,XES,2026-04-17,111.00,Call,6.00,8.40,0.3744,0.5697,0.0245,-0.0638,0.1676,0.0823
2026-02-23,XES,2026-04-17,111.00,Put,4.20,6.60,0.3651,-0.4321,0.0255,-0.0541,0.1681,-0.0653
2026-02-23,XES,2026-04-17,112.00,Call,5.60,7.90,0.3772,0.5450,0.0245,-0.0646,0.1692,0.0789
2026-02-23,XES,2026-04-17,112.00,Put,4.80,7.40,0.3772,-0.4574,0.0249,-0.0564,0.1692,-0.0691
2026-02-23,XES,2026-04-17,113.00,Call,5.00,7.50,0.3757,0.5203,0.0247,-0.0645,0.1700,0.0756
2026-02-23,XES,2026-04-17,113.00,Put,5.30,7.80,0.3725,-0.4828,0.0254,-0.0557,0.1701,-0.0722
2026-02-23,XES,2026-04-17,114.00,Call,4.30,7.10,0.3697,0.4948,0.0252,-0.0635,0.1703,0.0722
2026-02-23,XES,2026-04-17,114.00,Put,5.90,8.90,0.3904,-0.5049,0.0243,-0.0584,0.1694,-0.0753
2026-02-23,XES,2026-04-17,115.00,Call,4.00,6.40,0.3654,0.4691,0.0254,-0.0624,0.1698,0.0688
2026-02-23,XES,2026-04-17,115.00,Put,6.40,9.30,0.3829,-0.5303,0.0247,-0.0568,0.1702,-0.0783
2026-02-23,XES,2026-04-17,116.00,Call,3.40,6.10,0.3625,0.4436,0.0254,-0.0613,0.1686,0.0653
2026-02-23,XES,2026-04-17,116.00,Put,7.00,9.70,0.3772,-0.5559,0.0250,-0.0553,0.1679,-0.0809
2026-02-23,XES,2026-04-17,119.00,Call,2.50,5.30,0.3754,0.3780,0.0236,-0.0606,0.1623,0.0558
2026-02-23,XES,2026-04-17,119.00,Put,9.00,11.80,0.3850,-0.6228,0.0237,-0.0537,0.1633,-0.0879
2026-02-23,XES,2026-04-17,120.00,Call,2.00,4.80,0.3636,0.3499,0.0238,-0.0572,0.1581,0.0520
2026-02-23,XES,2026-04-17,120.00,Put,9.70,12.80,0.3949,-0.6396,0.0227,-0.0541,0.1594,-0.0900
2026-02-23,XES,2026-04-17,125.00,Call,0.65,4.00,0.3765,0.2572,0.0200,-0.0511,0.1378,0.0385
2026-02-23,XES,2026-04-17,125.00,Put,13.90,16.60,0.4172,-0.7238,0.0195,-0.0502,0.1450,-0.0968
2026-02-23,XES,2026-04-17,130.00,Call,0.05,2.65,0.3678,0.1708,0.0161,-0.0391,0.1084,0.0258
2026-02-23,XES,2026-04-17,130.00,Put,17.50,20.70,0.4010,-0.8153,0.0167,-0.0369,0.1146,-0.0955
2026-02-24,XES,2026-03-20,80.00,Call,31.20,34.10,0.6072,0.9962,0.0017,-0.0555,0.0088,0.0520
2026-02-24,XES,2026-03-20,80.00,Put,0.00,0.75,0.9226,-0.0599,0.0044,-0.0622,0.0342,-0.0049
2026-02-24,XES,2026-03-20,85.00,Call,26.30,28.80,0.7922,0.9407,0.0058,-0.1111,0.0380,0.0506
2026-02-24,XES,2026-03-20,85.00,Put,0.00,0.75,0.7922,-0.0688,0.0058,-0.0589,0.0372,-0.0052
2026-02-24,XES,2026-03-20,90.00,Call,21.39,23.90,0.5630,0.9576,0.0065,-0.0858,0.0305,0.0554
2026-02-24,XES,2026-03-20,90.00,Put,0.25,0.50,0.5630,-0.0530,0.0067,-0.0338,0.0322,-0.0038
2026-02-24,XES,2026-03-20,95.00,Call,16.60,19.10,0.3276,0.9906,0.0049,-0.0616,0.0132,0.0614
2026-02-24,XES,2026-03-20,95.00,Put,0.15,0.50,0.3276,-0.0197,0.0051,-0.0084,0.0150,-0.0014
2026-02-24,XES,2026-03-20,100.00,Call,11.90,14.80,0.4102,0.8882,0.0170,-0.0899,0.0574,0.0568
2026-02-24,XES,2026-03-20,100.00,Put,0.05,1.70,0.4334,-0.1334,0.0175,-0.0497,0.0633,-0.0093
2026-02-24,XES,2026-03-20,105.00,Call,7.90,10.50,0.3910,0.7793,0.0270,-0.1069,0.0871,0.0515
2026-02-24,XES,2026-03-20,105.00,Put,1.20,2.30,0.4086,-0.2420,0.0272,-0.0657,0.0906,-0.0163
2026-02-24,XES,2026-03-20,110.00,Call,4.50,7.40,0.3947,0.6172,0.0340,-0.1194,0.1108,0.0416
2026-02-24,XES,2026-03-20,110.00,Put,2.90,3.70,0.3881,-0.4004,0.0362,-0.0734,0.1107,-0.0251
2026-02-24,XES,2026-03-20,115.00,Call,2.04,4.90,0.3901,0.4420,0.0354,-0.1127,0.1140,0.0303
2026-02-24,XES,2026-03-20,115.00,Put,5.20,6.50,0.3797,-0.5902,0.0391,-0.0671,0.1100,-0.0324
2026-02-24,XES,2026-03-20,120.00,Call,0.85,3.00,0.3953,0.2867,0.0301,-0.0937,0.0981,0.0199
2026-02-24,XES,2026-03-20,120.00,Put,8.19,10.00,0.3436,-0.8003,0.0377,-0.0365,0.0776,-0.0300
2026-02-24,XES,2026-03-20,125.00,Call,0.20,2.00,0.4035,0.1832,0.0230,-0.0757,0.0765,0.0128
2026-02-24,XES,2026-03-20,125.00,Put,12.10,14.80,0.4097,-0.8844,0.0272,-0.0277,0.0554,-0.0243
2026-02-24,XES,2026-03-20,130.00,Call,0.10,0.85,0.4834,0.1470,0.0166,-0.0757,0.0663,0.0102
2026-02-24,XES,2026-03-20,130.00,Put,16.70,20.00,0.4633,-0.9078,0.0166,-0.0328,0.0488,-0.0309
2026-02-24,XES,2026-03-20,135.00,Call,0.00,0.75,0.5434,0.1173,0.0126,-0.0713,0.0567,0.0081
2026-02-24,XES,2026-03-20,135.00,Put,21.60,24.80,0.5459,-0.9158,0.0126,-0.0379,0.0446,-0.0333
2026-02-24,XES,2026-04-17,85.00,Call,26.30,29.30,0.4724,0.9550,0.0050,-0.0351,0.0426,0.1125
2026-02-24,XES,2026-04-17,85.00,Put,0.05,0.75,0.4724,-0.0487,0.0050,-0.0183,0.0426,-0.0083
2026-02-24,XES,2026-04-17,90.00,Call,21.70,24.50,0.4422,0.9254,0.0078,-0.0418,0.0617,0.1145
2026-02-24,XES,2026-04-17,90.00,Put,0.15,1.50,0.4601,-0.0859,0.0081,-0.0276,0.0648,-0.0137
2026-02-24,XES,2026-04-17,95.00,Call,17.20,19.89,0.4121,0.8810,0.0117,-0.0492,0.0858,0.1139
2026-02-24,XES,2026-04-17,95.00,Put,0.05,2.45,0.4251,-0.1298,0.0119,-0.0339,0.0932,-0.0204
2026-02-24,XES,2026-04-17,98.00,Call,14.60,17.20,0.3919,0.8460,0.0146,-0.0531,0.1018,0.1121
2026-02-24,XES,2026-04-17,98.00,Put,0.25,2.90,0.4011,-0.1641,0.0147,-0.0371,0.1044,-0.0255
2026-02-24,XES,2026-04-17,100.00,Call,12.90,15.70,0.3885,0.8125,0.0166,-0.0572,0.1150,0.1091
2026-02-24,XES,2026-04-17,100.00,Put,0.55,3.00,0.3800,-0.1888,0.0170,-0.0381,0.1146,-0.0289
2026-02-24,XES,2026-04-17,103.00,Call,10.50,13.60,0.3842,0.7548,0.0196,-0.0628,0.1339,0.1031
2026-02-24,XES,2026-04-17,103.00,Put,1.20,4.00,0.3829,-0.2514,0.0200,-0.0448,0.1343,-0.0381
2026-02-24,XES,2026-04-17,105.00,Call,9.10,12.30,0.3845,0.7108,0.0212,-0.0663,0.1453,0.0980
2026-02-24,XES,2026-04-17,105.00,Put,2.00,4.90,0.3974,-0.3011,0.0211,-0.0507,0.1495,-0.0451
2026-02-24,XES,2026-04-17,107.00,Call,8.00,11.00,0.3882,0.6637,0.0224,-0.0695,0.1548,0.0922
2026-02-24,XES,2026-04-17,107.00,Put,2.35,4.90,0.3600,-0.3372,0.0246,-0.0474,0.1561,-0.0493
2026-02-24,XES,2026-04-17,110.00,Call,6.00,9.00,0.3697,0.5937,0.0250,-0.0690,0.1643,0.0839
2026-02-24,XES,2026-04-17,110.00,Put,3.50,6.70,0.3720,-0.4169,0.0256,-0.0517,0.1651,-0.0596
2026-02-24,XES,2026-04-17,111.00,Call,5.70,7.90,0.3590,0.5687,0.0260,-0.0676,0.1665,0.0809
2026-02-24,XES,2026-04-17,111.00,Put,4.00,6.80,0.3608,-0.4428,0.0268,-0.0502,0.1663,-0.0624
2026-02-24,XES,2026-04-17,112.00,Call,5.00,8.00,0.3708,0.5429,0.0254,-0.0695,0.1679,0.0772
2026-02-24,XES,2026-04-17,112.00,Put,4.50,7.80,0.3753,-0.4687,0.0260,-0.0525,0.1675,-0.0657
2026-02-24,XES,2026-04-17,113.00,Call,4.40,7.90,0.3779,0.5184,0.0251,-0.0705,0.1687,0.0738
2026-02-24,XES,2026-04-17,113.00,Put,5.00,8.00,0.3647,-0.4961,0.0269,-0.0507,0.1684,-0.0683
2026-02-24,XES,2026-04-17,114.00,Call,5.40,6.70,0.3983,0.4971,0.0238,-0.0735,0.1688,0.0706
2026-02-24,XES,2026-04-17,114.00,Put,5.50,8.90,0.3727,-0.5207,0.0264,-0.0515,0.1680,-0.0712
2026-02-24,XES,2026-04-17,115.00,Call,4.00,7.00,0.3907,0.4722,0.0242,-0.0716,0.1683,0.0674
2026-02-24,XES,2026-04-17,115.00,Put,6.00,9.00,0.3556,-0.5514,0.0277,-0.0481,0.1659,-0.0732
2026-02-24,XES,2026-04-17,116.00,Call,3.10,6.00,0.3577,0.4389,0.0262,-0.0652,0.1667,0.0634
2026-02-24,XES,2026-04-17,116.00,Put,6.50,10.00,0.3642,-0.5748,0.0269,-0.0486,0.1663,-0.0756
2026-02-24,XES,2026-04-17,118.00,Call,2.15,5.90,0.3696,0.3947,0.0247,-0.0649,0.1627,0.0571
2026-02-24,XES,2026-04-17,118.00,Put,8.10,11.00,0.3645,-0.6253,0.0263,-0.0463,0.1572,-0.0791
2026-02-24,XES,2026-04-17,119.00,Call,2.10,4.90,0.3572,0.3655,0.0250,-0.0611,0.1589,0.0532
2026-02-24,XES,2026-04-17,119.00,Put,8.69,11.80,0.3654,-0.6492,0.0258,-0.0450,0.1572,-0.0806
2026-02-24,XES,2026-04-17,120.00,Call,2.00,4.90,0.3734,0.3512,0.0236,-0.0625,0.1567,0.0510
2026-02-24,XES,2026-04-17,120.00,Put,9.50,11.70,0.3418,-0.6888,0.0268,-0.0389,0.1496,-0.0804
2026-02-24,XES,2026-04-17,125.00,Call,1.00,4.00,0.3954,0.2656,0.0197,-0.0573,0.1385,0.0387
2026-02-24,XES,2026-04-17,125.00,Put,13.30,16.30,0.3663,-0.7806,0.0220,-0.0335,0.1218,-0.0810
2026-02-24,XES,2026-04-17,130.00,Call,0.05,2.70,0.3754,0.1726,0.0161,-0.0420,0.1079,0.0255
2026-02-24,XES,2026-04-17,130.00,Put,17.50,19.89,0.3165,-0.9208,0.0184,-0.0115,0.0630,-0.0478
2026-02-24,XES,2026-04-17,135.00,Call,0.45,2.25,0.4340,0.1525,0.0129,-0.0442,0.0995,0.0223
2026-02-24,XES,2026-04-17,135.00,Put,22.10,24.70,0.4340,-0.8772,0.0142,-0.0260,0.0861,-0.0737
2026-02-25,XES,2026-03-20,80.00,Call,32.29,35.00,0.9662,0.9425,0.0042,-0.0788,0.0329,0.0456
2026-02-25,XES,2026-03-20,80.00,Put,0.00,0.75,0.9662,-0.0579,0.0042,-0.0684,0.0329,-0.0046
2026-02-25,XES,2026-03-20,85.00,Call,27.40,30.10,0.5517,0.9855,0.0023,-0.0234,0.0107,0.0522
2026-02-25,XES,2026-03-20,85.00,Put,0.00,0.75,0.8305,-0.0665,0.0054,-0.0654,0.0367,-0.0052
2026-02-25,XES,2026-03-20,90.00,Call,22.50,25.10,0.4835,0.9771,0.0040,-0.0275,0.0156,0.0547
2026-02-25,XES,2026-03-20,90.00,Put,0.05,0.40,0.4835,-0.0232,0.0040,-0.0161,0.0156,-0.0017
2026-02-25,XES,2026-03-20,95.00,Call,17.50,20.00,0.3465,0.9831,0.0043,-0.0208,0.0121,0.0583
2026-02-25,XES,2026-03-20,95.00,Put,0.10,0.50,0.4583,-0.0523,0.0082,-0.0296,0.0304,-0.0039
2026-02-25,XES,2026-03-20,100.00,Call,13.00,15.40,0.3995,0.9093,0.0144,-0.0516,0.0466,0.0559
2026-02-25,XES,2026-03-20,100.00,Put,0.35,0.85,0.3995,-0.0911,0.0144,-0.0394,0.0469,-0.0063
2026-02-25,XES,2026-03-20,105.00,Call,8.60,11.19,0.3829,0.8107,0.0248,-0.0744,0.0771,0.0516
2026-02-25,XES,2026-03-20,105.00,Put,1.10,2.30,0.4453,-0.2210,0.0236,-0.0792,0.0868,-0.0152
2026-02-25,XES,2026-03-20,110.00,Call,6.10,7.60,0.4265,0.6428,0.0307,-0.1067,0.1062,0.0415
2026-02-25,XES,2026-03-20,110.00,Put,2.00,3.80,0.4038,-0.3538,0.0327,-0.0888,0.1072,-0.0236
2026-02-25,XES,2026-03-20,115.00,Call,2.80,5.00,0.3947,0.4752,0.0354,-0.1035,0.1133,0.0314
2026-02-25,XES,2026-03-20,115.00,Put,4.00,6.50,0.3995,-0.5278,0.0355,-0.0922,0.1130,-0.0335
2026-02-25,XES,2026-03-20,120.00,Call,1.15,3.40,0.4086,0.3184,0.0307,-0.0944,0.1015,0.0212
2026-02-25,XES,2026-03-20,120.00,Put,6.50,9.70,0.3599,-0.7161,0.0343,-0.0677,0.0949,-0.0400
2026-02-25,XES,2026-03-20,125.00,Call,0.05,1.80,0.3162,0.1247,0.0228,-0.0419,0.0584,0.0085
2026-02-25,XES,2026-03-20,125.00,Put,10.19,13.60,0.3162,-0.8908,0.0242,-0.0293,0.0531,-0.0340
2026-02-25,XES,2026-03-20,130.00,Call,0.00,1.80,0.5915,0.2041,0.0168,-0.1064,0.0806,0.0134
2026-02-25,XES,2026-03-20,130.00,Put,14.90,18.20,0.5915,-0.8020,0.0172,-0.0931,0.0770,-0.0458
2026-02-25,XES,2026-03-20,135.00,Call,0.00,0.75,0.4427,0.0683,0.0104,-0.0370,0.0375,0.0046
2026-02-25,XES,2026-03-20,135.00,Put,20.50,23.00,0.4427,-0.9457,0.0112,-0.0235,0.0319,-0.0291
2026-02-25,XES,2026-04-17,85.00,Call,27.20,30.40,0.6088,0.9032,0.0060,-0.0261,0.0665,0.1028
2026-02-25,XES,2026-04-17,85.00,Put,0.00,1.80,0.7000,-0.1113,0.0063,-0.0561,0.0801,-0.0201
2026-02-25,XES,2026-04-17,90.00,Call,22.50,25.30,0.5237,0.8854,0.0081,-0.0263,0.0763,0.1068
2026-02-25,XES,2026-04-17,90.00,Put,0.00,1.85,0.6013,-0.1300,0.0083,-0.0542,0.0875,-0.0230
2026-02-25,XES,2026-04-17,95.00,Call,17.80,20.80,0.4713,0.8474,0.0112,-0.0319,0.0949,0.1072
2026-02-25,XES,2026-04-17,95.00,Put,0.00,2.00,0.5140,-0.1592,0.0110,-0.0533,0.1024,-0.0280
2026-02-25,XES,2026-04-17,98.00,Call,15.40,17.80,0.4396,0.8175,0.0136,-0.0350,0.1076,0.1062
2026-02-25,XES,2026-04-17,98.00,Put,0.05,3.00,0.4072,-0.1563,0.0138,-0.0422,0.1021,-0.0266
2026-02-25,XES,2026-04-17,99.00,Call,14.40,16.89,0.4234,0.8086,0.0146,-0.0350,0.1111,0.1062
2026-02-25,XES,2026-04-17,99.00,Put,0.05,3.00,0.3879,-0.1629,0.0149,-0.0414,0.1027,-0.0277
2026-02-25,XES,2026-04-17,102.00,Call,12.10,15.00,0.4322,0.7515,0.0168,-0.0451,0.1305,0.1000
2026-02-25,XES,2026-04-17,102.00,Put,0.30,3.00,0.3400,-0.1934,0.0190,-0.0408,0.1143,-0.0326
2026-02-25,XES,2026-04-17,105.00,Call,9.80,12.40,0.4021,0.7024,0.0198,-0.0472,0.1435,0.0957
2026-02-25,XES,2026-04-17,105.00,Put,2.10,3.90,0.3789,-0.2785,0.0208,-0.0557,0.1411,-0.0479
2026-02-25,XES,2026-04-17,107.00,Call,8.40,11.00,0.3929,0.6608,0.0215,-0.0499,0.1522,0.0911
2026-02-25,XES,2026-04-17,107.00,Put,2.10,4.90,0.3651,-0.3205,0.0230,-0.0576,0.1493,-0.0553
2026-02-25,XES,2026-04-17,109.00,Call,7.10,9.70,0.3847,0.6156,0.0230,-0.0520,0.1593,0.0857
2026-02-25,XES,2026-04-17,109.00,Put,2.80,5.40,0.3529,-0.3680,0.0250,-0.0588,0.1586,-0.0640
2026-02-25,XES,2026-04-17,110.00,Call,6.50,9.40,0.3910,0.5909,0.0231,-0.0544,0.1623,0.0824
2026-02-25,XES,2026-04-17,110.00,Put,3.50,5.80,0.3597,-0.3950,0.0251,-0.0615,0.1612,-0.0686
2026-02-25,XES,2026-04-17,111.00,Call,6.00,8.90,0.3925,0.5669,0.0233,-0.0558,0.1644,0.0793
2026-02-25,XES,2026-04-17,111.00,Put,3.90,6.50,0.3650,-0.4212,0.0251,-0.0635,0.1647,-0.0735
2026-02-25,XES,2026-04-17,113.00,Call,5.00,7.60,0.3821,0.5184,0.0243,-0.0558,0.1670,0.0732
2026-02-25,XES,2026-04-17,113.00,Put,5.40,7.60,0.3826,-0.4710,0.0244,-0.0678,0.1670,-0.0832
2026-02-25,XES,2026-04-17,114.00,Call,5.10,6.90,0.3911,0.4954,0.0238,-0.0577,0.1672,0.0700
2026-02-25,XES,2026-04-17,114.00,Put,5.70,8.10,0.3740,-0.4966,0.0250,-0.0668,0.1674,-0.0878
2026-02-25,XES,2026-04-17,115.00,Call,4.20,7.20,0.3989,0.4733,0.0233,-0.0592,0.1670,0.0669
2026-02-25,XES,2026-04-17,115.00,Put,6.20,8.60,0.3704,-0.5221,0.0250,-0.0660,0.1668,-0.0930
2026-02-25,XES,2026-04-17,116.00,Call,3.80,6.80,0.3992,0.4506,0.0231,-0.0592,0.1662,0.0639
2026-02-25,XES,2026-04-17,116.00,Put,5.70,9.20,0.3375,-0.5568,0.0273,-0.0607,0.1662,-0.0981
2026-02-25,XES,2026-04-17,117.00,Call,3.50,6.30,0.3983,0.4278,0.0230,-0.0588,0.1648,0.0609
2026-02-25,XES,2026-04-17,117.00,Put,6.10,9.90,0.3329,-0.5849,0.0273,-0.0595,0.1631,-0.1033
2026-02-25,XES,2026-04-17,118.00,Call,3.10,6.10,0.4021,0.4070,0.0225,-0.0590,0.1631,0.0580
2026-02-25,XES,2026-04-17,118.00,Put,6.80,10.00,0.3175,-0.6187,0.0279,-0.0561,0.1583,-0.1092
2026-02-25,XES,2026-04-17,120.00,Call,2.60,4.30,0.3711,0.3497,0.0233,-0.0522,0.1558,0.0505
2026-02-25,XES,2026-04-17,120.00,Put,8.19,11.80,0.3319,-0.6615,0.0256,-0.0565,0.1527,-0.1183
2026-02-25,XES,2026-04-17,125.00,Call,1.70,3.20,0.3907,0.2617,0.0195,-0.0492,0.1372,0.0380
2026-02-25,XES,2026-04-17,125.00,Put,11.70,14.90,0.2899,-0.8054,0.0215,-0.0401,0.1123,-0.1461
2026-02-25,XES,2026-04-17,130.00,Call,0.45,3.00,0.4065,0.1935,0.0158,-0.0437,0.1158,0.0282
2026-02-25,XES,2026-04-17,130.00,Put,16.00,19.39,0.2926,-0.8839,0.0147,-0.0308,0.0771,-0.1643
2026-02-25,XES,2026-04-17,135.00,Call,0.05,2.00,0.4000,0.1286,0.0123,-0.0331,0.0887,0.0189
2026-02-25,XES,2026-04-17,135.00,Put,20.39,23.90,0.2342,-0.9674,0.0053,-0.0142,0.0223,-0.1841
2026-02-26,XES,2026-03-20,80.00,Call,31.20,34.10,0.8505,0.9584,0.0038,-0.0569,0.0245,0.0449
2026-02-26,XES,2026-03-20,80.00,Put,0.00,0.75,0.9619,-0.0599,0.0045,-0.0708,0.0327,-0.0044
2026-02-26,XES,2026-03-20,85.00,Call,26.40,29.10,0.7536,0.9453,0.0053,-0.0620,0.0305,0.0470
2026-02-26,XES,2026-03-20,85.00,Put,0.00,0.75,0.8223,-0.0692,0.0058,-0.0675,0.0366,-0.0051
2026-02-26,XES,2026-03-20,90.00,Call,21.50,24.10,0.6383,0.9324,0.0074,-0.0623,0.0360,0.0491
2026-02-26,XES,2026-03-20,90.00,Put,0.00,0.40,0.5909,-0.0549,0.0068,-0.0402,0.0305,-0.0039
2026-02-26,XES,2026-03-20,95.00,Call,16.60,19.20,0.5344,0.9103,0.0110,-0.0644,0.0446,0.0505
2026-02-26,XES,2026-03-20,95.00,Put,0.10,0.80,0.4867,-0.0721,0.0102,-0.0408,0.0377,-0.0051
2026-02-26,XES,2026-03-20,100.00,Call,12.00,14.40,0.4589,0.8616,0.0175,-0.0735,0.0607,0.0501
2026-02-26,XES,2026-03-20,100.00,Put,0.60,1.00,0.4354,-0.1275,0.0175,-0.0553,0.0580,-0.0084
2026-02-26,XES,2026-03-20,105.00,Call,7.90,10.19,0.4254,0.7569,0.0268,-0.0924,0.0860,0.0455
2026-02-26,XES,2026-03-20,105.00,Put,0.80,2.30,0.3979,-0.2315,0.0280,-0.0731,0.0844,-0.0149
2026-02-26,XES,2026-03-20,110.00,Call,4.80,6.60,0.4115,0.6007,0.0341,-0.1068,0.1061,0.0370
2026-02-26,XES,2026-03-20,110.00,Put,2.75,4.60,0.4344,-0.4045,0.0327,-0.1006,0.1068,-0.0254
2026-02-26,XES,2026-03-20,115.00,Call,2.50,4.09,0.4078,0.4255,0.0349,-0.1053,0.1077,0.0266
2026-02-26,XES,2026-03-20,115.00,Put,5.20,6.20,0.3768,-0.5883,0.0383,-0.0852,0.1078,-0.0341
2026-02-26,XES,2026-03-20,120.00,Call,0.45,2.25,0.3615,0.2407,0.0313,-0.0734,0.0855,0.0154
2026-02-26,XES,2026-03-20,120.00,Put,8.40,10.19,0.3847,-0.7515,0.0312,-0.0684,0.0858,-0.0390
2026-02-26,XES,2026-03-20,125.00,Call,0.30,1.25,0.3259,0.0966,0.0191,-0.0361,0.0470,0.0062
2026-02-26,XES,2026-03-20,125.00,Put,12.20,14.20,0.3259,-0.9193,0.0204,-0.0238,0.0420,-0.0292
2026-02-26,XES,2026-03-20,130.00,Call,0.05,2.30,0.5543,0.1565,0.0157,-0.0851,0.0658,0.0098
2026-02-26,XES,2026-03-20,130.00,Put,16.50,19.20,0.5543,-0.8508,0.0161,-0.0721,0.0666,-0.0419
2026-02-26,XES,2026-03-20,135.00,Call,0.00,0.75,0.5695,0.1059,0.0116,-0.0665,0.0502,0.0066
2026-02-26,XES,2026-03-20,135.00,Put,21.30,24.00,0.5695,-0.9026,0.0121,-0.0531,0.0464,-0.0389
2026-02-26,XES,2026-04-17,85.00,Call,26.30,29.20,0.4978,0.9445,0.0052,-0.0269,0.0452,0.1068
2026-02-26,XES,2026-04-17,85.00,Put,0.05,2.00,0.5928,-0.0830,0.0062,-0.0369,0.0639,-0.0132
2026-02-26,XES,2026-04-17,90.00,Call,21.60,24.40,0.4541,0.9186,0.0078,-0.0326,0.0614,0.1093
2026-02-26,XES,2026-04-17,90.00,Put,0.05,1.95,0.4952,-0.0959,0.0082,-0.0341,0.0705,-0.0160
2026-02-26,XES,2026-04-17,95.00,Call,17.39,19.80,0.4395,0.8661,0.0117,-0.0437,0.0886,0.1073
2026-02-26,XES,2026-04-17,95.00,Put,0.05,3.00,0.4632,-0.1430,0.0118,-0.0423,0.0945,-0.0221
2026-02-26,XES,2026-04-17,98.00,Call,14.80,17.20,0.4204,0.8296,0.0144,-0.0486,0.1042,0.1052
2026-02-26,XES,2026-04-17,98.00,Put,0.20,2.85,0.4042,-0.1608,0.0146,-0.0397,0.1050,-0.0244
2026-02-26,XES,2026-04-17,101.00,Call,12.30,14.80,0.4054,0.7830,0.0173,-0.0537,0.1210,0.1014
2026-02-26,XES,2026-04-17,101.00,Put,1.00,3.30,0.3989,-0.2127,0.0176,-0.0465,0.1245,-0.0320
2026-02-26,XES,2026-04-17,103.00,Call,10.50,13.30,0.3884,0.7500,0.0196,-0.0555,0.1310,0.0987
2026-02-26,XES,2026-04-17,103.00,Put,1.25,4.00,0.3922,-0.2508,0.0197,-0.0499,0.1338,-0.0376
2026-02-26,XES,2026-04-17,106.00,Call,8.50,11.00,0.3778,0.6862,0.0225,-0.0596,0.1464,0.0918
2026-02-26,XES,2026-04-17,106.00,Put,2.20,4.60,0.3770,-0.3132,0.0228,-0.0531,0.1492,-0.0462
2026-02-26,XES,2026-04-17,108.00,Call,7.50,9.80,0.3852,0.6359,0.0234,-0.0638,0.1552,0.0856
2026-02-26,XES,2026-04-17,108.00,Put,2.70,5.40,0.3684,-0.3606,0.0247,-0.0545,0.1557,-0.0527
2026-02-26,XES,2026-04-17,109.00,Call,6.60,9.10,0.3704,0.6137,0.0248,-0.0625,0.1581,0.0833
2026-02-26,XES,2026-04-17,109.00,Put,3.30,5.80,0.3735,-0.3871,0.0250,-0.0564,0.1598,-0.0562
2026-02-26,XES,2026-04-17,110.00,Call,6.00,8.50,0.3671,0.5883,0.0255,-0.0628,0.1608,0.0802
2026-02-26,XES,2026-04-17,110.00,Put,3.90,6.20,0.3761,-0.4131,0.0252,-0.0577,0.1608,-0.0598
2026-02-26,XES,2026-04-17,111.00,Call,5.50,8.19,0.3744,0.5621,0.0253,-0.0646,0.1629,0.0768
2026-02-26,XES,2026-04-17,111.00,Put,4.30,6.70,0.3742,-0.4387,0.0257,-0.0579,0.1633,-0.0631
2026-02-26,XES,2026-04-17,112.00,Call,5.00,7.70,0.3740,0.5365,0.0255,-0.0649,0.1643,0.0735
2026-02-26,XES,2026-04-17,112.00,Put,4.80,7.10,0.3711,-0.4648,0.0261,-0.0578,0.1643,-0.0661
2026-02-26,XES,2026-04-17,113.00,Call,4.50,7.20,0.3720,0.5107,0.0258,-0.0647,0.1649,0.0702
2026-02-26,XES,2026-04-17,113.00,Put,5.30,7.70,0.3720,-0.4907,0.0262,-0.0579,0.1652,-0.0695
2026-02-26,XES,2026-04-17,115.00,Call,3.50,6.00,0.3572,0.4562,0.0267,-0.0616,0.1640,0.0634
2026-02-26,XES,2026-04-17,115.00,Put,6.50,9.10,0.3821,-0.5395,0.0254,-0.0589,0.1652,-0.0753
2026-02-26,XES,2026-04-17,116.00,Call,3.10,5.70,0.3597,0.4312,0.0263,-0.0614,0.1626,0.0600
2026-02-26,XES,2026-04-17,116.00,Put,7.00,9.70,0.3785,-0.5651,0.0255,-0.0576,0.1628,-0.0781
2026-02-26,XES,2026-04-17,117.00,Call,2.75,5.20,0.3561,0.4046,0.0262,-0.0598,0.1603,0.0565
2026-02-26,XES,2026-04-17,117.00,Put,7.80,10.00,0.3738,-0.5913,0.0255,-0.0559,0.1589,-0.0805
2026-02-26,XES,2026-04-17,119.00,Call,2.04,4.60,0.3568,0.3561,0.0251,-0.0574,0.1542,0.0500
2026-02-26,XES,2026-04-17,119.00,Put,9.10,11.30,0.3717,-0.6400,0.0248,-0.0530,0.1540,-0.0849
2026-02-26,XES,2026-04-17,120.00,Call,1.80,4.30,0.3582,0.3335,0.0244,-0.0562,0.1505,0.0469
2026-02-26,XES,2026-04-17,120.00,Put,9.30,11.90,0.3519,-0.6747,0.0254,-0.0477,0.1472,-0.0865
2026-02-26,XES,2026-04-17,125.00,Call,0.55,3.00,0.3508,0.2248,0.0206,-0.0451,0.1241,0.0320
2026-02-26,XES,2026-04-17,125.00,Put,13.40,16.10,0.3768,-0.7629,0.0206,-0.0430,0.1307,-0.0915
2026-02-26,XES,2026-04-17,130.00,Call,0.05,2.60,0.3811,0.1677,0.0158,-0.0407,0.1038,0.0238
2026-02-26,XES,2026-04-17,130.00,Put,17.60,20.00,0.3618,-0.8568,0.0165,-0.0287,0.0960,-0.0859
2026-02-26,XES,2026-04-17,135.00,Call,0.05,2.00,0.4103,0.1286,0.0123,-0.0365,0.0869,0.0183
2026-02-26,XES,2026-04-17,135.00,Put,22.00,24.50,0.3447,-0.9305,0.0118,-0.0146,0.0555,-0.0642
2026-02-27,XES,2026-03-20,80.00,Call,31.40,34.40,0.9923,0.9414,0.0043,-0.0842,0.0319,0.0421
2026-02-27,XES,2026-03-20,80.00,Put,0.00,0.75,0.9923,-0.0588,0.0043,-0.0737,0.0319,-0.0042
2026-02-27,XES,2026-03-20,85.00,Call,26.50,29.20,0.8498,0.9353,0.0057,-0.0963,0.0356,0.0443
2026-02-27,XES,2026-03-20,85.00,Put,0.00,0.75,0.8498,-0.0679,0.0057,-0.0694,0.0361,-0.0045
2026-02-27,XES,2026-03-20,90.00,Call,21.60,24.40,0.4477,0.9880,0.0031,-0.0381,0.0104,0.0511
2026-02-27,XES,2026-03-20,90.00,Put,0.00,0.40,0.6138,-0.0537,0.0065,-0.0412,0.0296,-0.0037
2026-02-27,XES,2026-03-20,95.00,Call,16.30,19.39,0.4943,0.9353,0.0094,-0.0512,0.0344,0.0505
2026-02-27,XES,2026-03-20,95.00,Put,0.05,0.75,0.4943,-0.0651,0.0094,-0.0392,0.0344,-0.0044
2026-02-27,XES,2026-03-20,100.00,Call,11.80,14.90,0.3763,0.9210,0.0149,-0.0626,0.0412,0.0523
2026-02-27,XES,2026-03-20,100.00,Put,0.45,1.10,0.4535,-0.1218,0.0165,-0.0552,0.0556,-0.0077
2026-02-27,XES,2026-03-20,105.00,Call,8.00,10.69,0.4056,0.7900,0.0265,-0.0976,0.0788,0.0461
2026-02-27,XES,2026-03-20,105.00,Put,0.80,2.15,0.4138,-0.2193,0.0267,-0.0724,0.0815,-0.0135
2026-02-27,XES,2026-03-20,110.00,Call,5.20,7.50,0.4419,0.6193,0.0317,-0.1157,0.1035,0.0368
2026-02-27,XES,2026-03-20,110.00,Put,2.45,4.00,0.4242,-0.3797,0.0333,-0.0988,0.1030,-0.0232
2026-02-27,XES,2026-03-20,115.00,Call,2.60,4.20,0.3968,0.4464,0.0369,-0.1132,0.1073,0.0271
2026-02-27,XES,2026-03-20,115.00,Put,4.90,6.20,0.4021,-0.5645,0.0376,-0.0880,0.1064,-0.0305
2026-02-27,XES,2026-03-20,120.00,Call,1.05,3.00,0.4235,0.2944,0.0299,-0.0973,0.0936,0.0180
2026-02-27,XES,2026-03-20,120.00,Put,7.40,10.00,0.3801,-0.7375,0.0328,-0.0714,0.0905,-0.0375
2026-02-27,XES,2026-03-20,125.00,Call,0.65,2.00,0.4645,0.1991,0.0222,-0.0887,0.0757,0.0122
2026-02-27,XES,2026-03-20,125.00,Put,11.40,14.40,0.3992,-0.8507,0.0231,-0.0512,0.0644,-0.0369
2026-02-27,XES,2026-03-20,130.00,Call,0.15,0.90,0.3797,0.0682,0.0127,-0.0329,0.0357,0.0042
2026-02-27,XES,2026-03-20,130.00,Put,16.10,18.80,0.3797,-0.9732,0.0157,-0.0089,0.0178,-0.0101
2026-02-27,XES,2026-03-20,135.00,Call,0.00,0.75,0.5648,0.1079,0.0121,-0.0700,0.0502,0.0066
2026-02-27,XES,2026-03-20,135.00,Put,21.00,23.90,0.5648,-0.9144,0.0131,-0.0427,0.0421,-0.0293
2026-02-27,XES,2026-04-17,85.00,Call,26.70,29.40,0.5118,0.9395,0.0052,-0.0207,0.0461,0.1048
2026-02-27,XES,2026-04-17,85.00,Put,0.05,1.95,0.5972,-0.0812,0.0060,-0.0376,0.0621,-0.0136
2026-02-27,XES,2026-04-17,90.00,Call,21.89,24.60,0.4582,0.9172,0.0076,-0.0251,0.0600,0.1079
2026-02-27,XES,2026-04-17,90.00,Put,0.35,1.10,0.4605,-0.0785,0.0076,-0.0283,0.0605,-0.0129
2026-02-27,XES,2026-04-17,95.00,Call,17.00,20.30,0.4211,0.8763,0.0113,-0.0327,0.0819,0.1079
2026-02-27,XES,2026-04-17,95.00,Put,0.05,1.60,0.3877,-0.1017,0.0110,-0.0288,0.0734,-0.0165
2026-02-27,XES,2026-04-17,99.00,Call,13.60,17.00,0.4104,0.8202,0.0151,-0.0424,0.1062,0.1039
2026-02-27,XES,2026-04-17,99.00,Put,0.15,2.70,0.3822,-0.1598,0.0154,-0.0390,0.1004,-0.0244
2026-02-27,XES,2026-04-17,102.00,Call,11.30,14.60,0.4021,0.7683,0.0180,-0.0491,0.1242,0.0992
2026-02-27,XES,2026-04-17,102.00,Put,1.00,3.20,0.3811,-0.2176,0.0188,-0.0457,0.1247,-0.0323
2026-02-27,XES,2026-04-17,104.00,Call,9.60,12.60,0.3684,0.7410,0.0209,-0.0480,0.1321,0.0975
2026-02-27,XES,2026-04-17,104.00,Put,1.10,3.80,0.3653,-0.2521,0.0211,-0.0490,0.1355,-0.0380
2026-02-27,XES,2026-04-17,106.00,Call,8.50,11.30,0.3783,0.6905,0.0222,-0.0541,0.1443,0.0915
2026-02-27,XES,2026-04-17,106.00,Put,2.30,4.80,0.3965,-0.3101,0.0215,-0.0587,0.1438,-0.0472
2026-02-27,XES,2026-04-17,109.00,Call,6.50,9.40,0.3692,0.6188,0.0247,-0.0576,0.1564,0.0832
2026-02-27,XES,2026-04-17,109.00,Put,3.00,5.60,0.3675,-0.3759,0.0249,-0.0584,0.1565,-0.0563
2026-02-27,XES,2026-04-17,110.00,Call,6.10,8.80,0.3725,0.5927,0.0250,-0.0593,0.1594,0.0799
2026-02-27,XES,2026-04-17,110.00,Put,3.40,6.00,0.3651,-0.4015,0.0256,-0.0591,0.1603,-0.0598
2026-02-27,XES,2026-04-17,111.00,Call,5.50,8.30,0.3711,0.5671,0.0254,-0.0600,0.1616,0.0768
2026-02-27,XES,2026-04-17,111.00,Put,4.00,6.60,0.3734,-0.4281,0.0254,-0.0613,0.1611,-0.0638
2026-02-27,XES,2026-04-17,112.00,Call,5.00,7.80,0.3711,0.5412,0.0256,-0.0606,0.1631,0.0735
2026-02-27,XES,2026-04-17,112.00,Put,4.20,7.10,0.3642,-0.4541,0.0263,-0.0603,0.1634,-0.0673
2026-02-27,XES,2026-04-17,113.00,Call,4.50,7.30,0.3695,0.5153,0.0259,-0.0607,0.1640,0.0703
2026-02-27,XES,2026-04-17,113.00,Put,5.00,7.60,0.3722,-0.4797,0.0259,-0.0620,0.1641,-0.0708
2026-02-27,XES,2026-04-17,114.00,Call,4.30,6.80,0.3754,0.4905,0.0255,-0.0618,0.1641,0.0670
2026-02-27,XES,2026-04-17,114.00,Put,5.40,8.19,0.3695,-0.5058,0.0261,-0.0615,0.1648,-0.0745
2026-02-27,XES,2026-04-17,115.00,Call,4.00,6.50,0.3831,0.4671,0.0249,-0.0630,0.1637,0.0638
2026-02-27,XES,2026-04-17,115.00,Put,6.00,8.69,0.3679,-0.5318,0.0261,-0.0610,0.1639,-0.0778
2026-02-27,XES,2026-04-17,116.00,Call,3.20,5.90,0.3647,0.4373,0.0260,-0.0594,0.1622,0.0602
2026-02-27,XES,2026-04-17,116.00,Put,6.50,9.30,0.3652,-0.5580,0.0261,-0.0601,0.1613,-0.0809
2026-02-27,XES,2026-04-17,118.00,Call,3.00,5.10,0.3788,0.3938,0.0244,-0.0604,0.1585,0.0543
2026-02-27,XES,2026-04-17,118.00,Put,8.00,10.60,0.3734,-0.6041,0.0249,-0.0598,0.1578,-0.0870
2026-02-27,XES,2026-04-17,120.00,Call,2.00,4.50,0.3682,0.3428,0.0240,-0.0562,0.1515,0.0476
2026-02-27,XES,2026-04-17,120.00,Put,9.20,11.90,0.3665,-0.6540,0.0243,-0.0560,0.1529,-0.0926
2026-02-27,XES,2026-04-17,125.00,Call,1.00,4.00,0.4045,0.2642,0.0194,-0.0551,0.1349,0.0367
2026-02-27,XES,2026-04-17,125.00,Put,13.10,16.50,0.4044,-0.7325,0.0196,-0.0548,0.1395,-0.1014
2026-02-27,XES,2026-04-17,130.00,Call,0.05,2.15,0.3950,0.1791,0.0159,-0.0431,0.1080,0.0252
2026-02-27,XES,2026-04-17,130.00,Put,17.00,20.30,0.3864,-0.8233,0.0161,-0.0411,0.1099,-0.1073
2026-02-27,XES,2026-04-17,135.00,Call,0.35,2.00,0.4261,0.1401,0.0126,-0.0405,0.0918,0.0196
2026-02-27,XES,2026-04-17,135.00,Put,21.89,24.50,0.3842,-0.8967,0.0126,-0.0243,0.0777,-0.0820
2026-02-27,XES,2026-04-17,140.00,Call,0.20,2.00,0.4739,0.1223,0.0103,-0.0409,0.0836,0.0170
2026-02-27,XES,2026-04-17,140.00,Put,26.60,29.30,0.3974,-0.9329,0.0095,-0.0174,0.0566,-0.0700
2026-03-02,XES,2026-03-20,80.00,Call,32.00,35.00,1.0219,0.9463,0.0041,-0.0723,0.0267,0.0365
2026-03-02,XES,2026-03-20,80.00,Put,0.00,1.50,1.2829,-0.0887,0.0049,-0.1426,0.0404,-0.0057
2026-03-02,XES,2026-03-20,85.00,Call,27.00,29.70,0.8169,0.9488,0.0049,-0.0554,0.0257,0.0392
2026-03-02,XES,2026-03-20,85.00,Put,0.00,2.00,1.2139,-0.1176,0.0064,-0.1661,0.0496,-0.0072
2026-03-02,XES,2026-03-20,90.00,Call,21.89,25.10,0.7262,0.9291,0.0072,-0.0649,0.0334,0.0405
2026-03-02,XES,2026-03-20,90.00,Put,0.00,0.40,0.7263,-0.0690,0.0072,-0.0667,0.0334,-0.0041
2026-03-02,XES,2026-03-20,95.00,Call,17.30,20.30,0.6573,0.8932,0.0109,-0.0814,0.0458,0.0408
2026-03-02,XES,2026-03-20,95.00,Put,0.05,2.00,0.6868,-0.1138,0.0111,-0.0914,0.0485,-0.0069
2026-03-02,XES,2026-03-20,100.00,Call,12.70,15.70,0.5799,0.8411,0.0164,-0.0955,0.0605,0.0402
2026-03-02,XES,2026-03-20,100.00,Put,0.40,2.00,0.5667,-0.1519,0.0165,-0.0924,0.0599,-0.0086
2026-03-02,XES,2026-03-20,105.00,Call,8.50,11.10,0.4996,0.7598,0.0245,-0.1065,0.0780,0.0378
2026-03-02,XES,2026-03-20,105.00,Put,0.80,3.00,0.5031,-0.2396,0.0245,-0.1083,0.0782,-0.0134
2026-03-02,XES,2026-03-20,110.00,Call,6.20,7.80,0.5457,0.6084,0.0278,-0.1445,0.0965,0.0307
2026-03-02,XES,2026-03-20,110.00,Put,2.80,4.60,0.5078,-0.3853,0.0299,-0.1344,0.0959,-0.0213
2026-03-02,XES,2026-03-20,115.00,Call,3.00,5.00,0.4896,0.4553,0.0320,-0.1341,0.0997,0.0236
2026-03-02,XES,2026-03-20,115.00,Put,5.20,7.40,0.5139,-0.5391,0.0307,-0.1409,0.1001,-0.0292
2026-03-02,XES,2026-03-20,120.00,Call,1.70,3.90,0.5448,0.3303,0.0263,-0.1365,0.0912,0.0171
2026-03-02,XES,2026-03-20,120.00,Put,8.00,10.40,0.4724,-0.6986,0.0293,-0.1131,0.0889,-0.0360
2026-03-02,XES,2026-03-20,125.00,Call,0.15,2.60,0.5096,0.2016,0.0218,-0.0992,0.0708,0.0106
2026-03-02,XES,2026-03-20,125.00,Put,11.70,14.30,0.4479,-0.8325,0.0222,-0.0763,0.0627,-0.0392
2026-03-02,XES,2026-03-20,130.00,Call,0.05,2.50,0.6079,0.1661,0.0162,-0.1049,0.0628,0.0087
2026-03-02,XES,2026-03-20,130.00,Put,16.00,18.60,0.3989,-0.9383,0.0123,-0.0319,0.0317,-0.0345
2026-03-02,XES,2026-03-20,135.00,Call,0.30,2.00,0.6887,0.1390,0.0127,-0.1056,0.0558,0.0072
2026-03-02,XES,2026-03-20,135.00,Put,20.60,23.60,0.3729,-0.9840,0.0048,-0.0089,0.0105,-0.0194
2026-03-02,XES,2026-04-17,85.00,Call,27.00,30.10,0.5820,0.9250,0.0057,-0.0301,0.0537,0.0960
2026-03-02,XES,2026-04-17,85.00,Put,0.05,2.50,0.6630,-0.0927,0.0062,-0.0477,0.0666,-0.0148
2026-03-02,XES,2026-04-17,90.00,Call,22.30,25.60,0.5456,0.8925,0.0081,-0.0390,0.0716,0.0972
2026-03-02,XES,2026-04-17,90.00,Put,0.45,2.80,0.6055,-0.1221,0.0083,-0.0533,0.0816,-0.0183
2026-03-02,XES,2026-04-17,95.00,Call,18.00,21.00,0.5085,0.8475,0.0112,-0.0481,0.0924,0.0964
2026-03-02,XES,2026-04-17,95.00,Put,0.15,3.00,0.4959,-0.1420,0.0113,-0.0485,0.0929,-0.0208
2026-03-02,XES,2026-04-17,99.00,Call,14.70,17.60,0.4841,0.7979,0.0142,-0.0559,0.1112,0.0935
2026-03-02,XES,2026-04-17,99.00,Put,0.45,3.80,0.4664,-0.1899,0.0144,-0.0548,0.1087,-0.0298
2026-03-02,XES,2026-04-17,102.00,Call,12.30,15.80,0.4885,0.7450,0.0161,-0.0652,0.1273,0.0886
2026-03-02,XES,2026-04-17,102.00,Put,1.40,4.09,0.4517,-0.2369,0.0170,-0.0607,0.1226,-0.0345
2026-03-02,XES,2026-04-17,104.00,Call,11.00,13.80,0.4653,0.7149,0.0179,-0.0660,0.1348,0.0864
2026-03-02,XES,2026-04-17,104.00,Put,1.95,4.70,0.4485,-0.2747,0.0185,-0.0651,0.1314,-0.0399
2026-03-02,XES,2026-04-17,106.00,Call,9.50,12.30,0.4493,0.6788,0.0196,-0.0675,0.1424,0.0832
2026-03-02,XES,2026-04-17,106.00,Put,2.90,5.30,0.4534,-0.3170,0.0196,-0.0703,0.1451,-0.0458
2026-03-02,XES,2026-04-17,109.00,Call,7.50,10.40,0.4368,0.6161,0.0216,-0.0705,0.1522,0.0767
2026-03-02,XES,2026-04-17,109.00,Put,4.09,6.50,0.4512,-0.3807,0.0210,-0.0746,0.1517,-0.0549
2026-03-02,XES,2026-04-17,110.00,Call,7.00,9.80,0.4365,0.5937,0.0219,-0.0717,0.1547,0.0742
2026-03-02,XES,2026-04-17,110.00,Put,4.50,7.30,0.4604,-0.4031,0.0209,-0.0773,0.1554,-0.0581
2026-03-02,XES,2026-04-17,111.00,Call,6.50,9.30,0.4378,0.5710,0.0221,-0.0729,0.1567,0.0716
2026-03-02,XES,2026-04-17,111.00,Put,4.80,7.80,0.4558,-0.4245,0.0214,-0.0775,0.1561,-0.0610
2026-03-02,XES,2026-04-17,112.00,Call,6.00,8.60,0.4314,0.5483,0.0227,-0.0726,0.1581,0.0691
2026-03-02,XES,2026-04-17,112.00,Put,5.00,7.90,0.4333,-0.4468,0.0227,-0.0743,0.1584,-0.0637
2026-03-02,XES,2026-04-17,113.00,Call,5.50,8.19,0.4331,0.5256,0.0227,-0.0733,0.1590,0.0664
2026-03-02,XES,2026-04-17,113.00,Put,5.60,8.30,0.4325,-0.4697,0.0229,-0.0746,0.1591,-0.0665
2026-03-02,XES,2026-04-17,114.00,Call,5.00,7.70,0.4302,0.5025,0.0229,-0.0731,0.1594,0.0637
2026-03-02,XES,2026-04-17,114.00,Put,6.00,9.20,0.4388,-0.4916,0.0226,-0.0758,0.1598,-0.0698
2026-03-02,XES,2026-04-17,115.00,Call,4.50,7.30,0.4290,0.4796,0.0230,-0.0729,0.1592,0.0610
2026-03-02,XES,2026-04-17,115.00,Put,6.60,9.30,0.4254,-0.5163,0.0233,-0.0735,0.1589,-0.0726
2026-03-02,XES,2026-04-17,117.00,Call,3.60,6.80,0.4351,0.4368,0.0224,-0.0733,0.1575,0.0558
2026-03-02,XES,2026-04-17,117.00,Put,7.50,10.69,0.4224,-0.5623,0.0232,-0.0720,0.1571,-0.0784
2026-03-02,XES,2026-04-17,118.00,Call,3.30,6.30,0.4329,0.4146,0.0223,-0.0722,0.1559,0.0531
2026-03-02,XES,2026-04-17,118.00,Put,8.40,11.40,0.4335,-0.5808,0.0224,-0.0732,0.1577,-0.0811
2026-03-02,XES,2026-04-17,120.00,Call,2.65,5.60,0.4328,0.3727,0.0216,-0.0702,0.1515,0.0480
2026-03-02,XES,2026-04-17,120.00,Put,9.60,12.40,0.4192,-0.6289,0.0224,-0.0683,0.1499,-0.0861
2026-03-02,XES,2026-04-17,125.00,Call,1.45,4.50,0.4479,0.2864,0.0188,-0.0655,0.1363,0.0371
2026-03-02,XES,2026-04-17,125.00,Put,13.20,16.10,0.4190,-0.7263,0.0197,-0.0597,0.1353,-0.0962
2026-03-02,XES,2026-04-17,130.00,Call,0.50,3.80,0.4627,0.2180,0.0158,-0.0587,0.1181,0.0284
2026-03-02,XES,2026-04-17,130.00,Put,17.10,20.10,0.4099,-0.8125,0.0163,-0.0467,0.1083,-0.1011
2026-03-02,XES,2026-04-17,135.00,Call,1.40,3.20,0.5460,0.2040,0.0128,-0.0667,0.1135,0.0262
2026-03-02,XES,2026-04-17,135.00,Put,21.39,24.50,0.4061,-0.8765,0.0125,-0.0345,0.0789,-0.0998
2026-03-02,XES,2026-04-17,140.00,Call,0.05,2.60,0.5121,0.1371,0.0106,-0.0485,0.0880,0.0179
2026-03-02,XES,2026-04-17,140.00,Put,25.80,29.10,0.3861,-0.9324,0.0085,-0.0203,0.0520,-0.0881
2026-03-03,XES,2026-03-20,80.00,Call,30.40,32.79,1.0685,0.9358,0.0048,-0.0902,0.0294,0.0335
2026-03-03,XES,2026-03-20,80.00,Put,0.00,1.50,1.2810,-0.0931,0.0054,-0.1500,0.0398,-0.0054
2026-03-03,XES,2026-03-20,85.00,Call,25.90,27.80,0.9769,0.9128,0.0066,-0.1056,0.0373,0.0345
2026-03-03,XES,2026-03-20,85.00,Put,0.10,0.55,0.9769,-0.0852,0.0066,-0.1073,0.0378,-0.0046
2026-03-03,XES,2026-03-20,90.00,Call,20.60,23.00,0.8003,0.9011,0.0089,-0.0955,0.0410,0.0363
2026-03-03,XES,2026-03-20,90.00,Put,0.00,0.60,0.7051,-0.0747,0.0083,-0.0705,0.0337,-0.0041
2026-03-03,XES,2026-03-20,95.00,Call,15.70,18.30,0.6822,0.8684,0.0129,-0.1006,0.0505,0.0368
2026-03-03,XES,2026-03-20,95.00,Put,0.15,0.65,0.6822,-0.1297,0.0129,-0.1015,0.0505,-0.0068
2026-03-03,XES,2026-03-20,100.00,Call,11.50,13.70,0.6139,0.8003,0.0189,-0.1197,0.0664,0.0353
2026-03-03,XES,2026-03-20,100.00,Put,0.20,2.80,0.5790,-0.1860,0.0194,-0.1093,0.0628,-0.0096
2026-03-03,XES,2026-03-20,105.00,Call,7.40,9.80,0.5542,0.6962,0.0263,-0.1358,0.0832,0.0318
2026-03-03,XES,2026-03-20,105.00,Put,1.65,2.60,0.4816,-0.2811,0.0294,-0.1144,0.0795,-0.0143
2026-03-03,XES,2026-03-20,110.00,Call,4.50,5.50,0.4791,0.5508,0.0344,-0.1333,0.0943,0.0260
2026-03-03,XES,2026-03-20,110.00,Put,3.30,5.20,0.4934,-0.4480,0.0336,-0.1371,0.0946,-0.0223
2026-03-03,XES,2026-03-20,115.00,Call,2.50,4.20,0.5306,0.3965,0.0303,-0.1439,0.0920,0.0188
2026-03-03,XES,2026-03-20,115.00,Put,5.90,7.70,0.4587,-0.6244,0.0347,-0.1217,0.0912,-0.0300
2026-03-03,XES,2026-03-20,120.00,Call,0.90,3.20,0.5482,0.2708,0.0252,-0.1278,0.0790,0.0130
2026-03-03,XES,2026-03-20,120.00,Put,9.30,11.19,0.4271,-0.7912,0.0282,-0.0850,0.0689,-0.0350
2026-03-03,XES,2026-03-20,125.00,Call,0.45,2.50,0.6032,0.1957,0.0191,-0.1173,0.0660,0.0093
2026-03-03,XES,2026-03-20,125.00,Put,13.20,15.30,0.3272,-0.9532,0.0129,-0.0210,0.0250,-0.0278
2026-03-03,XES,2026-03-20,130.00,Call,0.20,2.15,0.6683,0.1509,0.0146,-0.1102,0.0559,0.0072
2026-03-03,XES,2026-03-20,130.00,Put,17.50,20.39,0.6683,-0.8492,0.0147,-0.1080,0.0590,-0.0383
2026-03-03,XES,2026-03-20,135.00,Call,0.00,2.00,0.9132,0.1835,0.0121,-0.1707,0.0634,0.0085
2026-03-03,XES,2026-03-20,135.00,Put,22.39,25.30,0.9132,-0.8164,0.0122,-0.1684,0.0663,-0.0404
2026-03-03,XES,2026-04-17,85.00,Call,25.50,28.40,0.5663,0.9264,0.0062,-0.0397,0.0537,0.0933
2026-03-03,XES,2026-04-17,85.00,Put,0.15,2.50,0.6561,-0.0990,0.0068,-0.0486,0.0681,-0.0141
2026-03-03,XES,2026-04-17,90.00,Call,20.89,23.80,0.5278,0.8916,0.0090,-0.0482,0.0719,0.0942
2026-03-03,XES,2026-04-17,90.00,Put,0.05,1.50,0.5278,-0.1074,0.0090,-0.0413,0.0704,-0.0150
2026-03-03,XES,2026-04-17,95.00,Call,16.60,19.50,0.5037,0.8367,0.0125,-0.0594,0.0956,0.0920
2026-03-03,XES,2026-04-17,95.00,Put,0.65,3.60,0.5333,-0.1739,0.0124,-0.0577,0.0979,-0.0242
2026-03-03,XES,2026-04-17,98.00,Call,14.10,16.60,0.4654,0.8045,0.0151,-0.0613,0.1071,0.0909
2026-03-03,XES,2026-04-17,98.00,Put,0.85,4.09,0.4979,-0.2076,0.0148,-0.0599,0.1144,-0.0284
2026-03-03,XES,2026-04-17,100.00,Call,12.60,15.50,0.4795,0.7636,0.0164,-0.0694,0.1196,0.0869
2026-03-03,XES,2026-04-17,100.00,Put,1.15,4.50,0.4803,-0.2364,0.0166,-0.0620,0.1177,-0.0322
2026-03-03,XES,2026-04-17,103.00,Call,10.30,13.00,0.4514,0.7144,0.0193,-0.0717,0.1319,0.0832
2026-03-03,XES,2026-04-17,103.00,Put,2.04,4.80,0.4525,-0.2862,0.0194,-0.0641,0.1332,-0.0384
2026-03-03,XES,2026-04-17,105.00,Call,9.00,12.00,0.4597,0.6700,0.0202,-0.0770,0.1407,0.0785
2026-03-03,XES,2026-04-17,105.00,Put,3.10,5.80,0.4736,-0.3334,0.0199,-0.0716,0.1404,-0.0448
2026-03-03,XES,2026-04-17,107.00,Call,7.90,10.60,0.4542,0.6275,0.0213,-0.0791,0.1470,0.0743
2026-03-03,XES,2026-04-17,107.00,Put,3.60,6.50,0.4578,-0.3739,0.0214,-0.0717,0.1464,-0.0496
2026-03-03,XES,2026-04-17,108.00,Call,7.30,10.10,0.4544,0.6052,0.0217,-0.0803,0.1496,0.0719
2026-03-03,XES,2026-04-17,108.00,Put,4.00,6.60,0.4446,-0.3950,0.0224,-0.0706,0.1502,-0.0519
2026-03-03,XES,2026-04-17,109.00,Call,6.80,9.40,0.4497,0.5830,0.0222,-0.0804,0.1517,0.0696
2026-03-03,XES,2026-04-17,109.00,Put,4.60,7.30,0.4570,-0.4186,0.0222,-0.0736,0.1512,-0.0549
2026-03-03,XES,2026-04-17,110.00,Call,6.30,8.90,0.4502,0.5604,0.0224,-0.0811,0.1533,0.0671
2026-03-03,XES,2026-04-17,110.00,Put,5.00,7.90,0.4571,-0.4411,0.0224,-0.0741,0.1535,-0.0576
2026-03-03,XES,2026-04-17,111.00,Call,5.90,8.50,0.4557,0.5380,0.0223,-0.0825,0.1544,0.0646
2026-03-03,XES,2026-04-17,111.00,Put,5.50,8.19,0.4500,-0.4641,0.0229,-0.0733,0.1543,-0.0600
2026-03-03,XES,2026-04-17,113.00,Call,5.10,7.60,0.4590,0.4941,0.0223,-0.0831,0.1551,0.0596
2026-03-03,XES,2026-04-17,113.00,Put,7.00,9.40,0.4663,-0.5070,0.0222,-0.0760,0.1544,-0.0652
2026-03-03,XES,2026-04-17,114.00,Call,4.30,7.20,0.4472,0.4699,0.0228,-0.0807,0.1546,0.0571
2026-03-03,XES,2026-04-17,114.00,Put,7.70,9.80,0.4642,-0.5291,0.0223,-0.0753,0.1552,-0.0676
2026-03-03,XES,2026-04-17,115.00,Call,4.09,6.80,0.4534,0.4494,0.0224,-0.0812,0.1538,0.0546
2026-03-03,XES,2026-04-17,115.00,Put,7.50,10.40,0.4379,-0.5574,0.0235,-0.0699,0.1530,-0.0698
2026-03-03,XES,2026-04-17,116.00,Call,3.60,6.40,0.4485,0.4265,0.0224,-0.0795,0.1525,0.0521
2026-03-03,XES,2026-04-17,116.00,Put,8.10,11.00,0.4367,-0.5805,0.0234,-0.0689,0.1535,-0.0718
2026-03-03,XES,2026-04-17,118.00,Call,3.00,5.60,0.4478,0.3842,0.0219,-0.0771,0.1485,0.0471
2026-03-03,XES,2026-04-17,118.00,Put,9.20,12.20,0.4252,-0.6290,0.0233,-0.0642,0.1449,-0.0757
2026-03-03,XES,2026-04-17,120.00,Call,2.40,5.00,0.4486,0.3444,0.0210,-0.0742,0.1432,0.0424
2026-03-03,XES,2026-04-17,120.00,Put,10.60,13.60,0.4238,-0.6728,0.0224,-0.0605,0.1389,-0.0789
2026-03-03,XES,2026-04-17,125.00,Call,1.50,2.90,0.4264,0.2414,0.0187,-0.0595,0.1213,0.0302
2026-03-03,XES,2026-04-17,125.00,Put,14.20,17.20,0.4054,-0.7798,0.0197,-0.0458,0.1142,-0.0818
2026-03-03,XES,2026-04-17,130.00,Call,0.05,3.50,0.4646,0.1916,0.0150,-0.0564,0.1061,0.0239
2026-03-03,XES,2026-04-17,130.00,Put,18.39,21.30,0.3926,-0.8667,0.0156,-0.0305,0.0835,-0.0756
2026-03-03,XES,2026-04-17,135.00,Call,0.70,2.90,0.5347,0.1747,0.0123,-0.0610,0.1001,0.0216
2026-03-03,XES,2026-04-17,135.00,Put,23.10,25.80,0.3958,-0.9216,0.0116,-0.0197,0.0574,-0.0627
2026-03-03,XES,2026-04-17,140.00,Call,0.30,2.50,0.5531,0.1388,0.0102,-0.0541,0.0861,0.0172
2026-03-03,XES,2026-04-17,140.00,Put,27.80,30.50,0.3472,-0.9917,0.0060,-0.0021,0.0103,-0.0056
2026-03-04,XES,2026-03-20,80.00,Call,30.30,33.29,1.3459,0.9094,0.0052,-0.1710,0.0382,0.0298
2026-03-04,XES,2026-03-20,80.00,Put,0.00,1.50,1.3459,-0.0910,0.0052,-0.1598,0.0382,-0.0051
2026-03-04,XES,2026-03-20,85.00,Call,25.40,28.20,0.9570,0.9305,0.0060,-0.1046,0.0313,0.0333
2026-03-04,XES,2026-03-20,85.00,Put,0.00,0.75,0.9570,-0.0699,0.0060,-0.0929,0.0313,-0.0037
2026-03-04,XES,2026-03-20,90.00,Call,20.70,23.40,0.5503,0.9751,0.0045,-0.0356,0.0138,0.0380
2026-03-04,XES,2026-03-20,90.00,Put,0.05,0.75,0.5503,-0.0253,0.0045,-0.0234,0.0138,-0.0012
2026-03-04,XES,2026-03-20,95.00,Call,16.20,18.60,0.5695,0.9252,0.0106,-0.0707,0.0331,0.0375
2026-03-04,XES,2026-03-20,95.00,Put,0.20,0.90,0.5927,-0.0827,0.0110,-0.0649,0.0356,-0.0042
2026-03-04,XES,2026-03-20,100.00,Call,11.70,13.90,0.5150,0.8653,0.0180,-0.0931,0.0507,0.0366
2026-03-04,XES,2026-03-20,100.00,Put,0.30,2.00,0.5683,-0.1563,0.0181,-0.0978,0.0551,-0.0075
2026-03-04,XES,2026-03-20,105.00,Call,7.60,9.80,0.4850,0.7531,0.0278,-0.1221,0.0738,0.0329
2026-03-04,XES,2026-03-20,105.00,Put,1.00,2.25,0.4664,-0.2406,0.0287,-0.1032,0.0721,-0.0113
2026-03-04,XES,2026-03-20,110.00,Call,4.40,6.10,0.4547,0.5924,0.0365,-0.1373,0.0907,0.0266
2026-03-04,XES,2026-03-20,110.00,Put,2.75,3.90,0.4562,-0.4098,0.0368,-0.1247,0.0910,-0.0186
2026-03-04,XES,2026-03-20,115.00,Call,1.80,4.20,0.4606,0.4091,0.0361,-0.1366,0.0908,0.0186
2026-03-04,XES,2026-03-20,115.00,Put,5.10,6.90,0.4539,-0.5965,0.0371,-0.1215,0.0904,-0.0255
2026-03-04,XES,2026-03-20,120.00,Call,0.40,3.00,0.4822,0.2619,0.0289,-0.1185,0.0760,0.0120
2026-03-04,XES,2026-03-20,120.00,Put,8.30,10.30,0.4170,-0.7806,0.0315,-0.0816,0.0674,-0.0288
2026-03-04,XES,2026-03-20,125.00,Call,0.25,1.90,0.5256,0.1717,0.0207,-0.1003,0.0595,0.0079
2026-03-04,XES,2026-03-20,125.00,Put,12.50,14.60,0.4015,-0.9091,0.0198,-0.0401,0.0377,-0.0245
2026-03-04,XES,2026-03-20,130.00,Call,0.20,1.75,0.6222,0.1393,0.0152,-0.1029,0.0518,0.0063
2026-03-04,XES,2026-03-20,130.00,Put,16.89,19.50,0.6222,-0.8667,0.0155,-0.0887,0.0510,-0.0308
2026-03-04,XES,2026-03-20,135.00,Call,0.05,0.95,0.5571,0.0608,0.0092,-0.0499,0.0281,0.0028
2026-03-04,XES,2026-03-20,135.00,Put,21.89,25.00,0.5571,-0.9488,0.0097,-0.0353,0.0240,-0.0224
2026-03-04,XES,2026-04-17,80.00,Call,30.90,33.60,0.6586,0.9379,0.0044,-0.0296,0.0445,0.0873
2026-03-04,XES,2026-04-17,80.00,Put,0.00,2.30,0.9229,-0.1138,0.0053,-0.0784,0.0741,-0.0170
2026-03-04,XES,2026-04-17,85.00,Call,26.10,28.70,0.5857,0.9215,0.0061,-0.0328,0.0541,0.0910
2026-03-04,XES,2026-04-17,85.00,Put,0.20,0.85,0.5857,-0.0737,0.0061,-0.0360,0.0541,-0.0109
2026-03-04,XES,2026-04-17,90.00,Call,21.39,23.70,0.5091,0.9009,0.0085,-0.0350,0.0651,0.0940
2026-03-04,XES,2026-04-17,90.00,Put,0.50,1.95,0.5502,-0.1094,0.0087,-0.0453,0.0725,-0.0161
2026-03-04,XES,2026-04-17,95.00,Call,16.80,19.39,0.4769,0.8517,0.0122,-0.0452,0.0876,0.0928
2026-03-04,XES,2026-04-17,95.00,Put,0.05,2.50,0.4541,-0.1333,0.0122,-0.0431,0.0816,-0.0183
2026-03-04,XES,2026-04-17,98.00,Call,14.30,16.89,0.4629,0.8108,0.0148,-0.0523,0.1031,0.0903
2026-03-04,XES,2026-04-17,98.00,Put,0.30,3.00,0.4322,-0.1706,0.0151,-0.0483,0.1003,-0.0232
2026-03-04,XES,2026-04-17,100.00,Call,12.70,15.20,0.4489,0.7811,0.0167,-0.0558,0.1128,0.0883
2026-03-04,XES,2026-04-17,100.00,Put,1.00,3.90,0.4623,-0.2193,0.0165,-0.0602,0.1177,-0.0299
2026-03-04,XES,2026-04-17,102.00,Call,11.19,13.70,0.4427,0.7445,0.0185,-0.0603,0.1231,0.0852
2026-03-04,XES,2026-04-17,102.00,Put,1.25,4.00,0.4293,-0.2455,0.0189,-0.0595,0.1204,-0.0333
2026-03-04,XES,2026-04-17,105.00,Call,9.00,11.70,0.4339,0.6834,0.0209,-0.0661,0.1367,0.0795
2026-03-04,XES,2026-04-17,105.00,Put,3.10,4.30,0.4354,-0.3123,0.0210,-0.0679,0.1348,-0.0423
2026-03-04,XES,2026-04-17,107.00,Call,7.70,10.40,0.4276,0.6391,0.0224,-0.0688,0.1440,0.0751
2026-03-04,XES,2026-04-17,107.00,Put,3.20,5.80,0.4365,-0.3579,0.0221,-0.0717,0.1459,-0.0482
2026-03-04,XES,2026-04-17,108.00,Call,7.00,9.80,0.4222,0.6163,0.0231,-0.0694,0.1470,0.0728
2026-03-04,XES,2026-04-17,108.00,Put,3.60,5.70,0.4175,-0.3785,0.0235,-0.0698,0.1466,-0.0508
2026-03-04,XES,2026-04-17,109.00,Call,6.50,9.20,0.4221,0.5923,0.0235,-0.0707,0.1495,0.0702
2026-03-04,XES,2026-04-17,109.00,Put,3.90,6.20,0.4144,-0.4025,0.0241,-0.0705,0.1502,-0.0537
2026-03-04,XES,2026-04-17,110.00,Call,5.80,8.60,0.4136,0.5683,0.0243,-0.0702,0.1515,0.0678
2026-03-04,XES,2026-04-17,110.00,Put,4.40,7.10,0.4297,-0.4277,0.0236,-0.0741,0.1509,-0.0572
2026-03-04,XES,2026-04-17,111.00,Call,5.30,8.10,0.4136,0.5436,0.0245,-0.0710,0.1529,0.0650
2026-03-04,XES,2026-04-17,111.00,Put,4.70,7.50,0.4196,-0.4519,0.0243,-0.0729,0.1531,-0.0601
2026-03-04,XES,2026-04-17,112.00,Call,4.90,7.40,0.4086,0.5184,0.0250,-0.0706,0.1537,0.0623
2026-03-04,XES,2026-04-17,112.00,Put,5.20,7.60,0.4054,-0.4776,0.0253,-0.0709,0.1538,-0.0629
2026-03-04,XES,2026-04-17,114.00,Call,4.00,6.40,0.4038,0.4679,0.0252,-0.0697,0.1535,0.0567
2026-03-04,XES,2026-04-17,114.00,Put,6.40,8.50,0.4008,-0.5286,0.0256,-0.0699,0.1536,-0.0690
2026-03-04,XES,2026-04-17,115.00,Call,3.50,5.90,0.3972,0.4415,0.0255,-0.0682,0.1524,0.0537
2026-03-04,XES,2026-04-17,115.00,Put,6.70,9.10,0.3915,-0.5561,0.0260,-0.0677,0.1513,-0.0719
2026-03-04,XES,2026-04-17,116.00,Call,3.20,5.50,0.3990,0.4175,0.0251,-0.0678,0.1508,0.0509
2026-03-04,XES,2026-04-17,116.00,Put,7.60,10.19,0.4164,-0.5728,0.0243,-0.0714,0.1519,-0.0746
2026-03-04,XES,2026-04-17,118.00,Call,2.40,5.10,0.4047,0.3727,0.0240,-0.0667,0.1462,0.0456
2026-03-04,XES,2026-04-17,118.00,Put,8.90,10.90,0.3963,-0.6273,0.0246,-0.0655,0.1486,-0.0799
2026-03-04,XES,2026-04-17,120.00,Call,1.65,4.70,0.4065,0.3295,0.0228,-0.0642,0.1399,0.0405
2026-03-04,XES,2026-04-17,120.00,Put,10.00,12.60,0.3963,-0.6724,0.0235,-0.0623,0.1369,-0.0843
2026-03-04,XES,2026-04-17,125.00,Call,1.60,2.55,0.4126,0.2366,0.0192,-0.0556,0.1193,0.0293
2026-03-04,XES,2026-04-17,125.00,Put,13.70,16.30,0.3845,-0.7792,0.0199,-0.0491,0.1131,-0.0920
2026-03-04,XES,2026-04-17,130.00,Call,0.05,2.80,0.4282,0.1711,0.0152,-0.0476,0.0983,0.0213
2026-03-04,XES,2026-04-17,130.00,Put,18.00,20.50,0.3838,-0.8569,0.0152,-0.0367,0.0850,-0.0929
2026-03-04,XES,2026-04-17,135.00,Call,0.40,2.00,0.4691,0.1389,0.0121,-0.0455,0.0857,0.0172
2026-03-04,XES,2026-04-17,135.00,Put,22.39,24.90,0.3586,-0.9277,0.0100,-0.0201,0.0551,-0.0817
2026-03-04,XES,2026-04-17,140.00,Call,0.05,1.75,0.4891,0.1060,0.0096,-0.0393,0.0709,0.0131
2026-03-04,XES,2026-04-17,140.00,Put,27.00,30.50,0.4318,-0.9240,0.0087,-0.0252,0.0585,-0.0861
2026-03-04,XES,2026-04-17,145.00,Call,0.05,1.25,0.5022,0.0789,0.0075,-0.0324,0.0570,0.0098
2026-03-04,XES,2026-04-17,145.00,Put,32.00,34.40,0.5022,-0.9208,0.0077,-0.0303,0.0595,-0.0903
2026-03-05,XES,2026-03-20,80.00,Call,29.70,32.50,1.1306,0.9414,0.0047,-0.1327,0.0275,0.0300
2026-03-05,XES,2026-03-20,80.00,Put,0.00,0.75,1.1305,-0.0619,0.0047,-0.1002,0.0275,-0.0031
2026-03-05,XES,2026-03-20,85.00,Call,24.70,27.50,0.9618,0.9315,0.0063,-0.1282,0.0309,0.0317
2026-03-05,XES,2026-03-20,85.00,Put,0.00,0.75,0.9618,-0.0716,0.0063,-0.0953,0.0304,-0.0034
2026-03-05,XES,2026-03-20,90.00,Call,20.00,22.60,0.5873,0.9688,0.0057,-0.0655,0.0172,0.0357
2026-03-05,XES,2026-03-20,90.00,Put,0.15,1.75,0.8530,-0.0971,0.0089,-0.1059,0.0403,-0.0045
2026-03-05,XES,2026-03-20,95.00,Call,15.10,17.80,0.5187,0.9408,0.0105,-0.0791,0.0277,0.0364
2026-03-05,XES,2026-03-20,95.00,Put,0.10,0.90,0.5187,-0.0625,0.0105,-0.0453,0.0272,-0.0028
2026-03-05,XES,2026-03-20,100.00,Call,10.69,13.20,0.4975,0.8653,0.0196,-0.1110,0.0497,0.0348
2026-03-05,XES,2026-03-20,100.00,Put,0.35,1.10,0.4763,-0.1291,0.0197,-0.0703,0.0469,-0.0057
2026-03-05,XES,2026-03-20,105.00,Call,6.10,9.30,0.4426,0.7525,0.0319,-0.1307,0.0719,0.0314
2026-03-05,XES,2026-03-20,105.00,Put,0.80,2.55,0.4557,-0.2584,0.0318,-0.1014,0.0734,-0.0111
2026-03-05,XES,2026-03-20,110.00,Call,3.50,5.70,0.4454,0.5651,0.0393,-0.1503,0.0892,0.0241
2026-03-05,XES,2026-03-20,110.00,Put,2.70,4.50,0.4573,-0.4441,0.0391,-0.1211,0.0892,-0.0180
2026-03-05,XES,2026-03-20,115.00,Call,2.10,3.40,0.4800,0.3836,0.0353,-0.1497,0.0863,0.0165
2026-03-05,XES,2026-03-20,115.00,Put,4.70,7.60,0.4182,-0.6531,0.0413,-0.0973,0.0835,-0.0232
2026-03-05,XES,2026-03-20,120.00,Call,0.65,2.25,0.4874,0.2362,0.0280,-0.1199,0.0696,0.0102
2026-03-05,XES,2026-03-20,120.00,Put,8.50,11.19,0.3936,-0.8455,0.0321,-0.0523,0.0531,-0.0216
2026-03-05,XES,2026-03-20,125.00,Call,0.20,1.90,0.5581,0.1654,0.0197,-0.1089,0.0561,0.0071
2026-03-05,XES,2026-03-20,125.00,Put,12.90,15.60,0.5581,-0.8531,0.0208,-0.0770,0.0529,-0.0243
2026-03-05,XES,2026-03-20,130.00,Call,0.10,0.75,0.5873,0.1058,0.0138,-0.0831,0.0413,0.0046
2026-03-05,XES,2026-03-20,130.00,Put,17.60,20.50,0.5869,-0.9151,0.0149,-0.0516,0.0349,-0.0206
2026-03-05,XES,2026-03-20,135.00,Call,0.05,0.75,0.6145,0.0686,0.0095,-0.0627,0.0298,0.0029
2026-03-05,XES,2026-03-20,135.00,Put,22.60,25.30,0.6145,-0.9553,0.0105,-0.0303,0.0221,-0.0149
2026-03-05,XES,2026-04-17,80.00,Call,29.60,32.79,0.6765,0.9427,0.0047,-0.0535,0.0462,0.0853
2026-03-05,XES,2026-04-17,80.00,Put,0.00,0.75,0.6765,-0.0614,0.0047,-0.0347,0.0462,-0.0089
2026-03-05,XES,2026-04-17,85.00,Call,24.90,28.00,0.3045,1.0000,0.0010,-0.0207,0.0045,0.0996
2026-03-05,XES,2026-04-17,85.00,Put,0.10,1.05,0.5406,-0.0601,0.0058,-0.0272,0.0461,-0.0080
2026-03-05,XES,2026-04-17,90.00,Call,20.30,23.40,0.4104,0.9481,0.0072,-0.0389,0.0429,0.0982
2026-03-05,XES,2026-04-17,90.00,Put,0.10,1.95,0.5231,-0.1005,0.0089,-0.0385,0.0667,-0.0132
2026-03-05,XES,2026-04-17,95.00,Call,16.00,19.00,0.4239,0.8835,0.0124,-0.0550,0.0764,0.0949
2026-03-05,XES,2026-04-17,95.00,Put,0.05,2.50,0.4545,-0.1359,0.0127,-0.0409,0.0848,-0.0175
2026-03-05,XES,2026-04-17,98.00,Call,13.20,16.50,0.4029,0.8457,0.0157,-0.0599,0.0921,0.0931
2026-03-05,XES,2026-04-17,98.00,Put,0.25,2.65,0.4111,-0.1641,0.0159,-0.0415,0.0946,-0.0208
2026-03-05,XES,2026-04-17,100.00,Call,11.80,15.00,0.4136,0.8026,0.0178,-0.0674,0.1071,0.0892
2026-03-05,XES,2026-04-17,100.00,Put,1.00,3.20,0.4303,-0.2111,0.0178,-0.0506,0.1123,-0.0267
2026-03-05,XES,2026-04-17,102.00,Call,10.10,13.00,0.3807,0.7762,0.0208,-0.0665,0.1151,0.0879
2026-03-05,XES,2026-04-17,102.00,Put,1.00,3.90,0.4133,-0.2454,0.0203,-0.0525,0.1211,-0.0306
2026-03-05,XES,2026-04-17,105.00,Call,8.10,11.60,0.4085,0.6946,0.0227,-0.0777,0.1344,0.0792
2026-03-05,XES,2026-04-17,105.00,Put,3.10,5.00,0.4587,-0.3267,0.0210,-0.0666,0.1365,-0.0405
2026-03-05,XES,2026-04-17,107.00,Call,7.10,10.00,0.4032,0.6468,0.0243,-0.0797,0.1423,0.0745
2026-03-05,XES,2026-04-17,107.00,Put,3.00,5.90,0.4300,-0.3672,0.0235,-0.0644,0.1426,-0.0446
2026-03-05,XES,2026-04-17,108.00,Call,6.80,9.60,0.4186,0.6191,0.0240,-0.0833,0.1458,0.0713
2026-03-05,XES,2026-04-17,108.00,Put,3.00,6.00,0.4036,-0.3882,0.0255,-0.0608,0.1463,-0.0463
2026-03-05,XES,2026-04-17,109.00,Call,6.00,8.90,0.4049,0.5956,0.0252,-0.0817,0.1482,0.0691
2026-03-05,XES,2026-04-17,109.00,Put,3.70,6.80,0.4240,-0.4159,0.0248,-0.0651,0.1490,-0.0495
2026-03-05,XES,2026-04-17,110.00,Call,5.80,8.80,0.4297,0.5693,0.0241,-0.0864,0.1502,0.0658
2026-03-05,XES,2026-04-17,110.00,Put,4.50,7.00,0.4247,-0.4410,0.0250,-0.0656,0.1502,-0.0521
2026-03-05,XES,2026-04-17,111.00,Call,5.00,7.80,0.4029,0.5440,0.0259,-0.0819,0.1515,0.0636
2026-03-05,XES,2026-04-17,111.00,Put,4.60,7.50,0.4111,-0.4670,0.0262,-0.0634,0.1512,-0.0543
2026-03-05,XES,2026-04-17,112.00,Call,4.80,7.80,0.4272,0.5205,0.0246,-0.0860,0.1522,0.0606
2026-03-05,XES,2026-04-17,112.00,Put,5.20,8.00,0.4124,-0.4929,0.0263,-0.0635,0.1521,-0.0566
2026-03-05,XES,2026-04-17,114.00,Call,4.00,6.50,0.4154,0.4698,0.0252,-0.0827,0.1519,0.0552
2026-03-05,XES,2026-04-17,114.00,Put,6.30,9.00,0.4061,-0.5459,0.0267,-0.0612,0.1497,-0.0609
2026-03-05,XES,2026-04-17,115.00,Call,3.00,6.60,0.4119,0.4445,0.0252,-0.0811,0.1508,0.0525
2026-03-05,XES,2026-04-17,115.00,Put,7.00,10.00,0.4222,-0.5665,0.0255,-0.0631,0.1503,-0.0630
2026-03-05,XES,2026-04-17,116.00,Call,3.30,6.00,0.4269,0.4253,0.0242,-0.0827,0.1496,0.0501
2026-03-05,XES,2026-04-17,116.00,Put,7.60,11.00,0.4339,-0.5868,0.0247,-0.0641,0.1468,-0.0648
2026-03-05,XES,2026-04-17,118.00,Call,2.75,5.40,0.4347,0.3832,0.0231,-0.0812,0.1456,0.0453
2026-03-05,XES,2026-04-17,118.00,Put,9.00,12.00,0.4251,-0.6368,0.0245,-0.0594,0.1423,-0.0675
2026-03-05,XES,2026-04-17,120.00,Call,2.25,4.09,0.4138,0.3307,0.0230,-0.0731,0.1382,0.0395
2026-03-05,XES,2026-04-17,120.00,Put,10.19,13.70,0.4279,-0.6801,0.0235,-0.0562,0.1361,-0.0695
2026-03-05,XES,2026-04-17,125.00,Call,1.25,3.80,0.4565,0.2601,0.0187,-0.0707,0.1237,0.0310
2026-03-05,XES,2026-04-17,125.00,Put,14.20,17.50,0.4314,-0.7774,0.0204,-0.0450,0.1110,-0.0700
2026-03-05,XES,2026-04-17,130.00,Call,0.05,1.90,0.4252,0.1659,0.0154,-0.0502,0.0949,0.0201
2026-03-05,XES,2026-04-17,130.00,Put,18.50,21.60,0.4252,-0.8635,0.0168,-0.0302,0.0859,-0.0617
2026-03-05,XES,2026-04-17,135.00,Call,0.20,1.15,0.4063,0.0980,0.0112,-0.0330,0.0658,0.0120
2026-03-05,XES,2026-04-17,135.00,Put,23.00,25.50,0.4063,-0.9417,0.0131,-0.0131,0.0430,-0.0382
2026-03-05,XES,2026-04-17,140.00,Call,0.05,0.85,0.4209,0.0675,0.0081,-0.0256,0.0497,0.0083
2026-03-05,XES,2026-04-17,140.00,Put,27.80,30.80,0.4209,-0.9763,0.0099,-0.0052,0.0217,-0.0166
2026-03-05,XES,2026-04-17,145.00,Call,0.05,0.75,0.4587,0.0569,0.0065,-0.0243,0.0435,0.0069
2026-03-05,XES,2026-04-17,145.00,Put,32.60,35.70,0.4587,-0.9861,0.0072,-0.0040,0.0137,-0.0130
2026-03-06,XES,2026-03-20,75.00,Call,32.70,35.70,1.6396,0.9022,0.0046,-0.1719,0.0356,0.0245
2026-03-06,XES,2026-03-20,75.00,Put,0.00,1.75,1.6396,-0.0919,0.0046,-0.2088,0.0356,-0.0046
2026-03-06,XES,2026-03-20,80.00,Call,27.60,30.70,1.1953,0.9255,0.0054,-0.1383,0.0304,0.0275
2026-03-06,XES,2026-03-20,80.00,Put,0.00,0.75,1.2948,-0.0887,0.0057,-0.1562,0.0345,-0.0042
2026-03-06,XES,2026-03-20,85.00,Call,23.30,25.70,0.7509,0.9560,0.0050,-0.0127,0.0179,0.0312
2026-03-06,XES,2026-03-20,85.00,Put,0.00,0.75,0.9501,-0.0757,0.0069,-0.1015,0.0306,-0.0035
2026-03-06,XES,2026-03-20,90.00,Call,18.10,20.80,0.5782,0.9551,0.0067,-0.0031,0.0182,0.0331
2026-03-06,XES,2026-03-20,90.00,Put,0.00,0.75,0.7793,-0.0898,0.0096,-0.0987,0.0350,-0.0041
2026-03-06,XES,2026-03-20,95.00,Call,13.40,16.00,0.5332,0.9113,0.0132,-0.0297,0.0329,0.0331
2026-03-06,XES,2026-03-20,95.00,Put,0.05,1.75,0.6480,-0.1225,0.0144,-0.1041,0.0438,-0.0055
2026-03-06,XES,2026-03-20,100.00,Call,9.00,11.70,0.5114,0.8187,0.0232,-0.0718,0.0557,0.0309
2026-03-06,XES,2026-03-20,100.00,Put,0.50,1.50,0.5114,-0.1765,0.0236,-0.0982,0.0562,-0.0073
2026-03-06,XES,2026-03-20,105.00,Call,5.10,7.80,0.4709,0.6787,0.0347,-0.1036,0.0766,0.0264
2026-03-06,XES,2026-03-20,105.00,Put,1.80,3.50,0.5298,-0.3302,0.0316,-0.1572,0.0772,-0.0150
2026-03-06,XES,2026-03-20,110.00,Call,2.80,4.90,0.4887,0.4886,0.0374,-0.1309,0.0858,0.0193
2026-03-06,XES,2026-03-20,110.00,Put,3.00,6.00,0.4785,-0.5064,0.0384,-0.1618,0.0858,-0.0233
2026-03-06,XES,2026-03-20,115.00,Call,0.90,3.70,0.5232,0.3288,0.0321,-0.1479,0.0777,0.0130
2026-03-06,XES,2026-03-20,115.00,Put,6.20,9.20,0.4775,-0.6940,0.0348,-0.1187,0.0759,-0.0247
2026-03-06,XES,2026-03-20,120.00,Call,0.75,2.25,0.5773,0.2204,0.0236,-0.1225,0.0639,0.0088
2026-03-06,XES,2026-03-20,120.00,Put,10.10,13.00,0.4637,-0.8318,0.0245,-0.1138,0.0545,-0.0399
2026-03-06,XES,2026-03-20,125.00,Call,0.15,1.75,0.4301,0.0609,0.0129,-0.0374,0.0260,0.0025
2026-03-06,XES,2026-03-20,125.00,Put,14.70,17.20,0.4301,-0.9332,0.0129,-0.0693,0.0260,-0.0460
2026-03-06,XES,2026-03-20,130.00,Call,0.00,1.75,0.8866,0.1813,0.0137,-0.1715,0.0569,0.0070
2026-03-06,XES,2026-03-20,130.00,Put,19.50,22.10,0.4460,-0.9676,0.0063,-0.0513,0.0132,-0.0493
2026-03-06,XES,2026-03-20,135.00,Call,0.00,1.75,1.0043,0.1653,0.0114,-0.1841,0.0536,0.0063
2026-03-06,XES,2026-03-20,135.00,Put,24.50,27.60,0.6626,-0.9343,0.0082,-0.0887,0.0256,-0.0500
2026-03-06,XES,2026-04-17,80.00,Call,27.90,31.00,0.4152,0.9828,0.0018,0.0000,0.0106,0.0906
2026-03-06,XES,2026-04-17,80.00,Put,0.00,0.75,0.6570,-0.0641,0.0051,-0.0366,0.0467,-0.0090
2026-03-06,XES,2026-04-17,85.00,Call,23.30,26.20,0.4599,0.9552,0.0055,-0.0268,0.0349,0.0918
2026-03-06,XES,2026-04-17,85.00,Put,0.15,1.75,0.5906,-0.0863,0.0072,-0.0400,0.0577,-0.0112
2026-03-06,XES,2026-04-17,90.00,Call,18.80,21.60,0.4580,0.9095,0.0095,-0.0405,0.0603,0.0913
2026-03-06,XES,2026-04-17,90.00,Put,0.65,2.10,0.5467,-0.1253,0.0102,-0.0482,0.0752,-0.0161
2026-03-06,XES,2026-04-17,95.00,Call,14.50,17.39,0.4523,0.8364,0.0142,-0.0419,0.0895,0.0876
2026-03-06,XES,2026-04-17,95.00,Put,0.05,2.75,0.4413,-0.1519,0.0142,-0.0466,0.0885,-0.0206
2026-03-06,XES,2026-04-17,98.00,Call,12.20,15.10,0.4523,0.7880,0.0172,-0.0647,0.1074,0.0835
2026-03-06,XES,2026-04-17,98.00,Put,1.00,3.80,0.4717,-0.2204,0.0170,-0.0592,0.1111,-0.0276
2026-03-06,XES,2026-04-17,100.00,Call,10.80,13.50,0.4469,0.7451,0.0189,-0.0571,0.1178,0.0804
2026-03-06,XES,2026-04-17,100.00,Put,1.00,4.20,0.4404,-0.2458,0.0191,-0.0624,0.1151,-0.0337
2026-03-06,XES,2026-04-17,102.00,Call,9.20,12.50,0.4505,0.7012,0.0203,-0.0633,0.1277,0.0764
2026-03-06,XES,2026-04-17,102.00,Put,2.00,5.10,0.4644,-0.2962,0.0199,-0.0722,0.1294,-0.0409
2026-03-06,XES,2026-04-17,104.00,Call,8.00,11.19,0.4533,0.6545,0.0215,-0.0685,0.1359,0.0718
2026-03-06,XES,2026-04-17,104.00,Put,2.35,5.70,0.4424,-0.3392,0.0225,-0.0678,0.1344,-0.0413
2026-03-06,XES,2026-04-17,105.00,Call,7.60,10.50,0.4532,0.6329,0.0220,-0.0704,0.1391,0.0698
2026-03-06,XES,2026-04-17,105.00,Put,3.00,6.10,0.4528,-0.3605,0.0221,-0.0764,0.1406,-0.0499
2026-03-06,XES,2026-04-17,106.00,Call,7.00,10.10,0.4573,0.6132,0.0225,-0.0826,0.1419,0.0674
2026-03-06,XES,2026-04-17,106.00,Put,3.20,6.60,0.4456,-0.3874,0.0234,-0.0711,0.1429,-0.0467
2026-03-06,XES,2026-04-17,107.00,Call,6.50,9.10,0.4429,0.5870,0.0233,-0.0716,0.1440,0.0654
2026-03-06,XES,2026-04-17,107.00,Put,4.00,7.10,0.4602,-0.4076,0.0225,-0.0805,0.1445,-0.0566
2026-03-06,XES,2026-04-17,108.00,Call,6.00,8.60,0.4440,0.5630,0.0235,-0.0730,0.1458,0.0629
2026-03-06,XES,2026-04-17,108.00,Put,4.09,7.60,0.4482,-0.4306,0.0234,-0.0795,0.1451,-0.0598
2026-03-06,XES,2026-04-17,109.00,Call,5.50,8.60,0.4606,0.5397,0.0229,-0.0766,0.1470,0.0603
2026-03-06,XES,2026-04-17,109.00,Put,4.90,7.80,0.4474,-0.4544,0.0237,-0.0800,0.1471,-0.0631
2026-03-06,XES,2026-04-17,111.00,Call,4.50,7.00,0.4340,0.4931,0.0247,-0.0808,0.1478,0.0555
2026-03-06,XES,2026-04-17,111.00,Put,6.20,8.30,0.4332,-0.5038,0.0246,-0.0782,0.1483,-0.0701
2026-03-06,XES,2026-04-17,112.00,Call,4.00,7.30,0.4580,0.4737,0.0234,-0.0846,0.1476,0.0531
2026-03-06,XES,2026-04-17,112.00,Put,6.30,9.60,0.4417,-0.5276,0.0240,-0.0794,0.1473,-0.0735
2026-03-06,XES,2026-04-17,113.00,Call,3.50,6.10,0.4251,0.4398,0.0247,-0.0709,0.1463,0.0502
2026-03-06,XES,2026-04-17,113.00,Put,7.00,10.10,0.4411,-0.5571,0.0245,-0.0711,0.1459,-0.0638
2026-03-06,XES,2026-04-17,115.00,Call,3.00,6.10,0.4582,0.4042,0.0225,-0.0754,0.1438,0.0460
2026-03-06,XES,2026-04-17,115.00,Put,8.50,11.80,0.4642,-0.5955,0.0229,-0.0732,0.1429,-0.0677
2026-03-06,XES,2026-04-17,117.00,Call,2.10,5.50,0.4514,0.3593,0.0221,-0.0720,0.1389,0.0411
2026-03-06,XES,2026-04-17,117.00,Put,9.70,13.20,0.4656,-0.6287,0.0216,-0.0796,0.1397,-0.0878
2026-03-06,XES,2026-04-17,119.00,Call,1.90,4.90,0.4640,0.3273,0.0209,-0.0767,0.1338,0.0373
2026-03-06,XES,2026-04-17,119.00,Put,11.00,14.50,0.4515,-0.6746,0.0212,-0.0736,0.1313,-0.0941
2026-03-06,XES,2026-04-17,120.00,Call,1.30,4.70,0.4535,0.3030,0.0207,-0.0725,0.1295,0.0347
2026-03-06,XES,2026-04-17,120.00,Put,11.80,14.70,0.4322,-0.7154,0.0219,-0.0578,0.1256,-0.0743
2026-03-06,XES,2026-04-17,125.00,Call,0.35,2.35,0.3960,0.1790,0.0176,-0.0445,0.0973,0.0211
2026-03-06,XES,2026-04-17,125.00,Put,15.80,18.50,0.4215,-0.8129,0.0184,-0.0429,0.0994,-0.0742
2026-03-06,XES,2026-04-17,130.00,Call,0.05,2.35,0.4516,0.1482,0.0137,-0.0451,0.0861,0.0174
2026-03-06,XES,2026-04-17,130.00,Put,20.00,23.10,0.4390,-0.8545,0.0135,-0.0454,0.0815,-0.1153
2026-03-06,XES,2026-04-17,135.00,Call,0.35,1.80,0.4990,0.1255,0.0111,-0.0465,0.0765,0.0145
2026-03-06,XES,2026-04-17,135.00,Put,24.60,28.00,0.4457,-0.8983,0.0101,-0.0354,0.0631,-0.1440
2026-03-06,XES,2026-04-17,140.00,Call,0.05,1.75,0.5327,0.1029,0.0090,-0.0429,0.0664,0.0119
2026-03-06,XES,2026-04-17,140.00,Put,29.50,32.79,0.4688,-0.9444,0.0086,-0.0175,0.0420,-0.0511
2026-03-09,XES,2026-03-20,75.00,Call,30.90,33.79,1.8179,0.9010,0.0051,-0.2760,0.0328,0.0192
2026-03-09,XES,2026-03-20,75.00,Put,0.00,1.85,1.8179,-0.0994,0.0051,-0.2642,0.0328,-0.0038
2026-03-09,XES,2026-03-20,85.00,Call,21.20,23.90,0.7336,0.9704,0.0049,-0.0541,0.0127,0.0251
2026-03-09,XES,2026-03-20,85.00,Put,0.00,0.65,0.9782,-0.0737,0.0075,-0.1132,0.0263,-0.0026
2026-03-09,XES,2026-03-20,90.00,Call,16.30,18.70,0.5397,0.9726,0.0062,-0.0417,0.0120,0.0267
2026-03-09,XES,2026-03-20,90.00,Put,0.00,0.75,0.8212,-0.0970,0.0111,-0.1164,0.0323,-0.0034
2026-03-09,XES,2026-03-20,95.00,Call,11.50,13.80,0.4606,0.9537,0.0139,-0.1764,0.0221,0.0272
2026-03-09,XES,2026-03-20,95.00,Put,0.10,0.85,0.4606,-0.0615,0.0144,-0.0385,0.0225,-0.0018
2026-03-09,XES,2026-03-20,100.00,Call,7.00,9.40,0.4422,0.8436,0.0309,-0.2091,0.0472,0.0249
2026-03-09,XES,2026-03-20,100.00,Put,0.55,1.60,0.5017,-0.1963,0.0294,-0.1138,0.0539,-0.0062
2026-03-09,XES,2026-03-20,105.00,Call,3.70,6.10,0.4807,0.6223,0.0420,-0.1619,0.0715,0.0190
2026-03-09,XES,2026-03-20,105.00,Put,1.30,3.40,0.4590,-0.3752,0.0442,-0.1409,0.0716,-0.0115
2026-03-09,XES,2026-03-20,110.00,Call,2.20,3.40,0.5195,0.4213,0.0409,-0.2278,0.0734,0.0128
2026-03-09,XES,2026-03-20,110.00,Put,4.20,6.90,0.5085,-0.6390,0.0480,-0.1014,0.0678,-0.0131
2026-03-09,XES,2026-03-20,115.00,Call,0.05,2.90,0.5441,0.2523,0.0311,-0.1491,0.0601,0.0078
2026-03-09,XES,2026-03-20,115.00,Put,7.50,9.90,0.4762,-0.7861,0.0335,-0.1070,0.0542,-0.0200
2026-03-09,XES,2026-03-20,120.00,Call,0.20,1.75,0.7328,0.2160,0.0216,-0.2082,0.0547,0.0065
2026-03-09,XES,2026-03-20,120.00,Put,11.90,14.40,0.4728,-1.0000,0.0000,0.0000,0.0000,0.0000
2026-03-09,XES,2026-03-20,125.00,Call,0.00,1.75,0.9216,0.1958,0.0159,-0.2160,0.0520,0.0059
2026-03-09,XES,2026-03-20,125.00,Put,16.39,19.20,0.4695,-0.9755,0.0096,-0.0169,0.0109,-0.0095
2026-03-09,XES,2026-03-20,130.00,Call,0.00,1.75,1.0618,0.1787,0.0133,-0.2550,0.0487,0.0052
2026-03-09,XES,2026-03-20,130.00,Put,21.30,24.50,0.6425,-0.9569,0.0089,-0.0415,0.0186,-0.0153
2026-03-09,XES,2026-03-20,135.00,Call,0.00,1.75,1.1921,0.1640,0.0112,-0.2673,0.0461,0.0048
2026-03-09,XES,2026-03-20,135.00,Put,26.30,29.10,1.1965,-0.8730,0.0121,-0.1516,0.0389,-0.0164
2026-03-09,XES,2026-04-17,80.00,Call,26.00,29.10,0.5996,0.9383,0.0053,-0.0245,0.0398,0.0785
2026-03-09,XES,2026-04-17,80.00,Put,0.00,1.75,0.8214,-0.1110,0.0065,-0.0697,0.0664,-0.0146
2026-03-09,XES,2026-04-17,85.00,Call,21.30,24.50,0.5626,0.9060,0.0081,-0.0351,0.0564,0.0798
2026-03-09,XES,2026-04-17,85.00,Put,0.05,1.80,0.5626,-0.0884,0.0081,-0.0406,0.0569,-0.0108
2026-03-09,XES,2026-04-17,90.00,Call,16.80,19.39,0.4824,0.8881,0.0119,-0.0693,0.0695,0.0816
2026-03-09,XES,2026-04-17,90.00,Put,0.75,2.20,0.5385,-0.1407,0.0117,-0.0541,0.0784,-0.0178
2026-03-09,XES,2026-04-17,95.00,Call,12.90,15.40,0.4846,0.8046,0.0168,-0.0851,0.0984,0.0763
2026-03-09,XES,2026-04-17,95.00,Put,0.40,3.00,0.4438,-0.1885,0.0178,-0.0476,0.0935,-0.0205
2026-03-09,XES,2026-04-17,98.00,Call,10.60,13.30,0.4798,0.7463,0.0196,-0.0920,0.1133,0.0721
2026-03-09,XES,2026-04-17,98.00,Put,1.35,4.00,0.4607,-0.2588,0.0206,-0.0588,0.1123,-0.0278
2026-03-09,XES,2026-04-17,100.00,Call,9.20,11.90,0.4747,0.6945,0.0207,-0.0704,0.1219,0.0687
2026-03-09,XES,2026-04-17,100.00,Put,1.80,5.00,0.4685,-0.2985,0.0210,-0.0735,0.1220,-0.0361
2026-03-09,XES,2026-04-17,102.00,Call,8.00,10.69,0.4760,0.6578,0.0225,-0.0985,0.1292,0.0648
2026-03-09,XES,2026-04-17,102.00,Put,2.65,5.80,0.4699,-0.3551,0.0234,-0.0678,0.1292,-0.0371
2026-03-09,XES,2026-04-17,104.00,Call,6.80,9.60,0.4757,0.6020,0.0228,-0.0788,0.1346,0.0606
2026-03-09,XES,2026-04-17,104.00,Put,3.50,6.50,0.4681,-0.3919,0.0233,-0.0814,0.1359,-0.0473
2026-03-09,XES,2026-04-17,106.00,Call,5.70,8.60,0.4738,0.5624,0.0241,-0.1006,0.1381,0.0563
2026-03-09,XES,2026-04-17,106.00,Put,4.60,7.50,0.4687,-0.4548,0.0253,-0.0703,0.1376,-0.0455
2026-03-09,XES,2026-04-17,107.00,Call,5.20,8.10,0.4727,0.5381,0.0244,-0.1003,0.1390,0.0540
2026-03-09,XES,2026-04-17,107.00,Put,5.10,8.00,0.4667,-0.4802,0.0257,-0.0699,0.1386,-0.0476
2026-03-09,XES,2026-04-17,108.00,Call,4.80,7.70,0.4775,0.5074,0.0236,-0.0825,0.1395,0.0517
2026-03-09,XES,2026-04-17,108.00,Put,5.60,8.50,0.4706,-0.4880,0.0240,-0.0848,0.1396,-0.0587
2026-03-09,XES,2026-04-17,109.00,Call,4.40,7.20,0.4756,0.4907,0.0243,-0.0996,0.1395,0.0496
2026-03-09,XES,2026-04-17,109.00,Put,6.20,9.20,0.4693,-0.5301,0.0257,-0.0693,0.1389,-0.0512
2026-03-09,XES,2026-04-17,111.00,Call,3.50,6.40,0.4728,0.4370,0.0235,-0.0811,0.1379,0.0450
2026-03-09,XES,2026-04-17,111.00,Put,7.40,10.30,0.4742,-0.5779,0.0253,-0.0679,0.1353,-0.0541
2026-03-09,XES,2026-04-17,112.00,Call,3.10,6.10,0.4734,0.4206,0.0239,-0.0953,0.1365,0.0429
2026-03-09,XES,2026-04-17,112.00,Put,8.00,11.00,0.4644,-0.6053,0.0256,-0.0645,0.1343,-0.0553
2026-03-09,XES,2026-04-17,113.00,Call,2.95,5.70,0.4786,0.4000,0.0233,-0.0946,0.1348,0.0408
2026-03-09,XES,2026-04-17,113.00,Put,8.60,11.50,0.4553,-0.6331,0.0258,-0.0609,0.1299,-0.0562
2026-03-09,XES,2026-04-17,114.00,Call,2.50,5.40,0.4755,0.3718,0.0225,-0.0786,0.1325,0.0386
2026-03-09,XES,2026-04-17,114.00,Put,9.20,12.20,0.4670,-0.6266,0.0230,-0.0800,0.1348,-0.0742
2026-03-09,XES,2026-04-17,115.00,Call,2.15,5.00,0.4702,0.3486,0.0223,-0.0761,0.1296,0.0363
2026-03-09,XES,2026-04-17,115.00,Put,10.10,13.00,0.4785,-0.6685,0.0239,-0.0614,0.1244,-0.0581
2026-03-09,XES,2026-04-17,117.00,Call,1.55,4.40,0.4661,0.3064,0.0213,-0.0717,0.1230,0.0321
2026-03-09,XES,2026-04-17,117.00,Put,11.50,14.30,0.4717,-0.7151,0.0232,-0.0551,0.1173,-0.0586
2026-03-09,XES,2026-04-17,119.00,Call,1.00,3.90,0.4619,0.2664,0.0201,-0.0666,0.1152,0.0280
2026-03-09,XES,2026-04-17,119.00,Put,12.90,15.80,0.4665,-0.7263,0.0201,-0.0700,0.1183,-0.0841
2026-03-09,XES,2026-04-17,120.00,Call,0.70,3.80,0.4626,0.2526,0.0199,-0.0734,0.1113,0.0263
2026-03-09,XES,2026-04-17,120.00,Put,13.70,16.60,0.4680,-0.7432,0.0194,-0.0679,0.1106,-0.0855
2026-03-09,XES,2026-04-17,125.00,Call,0.05,3.00,0.4755,0.1824,0.0160,-0.0615,0.0921,0.0191
2026-03-09,XES,2026-04-17,125.00,Put,17.70,20.39,0.4755,-0.8577,0.0179,-0.0329,0.0783,-0.0506
2026-03-09,XES,2026-04-17,130.00,Call,0.55,1.95,0.5166,0.1441,0.0124,-0.0518,0.0796,0.0152
2026-03-09,XES,2026-04-17,130.00,Put,22.20,24.80,0.4389,-0.8952,0.0115,-0.0354,0.0609,-0.0910
2026-03-09,XES,2026-04-17,135.00,Call,0.20,1.75,0.5439,0.1128,0.0099,-0.0461,0.0672,0.0119
2026-03-09,XES,2026-04-17,135.00,Put,26.50,29.40,0.3729,-0.9632,0.0057,-0.0128,0.0276,-0.0755
2026-03-09,XES,2026-04-17,140.00,Call,0.00,1.75,0.7094,0.1495,0.0093,-0.0731,0.0816,0.0153
2026-03-09,XES,2026-04-17,140.00,Put,31.20,34.29,0.7094,-0.8470,0.0094,-0.0737,0.0812,-0.0967
2026-03-09,XES,2026-04-17,145.00,Call,0.00,1.75,0.7700,0.1408,0.0082,-0.0763,0.0784,0.0143
2026-03-09,XES,2026-04-17,145.00,Put,36.10,39.20,0.7700,-0.8850,0.0091,-0.0506,0.0671,-0.0617
